nohup: ignoring input
cwd is /home/jh94030/scripts/python/postdoc_project/rxfire/analysis/step1_BurnDataClean 
cwd is /home/jh94030/scripts/python/postdoc_project/rxfire/data/SE_permit_data_2010-2020 
Processing for the year of 2010
14 Fires are out of state for Florida
793 Fires are less than or equal to 0 acres for Florida
#Total > 0 acres: 23919
FL
#Total: 23919
#Total after merged: 23852
Saved FL_2010_permits.csv
0 Fires are out of state for Alabama
0 Fires are less than or equal to 0 acres for Alabama
#Total > 0 acres: 0
AL
#Total: 0
#Total after merged: 0
0 Fires are out of state for Mississippi
21 Fires are less than or equal to 0 acres for Mississippi
#Total > 0 acres: 801
MS
#Total: 801
#Total after merged: 801
Saved MS_2010_permits.csv
12 Fires are out of state for Georgia
52081 Fires are less than or equal to 0 acres for Georgia
#Total > 0 acres: 59481
GA
#Total: 59481
#Total after merged: 33614
Saved GA_2010_permits.csv
0 Fires are out of state for Tennessee
0 Fires are less than or equal to 0 acres for Tennessee
#Total > 0 acres: 0
TN
#Total: 0
#Total after merged: 0
5 Fires are out of state for South Carolina
12 Fires are less than or equal to 0 acres for South Carolina
#Total > 0 acres: 13437
SC
#Total: 13437
#Total after merged: 10054
Saved SC_2010_permits.csv
0 Fires are out of state for North Carolina
0 Fires are less than or equal to 0 acres for North Carolina
#Total > 0 acres: 0
NC
#Total: 0
#Total after merged: 0
Processing for the year of 2011
13 Fires are out of state for Florida
482 Fires are less than or equal to 0 acres for Florida
#Total > 0 acres: 20731
FL
#Total: 20731
#Total after merged: 20669
Saved FL_2011_permits.csv
3 Fires are out of state for Alabama
0 Fires are less than or equal to 0 acres for Alabama
#Total > 0 acres: 15170
AL
#Total: 15170
#Total after merged: 14983
Saved AL_2011_permits.csv
0 Fires are out of state for Mississippi
116 Fires are less than or equal to 0 acres for Mississippi
#Total > 0 acres: 3823
MS
#Total: 3823
#Total after merged: 3823
Saved MS_2011_permits.csv
2 Fires are out of state for Georgia
85 Fires are less than or equal to 0 acres for Georgia
#Total > 0 acres: 89815
GA
#Total: 89815
#Total after merged: 40699
Saved GA_2011_permits.csv
0 Fires are out of state for Tennessee
47 Fires are less than or equal to 0 acres for Tennessee
#Total > 0 acres: 0
TN
#Total: 0
#Total after merged: 0
9 Fires are out of state for South Carolina
25 Fires are less than or equal to 0 acres for South Carolina
#Total > 0 acres: 15298
SC
#Total: 15298
#Total after merged: 11682
Saved SC_2011_permits.csv
0 Fires are out of state for North Carolina
0 Fires are less than or equal to 0 acres for North Carolina
#Total > 0 acres: 0
NC
#Total: 0
#Total after merged: 0
Processing for the year of 2012
15 Fires are out of state for Florida
392 Fires are less than or equal to 0 acres for Florida
#Total > 0 acres: 21807
FL
#Total: 21807
#Total after merged: 21750
Saved FL_2012_permits.csv
8 Fires are out of state for Alabama
0 Fires are less than or equal to 0 acres for Alabama
#Total > 0 acres: 13204
AL
#Total: 13204
#Total after merged: 13022
Saved AL_2012_permits.csv
1 Fires are out of state for Mississippi
113 Fires are less than or equal to 0 acres for Mississippi
#Total > 0 acres: 3823
MS
#Total: 3823
#Total after merged: 3823
Saved MS_2012_permits.csv
9 Fires are out of state for Georgia
77 Fires are less than or equal to 0 acres for Georgia
#Total > 0 acres: 82589
GA
#Total: 82589
#Total after merged: 42041
Saved GA_2012_permits.csv
0 Fires are out of state for Tennessee
60 Fires are less than or equal to 0 acres for Tennessee
#Total > 0 acres: 1049
TN
#Total: 1049
#Total after merged: 1045
Saved TN_2012_permits.csv
6 Fires are out of state for South Carolina
32 Fires are less than or equal to 0 acres for South Carolina
#Total > 0 acres: 14615
SC
#Total: 14615
#Total after merged: 10651
Saved SC_2012_permits.csv
0 Fires are out of state for North Carolina
0 Fires are less than or equal to 0 acres for North Carolina
#Total > 0 acres: 0
NC
#Total: 0
#Total after merged: 0
Processing for the year of 2013
21 Fires are out of state for Florida
302 Fires are less than or equal to 0 acres for Florida
#Total > 0 acres: 23960
FL
#Total: 23960
#Total after merged: 23889
Saved FL_2013_permits.csv
6 Fires are out of state for Alabama
0 Fires are less than or equal to 0 acres for Alabama
#Total > 0 acres: 14253
AL
#Total: 14253
#Total after merged: 13841
Saved AL_2013_permits.csv
0 Fires are out of state for Mississippi
50 Fires are less than or equal to 0 acres for Mississippi
#Total > 0 acres: 3851
MS
#Total: 3851
#Total after merged: 3851
Saved MS_2013_permits.csv
11 Fires are out of state for Georgia
468 Fires are less than or equal to 0 acres for Georgia
#Total > 0 acres: 86360
GA
#Total: 86360
#Total after merged: 42918
Saved GA_2013_permits.csv
0 Fires are out of state for Tennessee
0 Fires are less than or equal to 0 acres for Tennessee
#Total > 0 acres: 2883
TN
#Total: 2883
#Total after merged: 2869
Saved TN_2013_permits.csv
2 Fires are out of state for South Carolina
20 Fires are less than or equal to 0 acres for South Carolina
#Total > 0 acres: 15319
SC
#Total: 15319
#Total after merged: 11260
Saved SC_2013_permits.csv
0 Fires are out of state for North Carolina
0 Fires are less than or equal to 0 acres for North Carolina
#Total > 0 acres: 0
NC
#Total: 0
#Total after merged: 0
Processing for the year of 2014
24 Fires are out of state for Florida
374 Fires are less than or equal to 0 acres for Florida
#Total > 0 acres: 23546
FL
#Total: 23546
#Total after merged: 23462
Saved FL_2014_permits.csv
5 Fires are out of state for Alabama
0 Fires are less than or equal to 0 acres for Alabama
#Total > 0 acres: 14330
AL
#Total: 14330
#Total after merged: 14119
Saved AL_2014_permits.csv
0 Fires are out of state for Mississippi
4 Fires are less than or equal to 0 acres for Mississippi
#Total > 0 acres: 4185
MS
#Total: 4185
#Total after merged: 4185
Saved MS_2014_permits.csv
8 Fires are out of state for Georgia
1714 Fires are less than or equal to 0 acres for Georgia
#Total > 0 acres: 80414
GA
#Total: 80414
#Total after merged: 42393
Saved GA_2014_permits.csv
0 Fires are out of state for Tennessee
0 Fires are less than or equal to 0 acres for Tennessee
#Total > 0 acres: 3280
TN
#Total: 3280
#Total after merged: 3274
Saved TN_2014_permits.csv
1 Fires are out of state for South Carolina
98 Fires are less than or equal to 0 acres for South Carolina
#Total > 0 acres: 12445
SC
#Total: 12445
#Total after merged: 8692
Saved SC_2014_permits.csv
0 Fires are out of state for North Carolina
0 Fires are less than or equal to 0 acres for North Carolina
#Total > 0 acres: 686
NC
#Total: 686
#Total after merged: 672
Saved NC_2014_permits.csv
Processing for the year of 2015
24 Fires are out of state for Florida
329 Fires are less than or equal to 0 acres for Florida
#Total > 0 acres: 23931
FL
#Total: 23931
#Total after merged: 23831
Saved FL_2015_permits.csv
4 Fires are out of state for Alabama
0 Fires are less than or equal to 0 acres for Alabama
#Total > 0 acres: 11956
AL
#Total: 11956
#Total after merged: 11863
Saved AL_2015_permits.csv
0 Fires are out of state for Mississippi
3 Fires are less than or equal to 0 acres for Mississippi
#Total > 0 acres: 3335
MS
#Total: 3335
#Total after merged: 3332
Saved MS_2015_permits.csv
7 Fires are out of state for Georgia
55 Fires are less than or equal to 0 acres for Georgia
#Total > 0 acres: 70642
GA
#Total: 70642
#Total after merged: 37823
Saved GA_2015_permits.csv
0 Fires are out of state for Tennessee
0 Fires are less than or equal to 0 acres for Tennessee
#Total > 0 acres: 2446
TN
#Total: 2446
#Total after merged: 2440
Saved TN_2015_permits.csv
0 Fires are out of state for South Carolina
34 Fires are less than or equal to 0 acres for South Carolina
#Total > 0 acres: 10511
SC
#Total: 10511
#Total after merged: 7305
Saved SC_2015_permits.csv
0 Fires are out of state for North Carolina
1 Fires are less than or equal to 0 acres for North Carolina
#Total > 0 acres: 779
NC
#Total: 779
#Total after merged: 763
Saved NC_2015_permits.csv
Processing for the year of 2016
32 Fires are out of state for Florida
295 Fires are less than or equal to 0 acres for Florida
#Total > 0 acres: 24882
FL
#Total: 24882
#Total after merged: 24808
Saved FL_2016_permits.csv
2 Fires are out of state for Alabama
0 Fires are less than or equal to 0 acres for Alabama
#Total > 0 acres: 11708
AL
#Total: 11708
#Total after merged: 11677
Saved AL_2016_permits.csv
0 Fires are out of state for Mississippi
12 Fires are less than or equal to 0 acres for Mississippi
#Total > 0 acres: 3876
MS
#Total: 3876
#Total after merged: 3809
Saved MS_2016_permits.csv
15 Fires are out of state for Georgia
0 Fires are less than or equal to 0 acres for Georgia
#Total > 0 acres: 73218
GA
#Total: 73218
#Total after merged: 37422
Saved GA_2016_permits.csv
0 Fires are out of state for Tennessee
0 Fires are less than or equal to 0 acres for Tennessee
#Total > 0 acres: 2200
TN
#Total: 2200
#Total after merged: 2198
Saved TN_2016_permits.csv
4 Fires are out of state for South Carolina
20 Fires are less than or equal to 0 acres for South Carolina
#Total > 0 acres: 10625
SC
#Total: 10625
#Total after merged: 7514
Saved SC_2016_permits.csv
0 Fires are out of state for North Carolina
4 Fires are less than or equal to 0 acres for North Carolina
#Total > 0 acres: 899
NC
#Total: 899
#Total after merged: 889
Saved NC_2016_permits.csv
Processing for the year of 2017
47 Fires are out of state for Florida
218 Fires are less than or equal to 0 acres for Florida
#Total > 0 acres: 14949
FL
#Total: 14949
#Total after merged: 14875
Saved FL_2017_permits.csv
1 Fires are out of state for Alabama
0 Fires are less than or equal to 0 acres for Alabama
#Total > 0 acres: 12435
AL
#Total: 12435
#Total after merged: 12396
Saved AL_2017_permits.csv
0 Fires are out of state for Mississippi
0 Fires are less than or equal to 0 acres for Mississippi
#Total > 0 acres: 3795
MS
#Total: 3795
#Total after merged: 3742
Saved MS_2017_permits.csv
3 Fires are out of state for Georgia
1 Fires are less than or equal to 0 acres for Georgia
#Total > 0 acres: 83455
GA
#Total: 83455
#Total after merged: 46356
Saved GA_2017_permits.csv
0 Fires are out of state for Tennessee
0 Fires are less than or equal to 0 acres for Tennessee
#Total > 0 acres: 4439
TN
#Total: 4439
#Total after merged: 2850
Saved TN_2017_permits.csv
6 Fires are out of state for South Carolina
18 Fires are less than or equal to 0 acres for South Carolina
#Total > 0 acres: 12585
SC
#Total: 12585
#Total after merged: 9139
Saved SC_2017_permits.csv
0 Fires are out of state for North Carolina
0 Fires are less than or equal to 0 acres for North Carolina
#Total > 0 acres: 950
NC
#Total: 950
#Total after merged: 933
Saved NC_2017_permits.csv
Processing for the year of 2018
53 Fires are out of state for Florida
381 Fires are less than or equal to 0 acres for Florida
#Total > 0 acres: 21327
FL
#Total: 21327
#Total after merged: 21259
Saved FL_2018_permits.csv
4 Fires are out of state for Alabama
0 Fires are less than or equal to 0 acres for Alabama
#Total > 0 acres: 11981
AL
#Total: 11981
#Total after merged: 11937
Saved AL_2018_permits.csv
0 Fires are out of state for Mississippi
0 Fires are less than or equal to 0 acres for Mississippi
#Total > 0 acres: 3162
MS
#Total: 3162
#Total after merged: 3148
Saved MS_2018_permits.csv
11 Fires are out of state for Georgia
0 Fires are less than or equal to 0 acres for Georgia
#Total > 0 acres: 44361
GA
#Total: 44361
#Total after merged: 42981
Saved GA_2018_permits.csv
6 Fires are out of state for Tennessee
0 Fires are less than or equal to 0 acres for Tennessee
#Total > 0 acres: 3975
TN
#Total: 3975
#Total after merged: 2001
Saved TN_2018_permits.csv
7 Fires are out of state for South Carolina
19 Fires are less than or equal to 0 acres for South Carolina
#Total > 0 acres: 10958
SC
#Total: 10958
#Total after merged: 8148
Saved SC_2018_permits.csv
1 Fires are out of state for North Carolina
2 Fires are less than or equal to 0 acres for North Carolina
#Total > 0 acres: 824
NC
#Total: 824
#Total after merged: 809
Saved NC_2018_permits.csv
Processing for the year of 2019
30 Fires are out of state for Florida
68672 Fires are less than or equal to 0 acres for Florida
#Total > 0 acres: 19197
FL
#Total: 19197
#Total after merged: 16726
Saved FL_2019_permits.csv
9 Fires are out of state for Alabama
0 Fires are less than or equal to 0 acres for Alabama
#Total > 0 acres: 12288
AL
#Total: 12288
#Total after merged: 12234
Saved AL_2019_permits.csv
0 Fires are out of state for Mississippi
0 Fires are less than or equal to 0 acres for Mississippi
#Total > 0 acres: 3335
MS
#Total: 3335
#Total after merged: 3319
Saved MS_2019_permits.csv
21 Fires are out of state for Georgia
0 Fires are less than or equal to 0 acres for Georgia
#Total > 0 acres: 50173
GA
#Total: 50173
#Total after merged: 38679
Saved GA_2019_permits.csv
0 Fires are out of state for Tennessee
0 Fires are less than or equal to 0 acres for Tennessee
#Total > 0 acres: 4559
TN
#Total: 4559
#Total after merged: 2296
Saved TN_2019_permits.csv
8 Fires are out of state for South Carolina
31 Fires are less than or equal to 0 acres for South Carolina
#Total > 0 acres: 10459
SC
#Total: 10459
#Total after merged: 7681
Saved SC_2019_permits.csv
4 Fires are out of state for North Carolina
2 Fires are less than or equal to 0 acres for North Carolina
#Total > 0 acres: 959
NC
#Total: 959
#Total after merged: 951
Saved NC_2019_permits.csv
Processing for the year of 2020
34 Fires are out of state for Florida
71289 Fires are less than or equal to 0 acres for Florida
#Total > 0 acres: 18807
FL
#Total: 18807
#Total after merged: 16418
Saved FL_2020_permits.csv
10 Fires are out of state for Alabama
0 Fires are less than or equal to 0 acres for Alabama
#Total > 0 acres: 11260
AL
#Total: 11260
#Total after merged: 11197
Saved AL_2020_permits.csv
0 Fires are out of state for Mississippi
0 Fires are less than or equal to 0 acres for Mississippi
#Total > 0 acres: 3093
MS
#Total: 3093
#Total after merged: 3085
Saved MS_2020_permits.csv
10 Fires are out of state for Georgia
0 Fires are less than or equal to 0 acres for Georgia
#Total > 0 acres: 44899
GA
#Total: 44899
#Total after merged: 43843
Saved GA_2020_permits.csv
8 Fires are out of state for Tennessee
0 Fires are less than or equal to 0 acres for Tennessee
#Total > 0 acres: 1180
TN
#Total: 1180
#Total after merged: 589
Saved TN_2020_permits.csv
8 Fires are out of state for South Carolina
19 Fires are less than or equal to 0 acres for South Carolina
#Total > 0 acres: 8787
SC
#Total: 8787
#Total after merged: 6391
Saved SC_2020_permits.csv
1 Fires are out of state for North Carolina
3 Fires are less than or equal to 0 acres for North Carolina
#Total > 0 acres: 639
NC
#Total: 639
#Total after merged: 631
Saved NC_2020_permits.csv
File exists.
FL
#Total: 23852
File not found.
File exists.
MS
#Total: 801
File exists.
GA
#Total: 33614
In GA, Too small: 398, set the buffer length as 15m
In GA, Too small: 649, set the buffer length as 15m
In GA, Too small: 1536, set the buffer length as 15m
In GA, Too small: 1787, set the buffer length as 15m
In GA, Too small: 2230, set the buffer length as 15m
In GA, Too small: 2650, set the buffer length as 15m
In GA, Too small: 4020, set the buffer length as 15m
In GA, Too small: 6137, set the buffer length as 15m
In GA, Too small: 6664, set the buffer length as 15m
In GA, Too small: 6782, set the buffer length as 15m
In GA, Too small: 6811, set the buffer length as 15m
In GA, Too small: 6855, set the buffer length as 15m
In GA, Too small: 8832, set the buffer length as 15m
In GA, Too small: 8836, set the buffer length as 15m
In GA, Too small: 8851, set the buffer length as 15m
In GA, Too small: 8923, set the buffer length as 15m
In GA, Too small: 11088, set the buffer length as 15m
In GA, Too small: 11598, set the buffer length as 15m
In GA, Too small: 11988, set the buffer length as 15m
In GA, Too small: 12351, set the buffer length as 15m
In GA, Too small: 13035, set the buffer length as 15m
In GA, Too small: 14765, set the buffer length as 15m
In GA, Too small: 14928, set the buffer length as 15m
In GA, Too small: 17668, set the buffer length as 15m
In GA, Too small: 18932, set the buffer length as 15m
In GA, Too small: 19434, set the buffer length as 15m
In GA, Too small: 20336, set the buffer length as 15m
In GA, Too small: 20787, set the buffer length as 15m
In GA, Too small: 21929, set the buffer length as 15m
In GA, Too small: 21997, set the buffer length as 15m
In GA, Too small: 23083, set the buffer length as 15m
In GA, Too small: 23131, set the buffer length as 15m
In GA, Too small: 23248, set the buffer length as 15m
In GA, Too small: 23693, set the buffer length as 15m
In GA, Too small: 23695, set the buffer length as 15m
In GA, Too small: 23989, set the buffer length as 15m
In GA, Too small: 24203, set the buffer length as 15m
In GA, Too small: 24291, set the buffer length as 15m
In GA, Too small: 24724, set the buffer length as 15m
In GA, Too small: 25079, set the buffer length as 15m
File not found.
File exists.
SC
#Total: 10054
In SC, Too small: 79, set the buffer length as 15m
In SC, Too small: 159, set the buffer length as 15m
In SC, Too small: 707, set the buffer length as 15m
In SC, Too small: 1181, set the buffer length as 15m
In SC, Too small: 1448, set the buffer length as 15m
In SC, Too small: 1558, set the buffer length as 15m
In SC, Too small: 2312, set the buffer length as 15m
In SC, Too small: 2372, set the buffer length as 15m
In SC, Too small: 2518, set the buffer length as 15m
In SC, Too small: 2692, set the buffer length as 15m
In SC, Too small: 3010, set the buffer length as 15m
In SC, Too small: 3012, set the buffer length as 15m
In SC, Too small: 3829, set the buffer length as 15m
In SC, Too small: 3927, set the buffer length as 15m
In SC, Too small: 4189, set the buffer length as 15m
In SC, Too small: 4617, set the buffer length as 15m
In SC, Too small: 6059, set the buffer length as 15m
In SC, Too small: 6147, set the buffer length as 15m
In SC, Too small: 6306, set the buffer length as 15m
In SC, Too small: 6556, set the buffer length as 15m
In SC, Too small: 6617, set the buffer length as 15m
In SC, Too small: 6618, set the buffer length as 15m
In SC, Too small: 7404, set the buffer length as 15m
In SC, Too small: 8020, set the buffer length as 15m
In SC, Too small: 8054, set the buffer length as 15m
In SC, Too small: 8064, set the buffer length as 15m
In SC, Too small: 8065, set the buffer length as 15m
In SC, Too small: 8081, set the buffer length as 15m
In SC, Too small: 8163, set the buffer length as 15m
In SC, Too small: 8284, set the buffer length as 15m
In SC, Too small: 8300, set the buffer length as 15m
In SC, Too small: 8399, set the buffer length as 15m
In SC, Too small: 8445, set the buffer length as 15m
In SC, Too small: 8579, set the buffer length as 15m
In SC, Too small: 8620, set the buffer length as 15m
In SC, Too small: 8723, set the buffer length as 15m
In SC, Too small: 8776, set the buffer length as 15m
In SC, Too small: 8911, set the buffer length as 15m
In SC, Too small: 9057, set the buffer length as 15m
In SC, Too small: 9182, set the buffer length as 15m
In SC, Too small: 9242, set the buffer length as 15m
In SC, Too small: 9331, set the buffer length as 15m
In SC, Too small: 9378, set the buffer length as 15m
In SC, Too small: 9424, set the buffer length as 15m
File not found.
File exists.
FL
#Total: 20669
File exists.
AL
#Total: 14983
In AL, Too small: 6707, set the buffer length as 15m
In AL, Too small: 6981, set the buffer length as 15m
In AL, Too small: 6996, set the buffer length as 15m
In AL, Too small: 8376, set the buffer length as 15m
In AL, Too small: 8614, set the buffer length as 15m
In AL, Too small: 9123, set the buffer length as 15m
In AL, Too small: 10515, set the buffer length as 15m
In AL, Too small: 10622, set the buffer length as 15m
In AL, Too small: 11920, set the buffer length as 15m
In AL, Too small: 13599, set the buffer length as 15m
In AL, Too small: 13874, set the buffer length as 15m
In AL, Too small: 14185, set the buffer length as 15m
In AL, Too small: 14826, set the buffer length as 15m
File exists.
MS
#Total: 3823
File exists.
GA
#Total: 40699
File not found.
File exists.
SC
#Total: 11682
In SC, Too small: 404, set the buffer length as 15m
In SC, Too small: 1040, set the buffer length as 15m
In SC, Too small: 1795, set the buffer length as 15m
In SC, Too small: 2906, set the buffer length as 15m
In SC, Too small: 3824, set the buffer length as 15m
In SC, Too small: 4342, set the buffer length as 15m
In SC, Too small: 5475, set the buffer length as 15m
In SC, Too small: 5876, set the buffer length as 15m
In SC, Too small: 6086, set the buffer length as 15m
In SC, Too small: 6838, set the buffer length as 15m
In SC, Too small: 6853, set the buffer length as 15m
In SC, Too small: 7245, set the buffer length as 15m
In SC, Too small: 8087, set the buffer length as 15m
In SC, Too small: 8111, set the buffer length as 15m
In SC, Too small: 8273, set the buffer length as 15m
In SC, Too small: 8557, set the buffer length as 15m
In SC, Too small: 9068, set the buffer length as 15m
In SC, Too small: 9187, set the buffer length as 15m
In SC, Too small: 9601, set the buffer length as 15m
In SC, Too small: 9691, set the buffer length as 15m
In SC, Too small: 10071, set the buffer length as 15m
In SC, Too small: 10078, set the buffer length as 15m
In SC, Too small: 10183, set the buffer length as 15m
In SC, Too small: 10410, set the buffer length as 15m
In SC, Too small: 10666, set the buffer length as 15m
In SC, Too small: 10683, set the buffer length as 15m
In SC, Too small: 10710, set the buffer length as 15m
In SC, Too small: 10792, set the buffer length as 15m
In SC, Too small: 10800, set the buffer length as 15m
In SC, Too small: 10873, set the buffer length as 15m
In SC, Too small: 10962, set the buffer length as 15m
In SC, Too small: 11302, set the buffer length as 15m
In SC, Too small: 11324, set the buffer length as 15m
In SC, Too small: 11629, set the buffer length as 15m
File not found.
File exists.
FL
#Total: 21750
File exists.
AL
#Total: 13022
In AL, Too small: 2, set the buffer length as 15m
In AL, Too small: 3260, set the buffer length as 15m
In AL, Too small: 5093, set the buffer length as 15m
In AL, Too small: 5358, set the buffer length as 15m
In AL, Too small: 7306, set the buffer length as 15m
In AL, Too small: 7761, set the buffer length as 15m
File exists.
MS
#Total: 3823
File exists.
GA
#Total: 42041
File exists.
TN
#Total: 1045
In TN, Too small: 15, set the buffer length as 15m
In TN, Too small: 18, set the buffer length as 15m
In TN, Too small: 20, set the buffer length as 15m
In TN, Too small: 22, set the buffer length as 15m
In TN, Too small: 25, set the buffer length as 15m
In TN, Too small: 26, set the buffer length as 15m
In TN, Too small: 28, set the buffer length as 15m
In TN, Too small: 32, set the buffer length as 15m
In TN, Too small: 34, set the buffer length as 15m
In TN, Too small: 37, set the buffer length as 15m
In TN, Too small: 39, set the buffer length as 15m
In TN, Too small: 40, set the buffer length as 15m
In TN, Too small: 41, set the buffer length as 15m
In TN, Too small: 43, set the buffer length as 15m
In TN, Too small: 44, set the buffer length as 15m
In TN, Too small: 45, set the buffer length as 15m
In TN, Too small: 46, set the buffer length as 15m
In TN, Too small: 47, set the buffer length as 15m
In TN, Too small: 48, set the buffer length as 15m
In TN, Too small: 49, set the buffer length as 15m
In TN, Too small: 51, set the buffer length as 15m
In TN, Too small: 52, set the buffer length as 15m
In TN, Too small: 54, set the buffer length as 15m
In TN, Too small: 56, set the buffer length as 15m
In TN, Too small: 57, set the buffer length as 15m
In TN, Too small: 59, set the buffer length as 15m
In TN, Too small: 60, set the buffer length as 15m
In TN, Too small: 61, set the buffer length as 15m
In TN, Too small: 62, set the buffer length as 15m
In TN, Too small: 63, set the buffer length as 15m
In TN, Too small: 64, set the buffer length as 15m
In TN, Too small: 65, set the buffer length as 15m
In TN, Too small: 66, set the buffer length as 15m
In TN, Too small: 67, set the buffer length as 15m
In TN, Too small: 69, set the buffer length as 15m
In TN, Too small: 70, set the buffer length as 15m
In TN, Too small: 71, set the buffer length as 15m
In TN, Too small: 72, set the buffer length as 15m
In TN, Too small: 73, set the buffer length as 15m
In TN, Too small: 74, set the buffer length as 15m
In TN, Too small: 75, set the buffer length as 15m
In TN, Too small: 76, set the buffer length as 15m
In TN, Too small: 78, set the buffer length as 15m
In TN, Too small: 79, set the buffer length as 15m
In TN, Too small: 80, set the buffer length as 15m
In TN, Too small: 81, set the buffer length as 15m
In TN, Too small: 82, set the buffer length as 15m
In TN, Too small: 84, set the buffer length as 15m
In TN, Too small: 85, set the buffer length as 15m
In TN, Too small: 86, set the buffer length as 15m
In TN, Too small: 87, set the buffer length as 15m
In TN, Too small: 88, set the buffer length as 15m
In TN, Too small: 89, set the buffer length as 15m
In TN, Too small: 90, set the buffer length as 15m
In TN, Too small: 93, set the buffer length as 15m
In TN, Too small: 94, set the buffer length as 15m
In TN, Too small: 95, set the buffer length as 15m
In TN, Too small: 97, set the buffer length as 15m
In TN, Too small: 99, set the buffer length as 15m
In TN, Too small: 100, set the buffer length as 15m
In TN, Too small: 101, set the buffer length as 15m
In TN, Too small: 102, set the buffer length as 15m
In TN, Too small: 103, set the buffer length as 15m
In TN, Too small: 104, set the buffer length as 15m
In TN, Too small: 107, set the buffer length as 15m
In TN, Too small: 114, set the buffer length as 15m
In TN, Too small: 115, set the buffer length as 15m
In TN, Too small: 118, set the buffer length as 15m
In TN, Too small: 119, set the buffer length as 15m
In TN, Too small: 121, set the buffer length as 15m
In TN, Too small: 122, set the buffer length as 15m
In TN, Too small: 123, set the buffer length as 15m
In TN, Too small: 124, set the buffer length as 15m
In TN, Too small: 126, set the buffer length as 15m
In TN, Too small: 127, set the buffer length as 15m
In TN, Too small: 128, set the buffer length as 15m
In TN, Too small: 129, set the buffer length as 15m
In TN, Too small: 131, set the buffer length as 15m
In TN, Too small: 134, set the buffer length as 15m
In TN, Too small: 135, set the buffer length as 15m
In TN, Too small: 136, set the buffer length as 15m
In TN, Too small: 137, set the buffer length as 15m
In TN, Too small: 139, set the buffer length as 15m
In TN, Too small: 141, set the buffer length as 15m
In TN, Too small: 144, set the buffer length as 15m
In TN, Too small: 146, set the buffer length as 15m
In TN, Too small: 147, set the buffer length as 15m
In TN, Too small: 149, set the buffer length as 15m
In TN, Too small: 150, set the buffer length as 15m
In TN, Too small: 153, set the buffer length as 15m
In TN, Too small: 154, set the buffer length as 15m
In TN, Too small: 155, set the buffer length as 15m
In TN, Too small: 156, set the buffer length as 15m
In TN, Too small: 157, set the buffer length as 15m
In TN, Too small: 158, set the buffer length as 15m
In TN, Too small: 163, set the buffer length as 15m
In TN, Too small: 164, set the buffer length as 15m
In TN, Too small: 166, set the buffer length as 15m
In TN, Too small: 168, set the buffer length as 15m
In TN, Too small: 169, set the buffer length as 15m
In TN, Too small: 172, set the buffer length as 15m
In TN, Too small: 173, set the buffer length as 15m
In TN, Too small: 177, set the buffer length as 15m
In TN, Too small: 178, set the buffer length as 15m
In TN, Too small: 181, set the buffer length as 15m
In TN, Too small: 182, set the buffer length as 15m
In TN, Too small: 183, set the buffer length as 15m
In TN, Too small: 184, set the buffer length as 15m
In TN, Too small: 185, set the buffer length as 15m
In TN, Too small: 186, set the buffer length as 15m
In TN, Too small: 187, set the buffer length as 15m
In TN, Too small: 188, set the buffer length as 15m
In TN, Too small: 189, set the buffer length as 15m
In TN, Too small: 191, set the buffer length as 15m
In TN, Too small: 192, set the buffer length as 15m
In TN, Too small: 193, set the buffer length as 15m
In TN, Too small: 195, set the buffer length as 15m
In TN, Too small: 196, set the buffer length as 15m
In TN, Too small: 197, set the buffer length as 15m
In TN, Too small: 198, set the buffer length as 15m
In TN, Too small: 199, set the buffer length as 15m
In TN, Too small: 200, set the buffer length as 15m
In TN, Too small: 202, set the buffer length as 15m
In TN, Too small: 204, set the buffer length as 15m
In TN, Too small: 205, set the buffer length as 15m
In TN, Too small: 206, set the buffer length as 15m
In TN, Too small: 207, set the buffer length as 15m
In TN, Too small: 208, set the buffer length as 15m
In TN, Too small: 209, set the buffer length as 15m
In TN, Too small: 210, set the buffer length as 15m
In TN, Too small: 211, set the buffer length as 15m
In TN, Too small: 212, set the buffer length as 15m
In TN, Too small: 213, set the buffer length as 15m
In TN, Too small: 214, set the buffer length as 15m
In TN, Too small: 215, set the buffer length as 15m
In TN, Too small: 216, set the buffer length as 15m
In TN, Too small: 217, set the buffer length as 15m
In TN, Too small: 218, set the buffer length as 15m
In TN, Too small: 219, set the buffer length as 15m
In TN, Too small: 220, set the buffer length as 15m
In TN, Too small: 222, set the buffer length as 15m
In TN, Too small: 224, set the buffer length as 15m
In TN, Too small: 225, set the buffer length as 15m
In TN, Too small: 226, set the buffer length as 15m
In TN, Too small: 227, set the buffer length as 15m
In TN, Too small: 228, set the buffer length as 15m
In TN, Too small: 229, set the buffer length as 15m
In TN, Too small: 230, set the buffer length as 15m
In TN, Too small: 232, set the buffer length as 15m
In TN, Too small: 234, set the buffer length as 15m
In TN, Too small: 236, set the buffer length as 15m
In TN, Too small: 237, set the buffer length as 15m
In TN, Too small: 239, set the buffer length as 15m
In TN, Too small: 240, set the buffer length as 15m
In TN, Too small: 241, set the buffer length as 15m
In TN, Too small: 243, set the buffer length as 15m
In TN, Too small: 244, set the buffer length as 15m
In TN, Too small: 245, set the buffer length as 15m
In TN, Too small: 246, set the buffer length as 15m
In TN, Too small: 247, set the buffer length as 15m
In TN, Too small: 248, set the buffer length as 15m
In TN, Too small: 249, set the buffer length as 15m
In TN, Too small: 250, set the buffer length as 15m
In TN, Too small: 251, set the buffer length as 15m
In TN, Too small: 252, set the buffer length as 15m
In TN, Too small: 254, set the buffer length as 15m
In TN, Too small: 255, set the buffer length as 15m
In TN, Too small: 258, set the buffer length as 15m
In TN, Too small: 259, set the buffer length as 15m
In TN, Too small: 260, set the buffer length as 15m
In TN, Too small: 261, set the buffer length as 15m
In TN, Too small: 263, set the buffer length as 15m
In TN, Too small: 264, set the buffer length as 15m
In TN, Too small: 265, set the buffer length as 15m
In TN, Too small: 267, set the buffer length as 15m
In TN, Too small: 269, set the buffer length as 15m
In TN, Too small: 270, set the buffer length as 15m
In TN, Too small: 271, set the buffer length as 15m
In TN, Too small: 272, set the buffer length as 15m
In TN, Too small: 273, set the buffer length as 15m
In TN, Too small: 275, set the buffer length as 15m
In TN, Too small: 276, set the buffer length as 15m
In TN, Too small: 278, set the buffer length as 15m
In TN, Too small: 279, set the buffer length as 15m
In TN, Too small: 280, set the buffer length as 15m
In TN, Too small: 281, set the buffer length as 15m
In TN, Too small: 282, set the buffer length as 15m
In TN, Too small: 283, set the buffer length as 15m
In TN, Too small: 287, set the buffer length as 15m
In TN, Too small: 288, set the buffer length as 15m
In TN, Too small: 289, set the buffer length as 15m
In TN, Too small: 290, set the buffer length as 15m
In TN, Too small: 291, set the buffer length as 15m
In TN, Too small: 292, set the buffer length as 15m
In TN, Too small: 293, set the buffer length as 15m
In TN, Too small: 296, set the buffer length as 15m
In TN, Too small: 297, set the buffer length as 15m
In TN, Too small: 299, set the buffer length as 15m
In TN, Too small: 300, set the buffer length as 15m
In TN, Too small: 301, set the buffer length as 15m
In TN, Too small: 302, set the buffer length as 15m
In TN, Too small: 303, set the buffer length as 15m
In TN, Too small: 304, set the buffer length as 15m
In TN, Too small: 305, set the buffer length as 15m
In TN, Too small: 307, set the buffer length as 15m
In TN, Too small: 308, set the buffer length as 15m
In TN, Too small: 309, set the buffer length as 15m
In TN, Too small: 310, set the buffer length as 15m
In TN, Too small: 311, set the buffer length as 15m
In TN, Too small: 312, set the buffer length as 15m
In TN, Too small: 313, set the buffer length as 15m
In TN, Too small: 314, set the buffer length as 15m
In TN, Too small: 315, set the buffer length as 15m
In TN, Too small: 317, set the buffer length as 15m
In TN, Too small: 320, set the buffer length as 15m
In TN, Too small: 321, set the buffer length as 15m
In TN, Too small: 322, set the buffer length as 15m
In TN, Too small: 323, set the buffer length as 15m
In TN, Too small: 324, set the buffer length as 15m
In TN, Too small: 325, set the buffer length as 15m
In TN, Too small: 326, set the buffer length as 15m
In TN, Too small: 327, set the buffer length as 15m
In TN, Too small: 328, set the buffer length as 15m
In TN, Too small: 329, set the buffer length as 15m
In TN, Too small: 331, set the buffer length as 15m
In TN, Too small: 332, set the buffer length as 15m
In TN, Too small: 333, set the buffer length as 15m
In TN, Too small: 335, set the buffer length as 15m
In TN, Too small: 336, set the buffer length as 15m
In TN, Too small: 337, set the buffer length as 15m
In TN, Too small: 338, set the buffer length as 15m
In TN, Too small: 339, set the buffer length as 15m
In TN, Too small: 340, set the buffer length as 15m
In TN, Too small: 341, set the buffer length as 15m
In TN, Too small: 342, set the buffer length as 15m
In TN, Too small: 343, set the buffer length as 15m
In TN, Too small: 344, set the buffer length as 15m
In TN, Too small: 345, set the buffer length as 15m
In TN, Too small: 346, set the buffer length as 15m
In TN, Too small: 347, set the buffer length as 15m
In TN, Too small: 348, set the buffer length as 15m
In TN, Too small: 349, set the buffer length as 15m
In TN, Too small: 350, set the buffer length as 15m
In TN, Too small: 351, set the buffer length as 15m
In TN, Too small: 352, set the buffer length as 15m
In TN, Too small: 353, set the buffer length as 15m
In TN, Too small: 354, set the buffer length as 15m
In TN, Too small: 355, set the buffer length as 15m
In TN, Too small: 356, set the buffer length as 15m
In TN, Too small: 359, set the buffer length as 15m
In TN, Too small: 360, set the buffer length as 15m
In TN, Too small: 361, set the buffer length as 15m
In TN, Too small: 362, set the buffer length as 15m
In TN, Too small: 363, set the buffer length as 15m
In TN, Too small: 364, set the buffer length as 15m
In TN, Too small: 365, set the buffer length as 15m
In TN, Too small: 366, set the buffer length as 15m
In TN, Too small: 368, set the buffer length as 15m
In TN, Too small: 371, set the buffer length as 15m
In TN, Too small: 372, set the buffer length as 15m
In TN, Too small: 373, set the buffer length as 15m
In TN, Too small: 374, set the buffer length as 15m
In TN, Too small: 376, set the buffer length as 15m
In TN, Too small: 377, set the buffer length as 15m
In TN, Too small: 378, set the buffer length as 15m
In TN, Too small: 379, set the buffer length as 15m
In TN, Too small: 380, set the buffer length as 15m
In TN, Too small: 381, set the buffer length as 15m
In TN, Too small: 383, set the buffer length as 15m
In TN, Too small: 384, set the buffer length as 15m
In TN, Too small: 385, set the buffer length as 15m
In TN, Too small: 386, set the buffer length as 15m
In TN, Too small: 387, set the buffer length as 15m
In TN, Too small: 388, set the buffer length as 15m
In TN, Too small: 390, set the buffer length as 15m
In TN, Too small: 391, set the buffer length as 15m
In TN, Too small: 392, set the buffer length as 15m
In TN, Too small: 393, set the buffer length as 15m
In TN, Too small: 394, set the buffer length as 15m
In TN, Too small: 395, set the buffer length as 15m
In TN, Too small: 396, set the buffer length as 15m
In TN, Too small: 397, set the buffer length as 15m
In TN, Too small: 398, set the buffer length as 15m
In TN, Too small: 399, set the buffer length as 15m
In TN, Too small: 400, set the buffer length as 15m
In TN, Too small: 401, set the buffer length as 15m
In TN, Too small: 402, set the buffer length as 15m
In TN, Too small: 403, set the buffer length as 15m
In TN, Too small: 404, set the buffer length as 15m
In TN, Too small: 405, set the buffer length as 15m
In TN, Too small: 406, set the buffer length as 15m
In TN, Too small: 407, set the buffer length as 15m
In TN, Too small: 408, set the buffer length as 15m
In TN, Too small: 410, set the buffer length as 15m
In TN, Too small: 413, set the buffer length as 15m
In TN, Too small: 415, set the buffer length as 15m
In TN, Too small: 416, set the buffer length as 15m
In TN, Too small: 417, set the buffer length as 15m
In TN, Too small: 418, set the buffer length as 15m
In TN, Too small: 420, set the buffer length as 15m
In TN, Too small: 421, set the buffer length as 15m
In TN, Too small: 422, set the buffer length as 15m
In TN, Too small: 423, set the buffer length as 15m
In TN, Too small: 424, set the buffer length as 15m
In TN, Too small: 425, set the buffer length as 15m
In TN, Too small: 426, set the buffer length as 15m
In TN, Too small: 427, set the buffer length as 15m
In TN, Too small: 428, set the buffer length as 15m
In TN, Too small: 430, set the buffer length as 15m
In TN, Too small: 431, set the buffer length as 15m
In TN, Too small: 432, set the buffer length as 15m
In TN, Too small: 433, set the buffer length as 15m
In TN, Too small: 434, set the buffer length as 15m
In TN, Too small: 435, set the buffer length as 15m
In TN, Too small: 438, set the buffer length as 15m
In TN, Too small: 439, set the buffer length as 15m
In TN, Too small: 440, set the buffer length as 15m
In TN, Too small: 441, set the buffer length as 15m
In TN, Too small: 442, set the buffer length as 15m
In TN, Too small: 443, set the buffer length as 15m
In TN, Too small: 444, set the buffer length as 15m
In TN, Too small: 445, set the buffer length as 15m
In TN, Too small: 446, set the buffer length as 15m
In TN, Too small: 448, set the buffer length as 15m
In TN, Too small: 449, set the buffer length as 15m
In TN, Too small: 450, set the buffer length as 15m
In TN, Too small: 451, set the buffer length as 15m
In TN, Too small: 452, set the buffer length as 15m
In TN, Too small: 454, set the buffer length as 15m
In TN, Too small: 455, set the buffer length as 15m
In TN, Too small: 456, set the buffer length as 15m
In TN, Too small: 457, set the buffer length as 15m
In TN, Too small: 458, set the buffer length as 15m
In TN, Too small: 459, set the buffer length as 15m
In TN, Too small: 460, set the buffer length as 15m
In TN, Too small: 461, set the buffer length as 15m
In TN, Too small: 462, set the buffer length as 15m
In TN, Too small: 464, set the buffer length as 15m
In TN, Too small: 465, set the buffer length as 15m
In TN, Too small: 467, set the buffer length as 15m
In TN, Too small: 468, set the buffer length as 15m
In TN, Too small: 469, set the buffer length as 15m
In TN, Too small: 470, set the buffer length as 15m
In TN, Too small: 471, set the buffer length as 15m
In TN, Too small: 473, set the buffer length as 15m
In TN, Too small: 475, set the buffer length as 15m
In TN, Too small: 476, set the buffer length as 15m
In TN, Too small: 478, set the buffer length as 15m
In TN, Too small: 479, set the buffer length as 15m
In TN, Too small: 480, set the buffer length as 15m
In TN, Too small: 481, set the buffer length as 15m
In TN, Too small: 482, set the buffer length as 15m
In TN, Too small: 484, set the buffer length as 15m
In TN, Too small: 486, set the buffer length as 15m
In TN, Too small: 487, set the buffer length as 15m
In TN, Too small: 490, set the buffer length as 15m
In TN, Too small: 491, set the buffer length as 15m
In TN, Too small: 494, set the buffer length as 15m
In TN, Too small: 495, set the buffer length as 15m
In TN, Too small: 496, set the buffer length as 15m
In TN, Too small: 497, set the buffer length as 15m
In TN, Too small: 498, set the buffer length as 15m
In TN, Too small: 499, set the buffer length as 15m
In TN, Too small: 500, set the buffer length as 15m
In TN, Too small: 501, set the buffer length as 15m
In TN, Too small: 502, set the buffer length as 15m
In TN, Too small: 504, set the buffer length as 15m
In TN, Too small: 505, set the buffer length as 15m
In TN, Too small: 506, set the buffer length as 15m
In TN, Too small: 507, set the buffer length as 15m
In TN, Too small: 509, set the buffer length as 15m
In TN, Too small: 510, set the buffer length as 15m
In TN, Too small: 511, set the buffer length as 15m
In TN, Too small: 512, set the buffer length as 15m
In TN, Too small: 514, set the buffer length as 15m
In TN, Too small: 515, set the buffer length as 15m
In TN, Too small: 516, set the buffer length as 15m
In TN, Too small: 517, set the buffer length as 15m
In TN, Too small: 518, set the buffer length as 15m
In TN, Too small: 519, set the buffer length as 15m
In TN, Too small: 520, set the buffer length as 15m
In TN, Too small: 521, set the buffer length as 15m
In TN, Too small: 522, set the buffer length as 15m
In TN, Too small: 523, set the buffer length as 15m
In TN, Too small: 524, set the buffer length as 15m
In TN, Too small: 525, set the buffer length as 15m
In TN, Too small: 527, set the buffer length as 15m
In TN, Too small: 529, set the buffer length as 15m
In TN, Too small: 530, set the buffer length as 15m
In TN, Too small: 531, set the buffer length as 15m
In TN, Too small: 532, set the buffer length as 15m
In TN, Too small: 535, set the buffer length as 15m
In TN, Too small: 536, set the buffer length as 15m
In TN, Too small: 537, set the buffer length as 15m
In TN, Too small: 539, set the buffer length as 15m
In TN, Too small: 540, set the buffer length as 15m
In TN, Too small: 542, set the buffer length as 15m
In TN, Too small: 543, set the buffer length as 15m
In TN, Too small: 544, set the buffer length as 15m
In TN, Too small: 545, set the buffer length as 15m
In TN, Too small: 546, set the buffer length as 15m
In TN, Too small: 547, set the buffer length as 15m
In TN, Too small: 548, set the buffer length as 15m
In TN, Too small: 549, set the buffer length as 15m
In TN, Too small: 550, set the buffer length as 15m
In TN, Too small: 551, set the buffer length as 15m
In TN, Too small: 552, set the buffer length as 15m
In TN, Too small: 553, set the buffer length as 15m
In TN, Too small: 554, set the buffer length as 15m
In TN, Too small: 556, set the buffer length as 15m
In TN, Too small: 558, set the buffer length as 15m
In TN, Too small: 559, set the buffer length as 15m
In TN, Too small: 560, set the buffer length as 15m
In TN, Too small: 561, set the buffer length as 15m
In TN, Too small: 562, set the buffer length as 15m
In TN, Too small: 563, set the buffer length as 15m
In TN, Too small: 564, set the buffer length as 15m
In TN, Too small: 565, set the buffer length as 15m
In TN, Too small: 567, set the buffer length as 15m
In TN, Too small: 568, set the buffer length as 15m
In TN, Too small: 570, set the buffer length as 15m
In TN, Too small: 571, set the buffer length as 15m
In TN, Too small: 573, set the buffer length as 15m
In TN, Too small: 574, set the buffer length as 15m
In TN, Too small: 575, set the buffer length as 15m
In TN, Too small: 576, set the buffer length as 15m
In TN, Too small: 577, set the buffer length as 15m
In TN, Too small: 578, set the buffer length as 15m
In TN, Too small: 579, set the buffer length as 15m
In TN, Too small: 580, set the buffer length as 15m
In TN, Too small: 581, set the buffer length as 15m
In TN, Too small: 582, set the buffer length as 15m
In TN, Too small: 583, set the buffer length as 15m
In TN, Too small: 584, set the buffer length as 15m
In TN, Too small: 586, set the buffer length as 15m
In TN, Too small: 588, set the buffer length as 15m
In TN, Too small: 589, set the buffer length as 15m
In TN, Too small: 590, set the buffer length as 15m
In TN, Too small: 591, set the buffer length as 15m
In TN, Too small: 592, set the buffer length as 15m
In TN, Too small: 593, set the buffer length as 15m
In TN, Too small: 594, set the buffer length as 15m
In TN, Too small: 596, set the buffer length as 15m
In TN, Too small: 597, set the buffer length as 15m
In TN, Too small: 598, set the buffer length as 15m
In TN, Too small: 599, set the buffer length as 15m
In TN, Too small: 600, set the buffer length as 15m
In TN, Too small: 602, set the buffer length as 15m
In TN, Too small: 603, set the buffer length as 15m
In TN, Too small: 605, set the buffer length as 15m
In TN, Too small: 607, set the buffer length as 15m
In TN, Too small: 609, set the buffer length as 15m
In TN, Too small: 610, set the buffer length as 15m
In TN, Too small: 612, set the buffer length as 15m
In TN, Too small: 613, set the buffer length as 15m
In TN, Too small: 615, set the buffer length as 15m
In TN, Too small: 616, set the buffer length as 15m
In TN, Too small: 617, set the buffer length as 15m
In TN, Too small: 618, set the buffer length as 15m
In TN, Too small: 619, set the buffer length as 15m
In TN, Too small: 621, set the buffer length as 15m
In TN, Too small: 622, set the buffer length as 15m
In TN, Too small: 623, set the buffer length as 15m
In TN, Too small: 624, set the buffer length as 15m
In TN, Too small: 626, set the buffer length as 15m
In TN, Too small: 627, set the buffer length as 15m
In TN, Too small: 628, set the buffer length as 15m
In TN, Too small: 629, set the buffer length as 15m
In TN, Too small: 630, set the buffer length as 15m
In TN, Too small: 631, set the buffer length as 15m
In TN, Too small: 632, set the buffer length as 15m
In TN, Too small: 636, set the buffer length as 15m
In TN, Too small: 638, set the buffer length as 15m
In TN, Too small: 639, set the buffer length as 15m
In TN, Too small: 640, set the buffer length as 15m
In TN, Too small: 641, set the buffer length as 15m
In TN, Too small: 642, set the buffer length as 15m
In TN, Too small: 643, set the buffer length as 15m
In TN, Too small: 644, set the buffer length as 15m
In TN, Too small: 645, set the buffer length as 15m
In TN, Too small: 647, set the buffer length as 15m
In TN, Too small: 649, set the buffer length as 15m
In TN, Too small: 652, set the buffer length as 15m
In TN, Too small: 653, set the buffer length as 15m
In TN, Too small: 654, set the buffer length as 15m
In TN, Too small: 656, set the buffer length as 15m
In TN, Too small: 658, set the buffer length as 15m
In TN, Too small: 659, set the buffer length as 15m
In TN, Too small: 660, set the buffer length as 15m
In TN, Too small: 661, set the buffer length as 15m
In TN, Too small: 662, set the buffer length as 15m
In TN, Too small: 663, set the buffer length as 15m
In TN, Too small: 664, set the buffer length as 15m
In TN, Too small: 666, set the buffer length as 15m
In TN, Too small: 667, set the buffer length as 15m
In TN, Too small: 668, set the buffer length as 15m
In TN, Too small: 669, set the buffer length as 15m
In TN, Too small: 671, set the buffer length as 15m
In TN, Too small: 673, set the buffer length as 15m
In TN, Too small: 675, set the buffer length as 15m
In TN, Too small: 676, set the buffer length as 15m
In TN, Too small: 677, set the buffer length as 15m
In TN, Too small: 680, set the buffer length as 15m
In TN, Too small: 681, set the buffer length as 15m
In TN, Too small: 682, set the buffer length as 15m
In TN, Too small: 683, set the buffer length as 15m
In TN, Too small: 684, set the buffer length as 15m
In TN, Too small: 685, set the buffer length as 15m
In TN, Too small: 686, set the buffer length as 15m
In TN, Too small: 687, set the buffer length as 15m
In TN, Too small: 689, set the buffer length as 15m
In TN, Too small: 690, set the buffer length as 15m
In TN, Too small: 691, set the buffer length as 15m
In TN, Too small: 692, set the buffer length as 15m
In TN, Too small: 693, set the buffer length as 15m
In TN, Too small: 694, set the buffer length as 15m
In TN, Too small: 695, set the buffer length as 15m
In TN, Too small: 696, set the buffer length as 15m
In TN, Too small: 699, set the buffer length as 15m
In TN, Too small: 701, set the buffer length as 15m
In TN, Too small: 702, set the buffer length as 15m
In TN, Too small: 703, set the buffer length as 15m
In TN, Too small: 705, set the buffer length as 15m
In TN, Too small: 706, set the buffer length as 15m
In TN, Too small: 707, set the buffer length as 15m
In TN, Too small: 708, set the buffer length as 15m
In TN, Too small: 709, set the buffer length as 15m
In TN, Too small: 711, set the buffer length as 15m
In TN, Too small: 712, set the buffer length as 15m
In TN, Too small: 713, set the buffer length as 15m
In TN, Too small: 714, set the buffer length as 15m
In TN, Too small: 715, set the buffer length as 15m
In TN, Too small: 716, set the buffer length as 15m
In TN, Too small: 717, set the buffer length as 15m
In TN, Too small: 722, set the buffer length as 15m
In TN, Too small: 723, set the buffer length as 15m
In TN, Too small: 725, set the buffer length as 15m
In TN, Too small: 728, set the buffer length as 15m
In TN, Too small: 730, set the buffer length as 15m
In TN, Too small: 732, set the buffer length as 15m
In TN, Too small: 733, set the buffer length as 15m
In TN, Too small: 734, set the buffer length as 15m
In TN, Too small: 735, set the buffer length as 15m
In TN, Too small: 737, set the buffer length as 15m
In TN, Too small: 738, set the buffer length as 15m
In TN, Too small: 740, set the buffer length as 15m
In TN, Too small: 744, set the buffer length as 15m
In TN, Too small: 746, set the buffer length as 15m
In TN, Too small: 747, set the buffer length as 15m
In TN, Too small: 748, set the buffer length as 15m
In TN, Too small: 749, set the buffer length as 15m
In TN, Too small: 751, set the buffer length as 15m
In TN, Too small: 752, set the buffer length as 15m
In TN, Too small: 753, set the buffer length as 15m
In TN, Too small: 754, set the buffer length as 15m
In TN, Too small: 755, set the buffer length as 15m
In TN, Too small: 756, set the buffer length as 15m
In TN, Too small: 757, set the buffer length as 15m
In TN, Too small: 758, set the buffer length as 15m
In TN, Too small: 761, set the buffer length as 15m
In TN, Too small: 763, set the buffer length as 15m
In TN, Too small: 765, set the buffer length as 15m
In TN, Too small: 767, set the buffer length as 15m
In TN, Too small: 768, set the buffer length as 15m
In TN, Too small: 769, set the buffer length as 15m
In TN, Too small: 770, set the buffer length as 15m
In TN, Too small: 771, set the buffer length as 15m
In TN, Too small: 774, set the buffer length as 15m
In TN, Too small: 775, set the buffer length as 15m
In TN, Too small: 776, set the buffer length as 15m
In TN, Too small: 777, set the buffer length as 15m
In TN, Too small: 778, set the buffer length as 15m
In TN, Too small: 780, set the buffer length as 15m
In TN, Too small: 781, set the buffer length as 15m
In TN, Too small: 786, set the buffer length as 15m
In TN, Too small: 787, set the buffer length as 15m
In TN, Too small: 788, set the buffer length as 15m
In TN, Too small: 792, set the buffer length as 15m
In TN, Too small: 793, set the buffer length as 15m
In TN, Too small: 794, set the buffer length as 15m
In TN, Too small: 795, set the buffer length as 15m
In TN, Too small: 798, set the buffer length as 15m
In TN, Too small: 799, set the buffer length as 15m
In TN, Too small: 800, set the buffer length as 15m
In TN, Too small: 803, set the buffer length as 15m
In TN, Too small: 804, set the buffer length as 15m
In TN, Too small: 805, set the buffer length as 15m
In TN, Too small: 807, set the buffer length as 15m
In TN, Too small: 809, set the buffer length as 15m
In TN, Too small: 810, set the buffer length as 15m
In TN, Too small: 811, set the buffer length as 15m
In TN, Too small: 812, set the buffer length as 15m
In TN, Too small: 814, set the buffer length as 15m
In TN, Too small: 816, set the buffer length as 15m
In TN, Too small: 817, set the buffer length as 15m
In TN, Too small: 818, set the buffer length as 15m
In TN, Too small: 822, set the buffer length as 15m
In TN, Too small: 823, set the buffer length as 15m
In TN, Too small: 825, set the buffer length as 15m
In TN, Too small: 827, set the buffer length as 15m
In TN, Too small: 830, set the buffer length as 15m
In TN, Too small: 831, set the buffer length as 15m
In TN, Too small: 832, set the buffer length as 15m
In TN, Too small: 833, set the buffer length as 15m
In TN, Too small: 834, set the buffer length as 15m
In TN, Too small: 835, set the buffer length as 15m
In TN, Too small: 836, set the buffer length as 15m
In TN, Too small: 837, set the buffer length as 15m
In TN, Too small: 838, set the buffer length as 15m
In TN, Too small: 839, set the buffer length as 15m
In TN, Too small: 840, set the buffer length as 15m
In TN, Too small: 842, set the buffer length as 15m
In TN, Too small: 844, set the buffer length as 15m
In TN, Too small: 845, set the buffer length as 15m
In TN, Too small: 846, set the buffer length as 15m
In TN, Too small: 847, set the buffer length as 15m
In TN, Too small: 848, set the buffer length as 15m
In TN, Too small: 849, set the buffer length as 15m
In TN, Too small: 850, set the buffer length as 15m
In TN, Too small: 851, set the buffer length as 15m
In TN, Too small: 852, set the buffer length as 15m
In TN, Too small: 854, set the buffer length as 15m
In TN, Too small: 855, set the buffer length as 15m
In TN, Too small: 856, set the buffer length as 15m
In TN, Too small: 857, set the buffer length as 15m
In TN, Too small: 858, set the buffer length as 15m
In TN, Too small: 859, set the buffer length as 15m
In TN, Too small: 860, set the buffer length as 15m
In TN, Too small: 862, set the buffer length as 15m
In TN, Too small: 863, set the buffer length as 15m
In TN, Too small: 864, set the buffer length as 15m
In TN, Too small: 865, set the buffer length as 15m
In TN, Too small: 866, set the buffer length as 15m
In TN, Too small: 867, set the buffer length as 15m
In TN, Too small: 868, set the buffer length as 15m
In TN, Too small: 869, set the buffer length as 15m
In TN, Too small: 870, set the buffer length as 15m
In TN, Too small: 871, set the buffer length as 15m
In TN, Too small: 872, set the buffer length as 15m
In TN, Too small: 873, set the buffer length as 15m
In TN, Too small: 874, set the buffer length as 15m
In TN, Too small: 875, set the buffer length as 15m
In TN, Too small: 876, set the buffer length as 15m
In TN, Too small: 877, set the buffer length as 15m
In TN, Too small: 878, set the buffer length as 15m
In TN, Too small: 879, set the buffer length as 15m
In TN, Too small: 880, set the buffer length as 15m
In TN, Too small: 881, set the buffer length as 15m
In TN, Too small: 882, set the buffer length as 15m
In TN, Too small: 883, set the buffer length as 15m
In TN, Too small: 884, set the buffer length as 15m
In TN, Too small: 885, set the buffer length as 15m
In TN, Too small: 886, set the buffer length as 15m
In TN, Too small: 887, set the buffer length as 15m
In TN, Too small: 888, set the buffer length as 15m
In TN, Too small: 890, set the buffer length as 15m
In TN, Too small: 891, set the buffer length as 15m
In TN, Too small: 892, set the buffer length as 15m
In TN, Too small: 893, set the buffer length as 15m
In TN, Too small: 894, set the buffer length as 15m
In TN, Too small: 895, set the buffer length as 15m
In TN, Too small: 896, set the buffer length as 15m
In TN, Too small: 897, set the buffer length as 15m
In TN, Too small: 898, set the buffer length as 15m
In TN, Too small: 900, set the buffer length as 15m
In TN, Too small: 901, set the buffer length as 15m
In TN, Too small: 902, set the buffer length as 15m
In TN, Too small: 903, set the buffer length as 15m
In TN, Too small: 904, set the buffer length as 15m
In TN, Too small: 905, set the buffer length as 15m
In TN, Too small: 906, set the buffer length as 15m
In TN, Too small: 907, set the buffer length as 15m
In TN, Too small: 909, set the buffer length as 15m
In TN, Too small: 910, set the buffer length as 15m
In TN, Too small: 911, set the buffer length as 15m
In TN, Too small: 912, set the buffer length as 15m
In TN, Too small: 913, set the buffer length as 15m
In TN, Too small: 914, set the buffer length as 15m
In TN, Too small: 915, set the buffer length as 15m
In TN, Too small: 916, set the buffer length as 15m
In TN, Too small: 917, set the buffer length as 15m
In TN, Too small: 918, set the buffer length as 15m
In TN, Too small: 919, set the buffer length as 15m
In TN, Too small: 921, set the buffer length as 15m
In TN, Too small: 922, set the buffer length as 15m
In TN, Too small: 924, set the buffer length as 15m
In TN, Too small: 925, set the buffer length as 15m
In TN, Too small: 926, set the buffer length as 15m
In TN, Too small: 927, set the buffer length as 15m
In TN, Too small: 928, set the buffer length as 15m
In TN, Too small: 929, set the buffer length as 15m
In TN, Too small: 930, set the buffer length as 15m
In TN, Too small: 931, set the buffer length as 15m
In TN, Too small: 932, set the buffer length as 15m
In TN, Too small: 933, set the buffer length as 15m
In TN, Too small: 934, set the buffer length as 15m
In TN, Too small: 935, set the buffer length as 15m
In TN, Too small: 936, set the buffer length as 15m
In TN, Too small: 937, set the buffer length as 15m
In TN, Too small: 938, set the buffer length as 15m
In TN, Too small: 939, set the buffer length as 15m
In TN, Too small: 940, set the buffer length as 15m
In TN, Too small: 941, set the buffer length as 15m
In TN, Too small: 942, set the buffer length as 15m
In TN, Too small: 943, set the buffer length as 15m
In TN, Too small: 944, set the buffer length as 15m
In TN, Too small: 945, set the buffer length as 15m
In TN, Too small: 946, set the buffer length as 15m
In TN, Too small: 947, set the buffer length as 15m
In TN, Too small: 949, set the buffer length as 15m
In TN, Too small: 952, set the buffer length as 15m
In TN, Too small: 953, set the buffer length as 15m
In TN, Too small: 954, set the buffer length as 15m
In TN, Too small: 955, set the buffer length as 15m
In TN, Too small: 957, set the buffer length as 15m
In TN, Too small: 958, set the buffer length as 15m
In TN, Too small: 959, set the buffer length as 15m
In TN, Too small: 960, set the buffer length as 15m
In TN, Too small: 961, set the buffer length as 15m
In TN, Too small: 962, set the buffer length as 15m
In TN, Too small: 964, set the buffer length as 15m
In TN, Too small: 965, set the buffer length as 15m
In TN, Too small: 966, set the buffer length as 15m
In TN, Too small: 967, set the buffer length as 15m
In TN, Too small: 970, set the buffer length as 15m
In TN, Too small: 973, set the buffer length as 15m
In TN, Too small: 974, set the buffer length as 15m
In TN, Too small: 975, set the buffer length as 15m
In TN, Too small: 976, set the buffer length as 15m
In TN, Too small: 978, set the buffer length as 15m
In TN, Too small: 980, set the buffer length as 15m
In TN, Too small: 981, set the buffer length as 15m
In TN, Too small: 982, set the buffer length as 15m
In TN, Too small: 983, set the buffer length as 15m
In TN, Too small: 984, set the buffer length as 15m
In TN, Too small: 985, set the buffer length as 15m
In TN, Too small: 986, set the buffer length as 15m
In TN, Too small: 987, set the buffer length as 15m
In TN, Too small: 988, set the buffer length as 15m
In TN, Too small: 989, set the buffer length as 15m
In TN, Too small: 990, set the buffer length as 15m
In TN, Too small: 991, set the buffer length as 15m
In TN, Too small: 993, set the buffer length as 15m
In TN, Too small: 994, set the buffer length as 15m
In TN, Too small: 995, set the buffer length as 15m
In TN, Too small: 996, set the buffer length as 15m
In TN, Too small: 998, set the buffer length as 15m
In TN, Too small: 999, set the buffer length as 15m
In TN, Too small: 1000, set the buffer length as 15m
In TN, Too small: 1002, set the buffer length as 15m
In TN, Too small: 1003, set the buffer length as 15m
In TN, Too small: 1005, set the buffer length as 15m
In TN, Too small: 1006, set the buffer length as 15m
In TN, Too small: 1007, set the buffer length as 15m
In TN, Too small: 1008, set the buffer length as 15m
In TN, Too small: 1009, set the buffer length as 15m
In TN, Too small: 1010, set the buffer length as 15m
In TN, Too small: 1011, set the buffer length as 15m
In TN, Too small: 1012, set the buffer length as 15m
In TN, Too small: 1013, set the buffer length as 15m
In TN, Too small: 1017, set the buffer length as 15m
In TN, Too small: 1018, set the buffer length as 15m
In TN, Too small: 1019, set the buffer length as 15m
In TN, Too small: 1021, set the buffer length as 15m
In TN, Too small: 1022, set the buffer length as 15m
In TN, Too small: 1027, set the buffer length as 15m
In TN, Too small: 1028, set the buffer length as 15m
In TN, Too small: 1029, set the buffer length as 15m
In TN, Too small: 1030, set the buffer length as 15m
In TN, Too small: 1032, set the buffer length as 15m
In TN, Too small: 1033, set the buffer length as 15m
In TN, Too small: 1034, set the buffer length as 15m
In TN, Too small: 1035, set the buffer length as 15m
In TN, Too small: 1037, set the buffer length as 15m
In TN, Too small: 1038, set the buffer length as 15m
In TN, Too small: 1041, set the buffer length as 15m
In TN, Too small: 1042, set the buffer length as 15m
In TN, Too small: 1043, set the buffer length as 15m
In TN, Too small: 1044, set the buffer length as 15m
In TN, Too small: 1045, set the buffer length as 15m
File exists.
SC
#Total: 10651
In SC, Too small: 437, set the buffer length as 15m
In SC, Too small: 662, set the buffer length as 15m
In SC, Too small: 830, set the buffer length as 15m
In SC, Too small: 1016, set the buffer length as 15m
In SC, Too small: 1346, set the buffer length as 15m
In SC, Too small: 1416, set the buffer length as 15m
In SC, Too small: 1479, set the buffer length as 15m
In SC, Too small: 1568, set the buffer length as 15m
In SC, Too small: 1583, set the buffer length as 15m
In SC, Too small: 1979, set the buffer length as 15m
In SC, Too small: 2331, set the buffer length as 15m
In SC, Too small: 3081, set the buffer length as 15m
In SC, Too small: 5078, set the buffer length as 15m
In SC, Too small: 5445, set the buffer length as 15m
In SC, Too small: 5500, set the buffer length as 15m
In SC, Too small: 6409, set the buffer length as 15m
In SC, Too small: 6637, set the buffer length as 15m
In SC, Too small: 7324, set the buffer length as 15m
In SC, Too small: 7562, set the buffer length as 15m
In SC, Too small: 7576, set the buffer length as 15m
In SC, Too small: 7627, set the buffer length as 15m
In SC, Too small: 7738, set the buffer length as 15m
In SC, Too small: 7767, set the buffer length as 15m
In SC, Too small: 8165, set the buffer length as 15m
In SC, Too small: 8237, set the buffer length as 15m
In SC, Too small: 8995, set the buffer length as 15m
In SC, Too small: 9264, set the buffer length as 15m
In SC, Too small: 9331, set the buffer length as 15m
In SC, Too small: 9433, set the buffer length as 15m
In SC, Too small: 9544, set the buffer length as 15m
In SC, Too small: 9618, set the buffer length as 15m
In SC, Too small: 9754, set the buffer length as 15m
In SC, Too small: 9797, set the buffer length as 15m
In SC, Too small: 9937, set the buffer length as 15m
In SC, Too small: 9999, set the buffer length as 15m
In SC, Too small: 10333, set the buffer length as 15m
In SC, Too small: 10338, set the buffer length as 15m
In SC, Too small: 10375, set the buffer length as 15m
In SC, Too small: 10489, set the buffer length as 15m
File not found.
File exists.
FL
#Total: 23889
File exists.
AL
#Total: 13841
In AL, Too small: 8376, set the buffer length as 15m
In AL, Too small: 10533, set the buffer length as 15m
In AL, Too small: 10711, set the buffer length as 15m
File exists.
MS
#Total: 3851
File exists.
GA
#Total: 42918
File exists.
TN
#Total: 2869
In TN, Too small: 1, set the buffer length as 15m
In TN, Too small: 2, set the buffer length as 15m
In TN, Too small: 3, set the buffer length as 15m
In TN, Too small: 4, set the buffer length as 15m
In TN, Too small: 5, set the buffer length as 15m
In TN, Too small: 6, set the buffer length as 15m
In TN, Too small: 7, set the buffer length as 15m
In TN, Too small: 8, set the buffer length as 15m
In TN, Too small: 10, set the buffer length as 15m
In TN, Too small: 12, set the buffer length as 15m
In TN, Too small: 13, set the buffer length as 15m
In TN, Too small: 14, set the buffer length as 15m
In TN, Too small: 15, set the buffer length as 15m
In TN, Too small: 16, set the buffer length as 15m
In TN, Too small: 17, set the buffer length as 15m
In TN, Too small: 18, set the buffer length as 15m
In TN, Too small: 22, set the buffer length as 15m
In TN, Too small: 23, set the buffer length as 15m
In TN, Too small: 24, set the buffer length as 15m
In TN, Too small: 25, set the buffer length as 15m
In TN, Too small: 26, set the buffer length as 15m
In TN, Too small: 28, set the buffer length as 15m
In TN, Too small: 29, set the buffer length as 15m
In TN, Too small: 30, set the buffer length as 15m
In TN, Too small: 31, set the buffer length as 15m
In TN, Too small: 32, set the buffer length as 15m
In TN, Too small: 33, set the buffer length as 15m
In TN, Too small: 35, set the buffer length as 15m
In TN, Too small: 37, set the buffer length as 15m
In TN, Too small: 39, set the buffer length as 15m
In TN, Too small: 40, set the buffer length as 15m
In TN, Too small: 41, set the buffer length as 15m
In TN, Too small: 42, set the buffer length as 15m
In TN, Too small: 43, set the buffer length as 15m
In TN, Too small: 45, set the buffer length as 15m
In TN, Too small: 49, set the buffer length as 15m
In TN, Too small: 51, set the buffer length as 15m
In TN, Too small: 52, set the buffer length as 15m
In TN, Too small: 55, set the buffer length as 15m
In TN, Too small: 56, set the buffer length as 15m
In TN, Too small: 57, set the buffer length as 15m
In TN, Too small: 58, set the buffer length as 15m
In TN, Too small: 59, set the buffer length as 15m
In TN, Too small: 60, set the buffer length as 15m
In TN, Too small: 61, set the buffer length as 15m
In TN, Too small: 62, set the buffer length as 15m
In TN, Too small: 67, set the buffer length as 15m
In TN, Too small: 68, set the buffer length as 15m
In TN, Too small: 69, set the buffer length as 15m
In TN, Too small: 74, set the buffer length as 15m
In TN, Too small: 78, set the buffer length as 15m
In TN, Too small: 79, set the buffer length as 15m
In TN, Too small: 81, set the buffer length as 15m
In TN, Too small: 83, set the buffer length as 15m
In TN, Too small: 84, set the buffer length as 15m
In TN, Too small: 85, set the buffer length as 15m
In TN, Too small: 87, set the buffer length as 15m
In TN, Too small: 89, set the buffer length as 15m
In TN, Too small: 90, set the buffer length as 15m
In TN, Too small: 92, set the buffer length as 15m
In TN, Too small: 95, set the buffer length as 15m
In TN, Too small: 96, set the buffer length as 15m
In TN, Too small: 97, set the buffer length as 15m
In TN, Too small: 98, set the buffer length as 15m
In TN, Too small: 99, set the buffer length as 15m
In TN, Too small: 101, set the buffer length as 15m
In TN, Too small: 102, set the buffer length as 15m
In TN, Too small: 103, set the buffer length as 15m
In TN, Too small: 104, set the buffer length as 15m
In TN, Too small: 106, set the buffer length as 15m
In TN, Too small: 108, set the buffer length as 15m
In TN, Too small: 109, set the buffer length as 15m
In TN, Too small: 110, set the buffer length as 15m
In TN, Too small: 111, set the buffer length as 15m
In TN, Too small: 112, set the buffer length as 15m
In TN, Too small: 113, set the buffer length as 15m
In TN, Too small: 115, set the buffer length as 15m
In TN, Too small: 116, set the buffer length as 15m
In TN, Too small: 117, set the buffer length as 15m
In TN, Too small: 118, set the buffer length as 15m
In TN, Too small: 119, set the buffer length as 15m
In TN, Too small: 121, set the buffer length as 15m
In TN, Too small: 123, set the buffer length as 15m
In TN, Too small: 124, set the buffer length as 15m
In TN, Too small: 125, set the buffer length as 15m
In TN, Too small: 126, set the buffer length as 15m
In TN, Too small: 127, set the buffer length as 15m
In TN, Too small: 129, set the buffer length as 15m
In TN, Too small: 130, set the buffer length as 15m
In TN, Too small: 132, set the buffer length as 15m
In TN, Too small: 134, set the buffer length as 15m
In TN, Too small: 135, set the buffer length as 15m
In TN, Too small: 136, set the buffer length as 15m
In TN, Too small: 138, set the buffer length as 15m
In TN, Too small: 139, set the buffer length as 15m
In TN, Too small: 140, set the buffer length as 15m
In TN, Too small: 142, set the buffer length as 15m
In TN, Too small: 143, set the buffer length as 15m
In TN, Too small: 145, set the buffer length as 15m
In TN, Too small: 146, set the buffer length as 15m
In TN, Too small: 147, set the buffer length as 15m
In TN, Too small: 148, set the buffer length as 15m
In TN, Too small: 149, set the buffer length as 15m
In TN, Too small: 154, set the buffer length as 15m
In TN, Too small: 155, set the buffer length as 15m
In TN, Too small: 156, set the buffer length as 15m
In TN, Too small: 157, set the buffer length as 15m
In TN, Too small: 160, set the buffer length as 15m
In TN, Too small: 162, set the buffer length as 15m
In TN, Too small: 163, set the buffer length as 15m
In TN, Too small: 164, set the buffer length as 15m
In TN, Too small: 165, set the buffer length as 15m
In TN, Too small: 166, set the buffer length as 15m
In TN, Too small: 169, set the buffer length as 15m
In TN, Too small: 171, set the buffer length as 15m
In TN, Too small: 173, set the buffer length as 15m
In TN, Too small: 176, set the buffer length as 15m
In TN, Too small: 177, set the buffer length as 15m
In TN, Too small: 178, set the buffer length as 15m
In TN, Too small: 179, set the buffer length as 15m
In TN, Too small: 180, set the buffer length as 15m
In TN, Too small: 181, set the buffer length as 15m
In TN, Too small: 182, set the buffer length as 15m
In TN, Too small: 183, set the buffer length as 15m
In TN, Too small: 184, set the buffer length as 15m
In TN, Too small: 186, set the buffer length as 15m
In TN, Too small: 187, set the buffer length as 15m
In TN, Too small: 188, set the buffer length as 15m
In TN, Too small: 189, set the buffer length as 15m
In TN, Too small: 190, set the buffer length as 15m
In TN, Too small: 192, set the buffer length as 15m
In TN, Too small: 193, set the buffer length as 15m
In TN, Too small: 194, set the buffer length as 15m
In TN, Too small: 196, set the buffer length as 15m
In TN, Too small: 197, set the buffer length as 15m
In TN, Too small: 200, set the buffer length as 15m
In TN, Too small: 201, set the buffer length as 15m
In TN, Too small: 202, set the buffer length as 15m
In TN, Too small: 203, set the buffer length as 15m
In TN, Too small: 205, set the buffer length as 15m
In TN, Too small: 207, set the buffer length as 15m
In TN, Too small: 210, set the buffer length as 15m
In TN, Too small: 211, set the buffer length as 15m
In TN, Too small: 212, set the buffer length as 15m
In TN, Too small: 213, set the buffer length as 15m
In TN, Too small: 215, set the buffer length as 15m
In TN, Too small: 216, set the buffer length as 15m
In TN, Too small: 217, set the buffer length as 15m
In TN, Too small: 218, set the buffer length as 15m
In TN, Too small: 219, set the buffer length as 15m
In TN, Too small: 223, set the buffer length as 15m
In TN, Too small: 225, set the buffer length as 15m
In TN, Too small: 229, set the buffer length as 15m
In TN, Too small: 230, set the buffer length as 15m
In TN, Too small: 231, set the buffer length as 15m
In TN, Too small: 236, set the buffer length as 15m
In TN, Too small: 237, set the buffer length as 15m
In TN, Too small: 238, set the buffer length as 15m
In TN, Too small: 239, set the buffer length as 15m
In TN, Too small: 240, set the buffer length as 15m
In TN, Too small: 241, set the buffer length as 15m
In TN, Too small: 242, set the buffer length as 15m
In TN, Too small: 244, set the buffer length as 15m
In TN, Too small: 245, set the buffer length as 15m
In TN, Too small: 246, set the buffer length as 15m
In TN, Too small: 249, set the buffer length as 15m
In TN, Too small: 251, set the buffer length as 15m
In TN, Too small: 252, set the buffer length as 15m
In TN, Too small: 253, set the buffer length as 15m
In TN, Too small: 255, set the buffer length as 15m
In TN, Too small: 256, set the buffer length as 15m
In TN, Too small: 257, set the buffer length as 15m
In TN, Too small: 258, set the buffer length as 15m
In TN, Too small: 259, set the buffer length as 15m
In TN, Too small: 260, set the buffer length as 15m
In TN, Too small: 261, set the buffer length as 15m
In TN, Too small: 262, set the buffer length as 15m
In TN, Too small: 263, set the buffer length as 15m
In TN, Too small: 264, set the buffer length as 15m
In TN, Too small: 265, set the buffer length as 15m
In TN, Too small: 268, set the buffer length as 15m
In TN, Too small: 269, set the buffer length as 15m
In TN, Too small: 270, set the buffer length as 15m
In TN, Too small: 271, set the buffer length as 15m
In TN, Too small: 272, set the buffer length as 15m
In TN, Too small: 273, set the buffer length as 15m
In TN, Too small: 275, set the buffer length as 15m
In TN, Too small: 276, set the buffer length as 15m
In TN, Too small: 277, set the buffer length as 15m
In TN, Too small: 279, set the buffer length as 15m
In TN, Too small: 280, set the buffer length as 15m
In TN, Too small: 283, set the buffer length as 15m
In TN, Too small: 288, set the buffer length as 15m
In TN, Too small: 289, set the buffer length as 15m
In TN, Too small: 290, set the buffer length as 15m
In TN, Too small: 292, set the buffer length as 15m
In TN, Too small: 293, set the buffer length as 15m
In TN, Too small: 294, set the buffer length as 15m
In TN, Too small: 295, set the buffer length as 15m
In TN, Too small: 296, set the buffer length as 15m
In TN, Too small: 297, set the buffer length as 15m
In TN, Too small: 299, set the buffer length as 15m
In TN, Too small: 300, set the buffer length as 15m
In TN, Too small: 301, set the buffer length as 15m
In TN, Too small: 303, set the buffer length as 15m
In TN, Too small: 304, set the buffer length as 15m
In TN, Too small: 306, set the buffer length as 15m
In TN, Too small: 307, set the buffer length as 15m
In TN, Too small: 309, set the buffer length as 15m
In TN, Too small: 310, set the buffer length as 15m
In TN, Too small: 311, set the buffer length as 15m
In TN, Too small: 312, set the buffer length as 15m
In TN, Too small: 314, set the buffer length as 15m
In TN, Too small: 315, set the buffer length as 15m
In TN, Too small: 316, set the buffer length as 15m
In TN, Too small: 317, set the buffer length as 15m
In TN, Too small: 318, set the buffer length as 15m
In TN, Too small: 319, set the buffer length as 15m
In TN, Too small: 321, set the buffer length as 15m
In TN, Too small: 323, set the buffer length as 15m
In TN, Too small: 324, set the buffer length as 15m
In TN, Too small: 326, set the buffer length as 15m
In TN, Too small: 328, set the buffer length as 15m
In TN, Too small: 331, set the buffer length as 15m
In TN, Too small: 332, set the buffer length as 15m
In TN, Too small: 333, set the buffer length as 15m
In TN, Too small: 334, set the buffer length as 15m
In TN, Too small: 335, set the buffer length as 15m
In TN, Too small: 336, set the buffer length as 15m
In TN, Too small: 337, set the buffer length as 15m
In TN, Too small: 338, set the buffer length as 15m
In TN, Too small: 339, set the buffer length as 15m
In TN, Too small: 341, set the buffer length as 15m
In TN, Too small: 342, set the buffer length as 15m
In TN, Too small: 344, set the buffer length as 15m
In TN, Too small: 345, set the buffer length as 15m
In TN, Too small: 346, set the buffer length as 15m
In TN, Too small: 348, set the buffer length as 15m
In TN, Too small: 350, set the buffer length as 15m
In TN, Too small: 351, set the buffer length as 15m
In TN, Too small: 352, set the buffer length as 15m
In TN, Too small: 353, set the buffer length as 15m
In TN, Too small: 354, set the buffer length as 15m
In TN, Too small: 356, set the buffer length as 15m
In TN, Too small: 358, set the buffer length as 15m
In TN, Too small: 359, set the buffer length as 15m
In TN, Too small: 360, set the buffer length as 15m
In TN, Too small: 361, set the buffer length as 15m
In TN, Too small: 365, set the buffer length as 15m
In TN, Too small: 366, set the buffer length as 15m
In TN, Too small: 368, set the buffer length as 15m
In TN, Too small: 369, set the buffer length as 15m
In TN, Too small: 371, set the buffer length as 15m
In TN, Too small: 372, set the buffer length as 15m
In TN, Too small: 373, set the buffer length as 15m
In TN, Too small: 374, set the buffer length as 15m
In TN, Too small: 375, set the buffer length as 15m
In TN, Too small: 377, set the buffer length as 15m
In TN, Too small: 379, set the buffer length as 15m
In TN, Too small: 380, set the buffer length as 15m
In TN, Too small: 381, set the buffer length as 15m
In TN, Too small: 384, set the buffer length as 15m
In TN, Too small: 385, set the buffer length as 15m
In TN, Too small: 386, set the buffer length as 15m
In TN, Too small: 387, set the buffer length as 15m
In TN, Too small: 389, set the buffer length as 15m
In TN, Too small: 390, set the buffer length as 15m
In TN, Too small: 393, set the buffer length as 15m
In TN, Too small: 394, set the buffer length as 15m
In TN, Too small: 395, set the buffer length as 15m
In TN, Too small: 396, set the buffer length as 15m
In TN, Too small: 398, set the buffer length as 15m
In TN, Too small: 399, set the buffer length as 15m
In TN, Too small: 400, set the buffer length as 15m
In TN, Too small: 403, set the buffer length as 15m
In TN, Too small: 405, set the buffer length as 15m
In TN, Too small: 406, set the buffer length as 15m
In TN, Too small: 407, set the buffer length as 15m
In TN, Too small: 408, set the buffer length as 15m
In TN, Too small: 410, set the buffer length as 15m
In TN, Too small: 411, set the buffer length as 15m
In TN, Too small: 412, set the buffer length as 15m
In TN, Too small: 414, set the buffer length as 15m
In TN, Too small: 415, set the buffer length as 15m
In TN, Too small: 416, set the buffer length as 15m
In TN, Too small: 417, set the buffer length as 15m
In TN, Too small: 418, set the buffer length as 15m
In TN, Too small: 420, set the buffer length as 15m
In TN, Too small: 421, set the buffer length as 15m
In TN, Too small: 423, set the buffer length as 15m
In TN, Too small: 424, set the buffer length as 15m
In TN, Too small: 426, set the buffer length as 15m
In TN, Too small: 427, set the buffer length as 15m
In TN, Too small: 428, set the buffer length as 15m
In TN, Too small: 429, set the buffer length as 15m
In TN, Too small: 430, set the buffer length as 15m
In TN, Too small: 431, set the buffer length as 15m
In TN, Too small: 433, set the buffer length as 15m
In TN, Too small: 434, set the buffer length as 15m
In TN, Too small: 435, set the buffer length as 15m
In TN, Too small: 437, set the buffer length as 15m
In TN, Too small: 438, set the buffer length as 15m
In TN, Too small: 439, set the buffer length as 15m
In TN, Too small: 440, set the buffer length as 15m
In TN, Too small: 441, set the buffer length as 15m
In TN, Too small: 442, set the buffer length as 15m
In TN, Too small: 443, set the buffer length as 15m
In TN, Too small: 444, set the buffer length as 15m
In TN, Too small: 445, set the buffer length as 15m
In TN, Too small: 447, set the buffer length as 15m
In TN, Too small: 448, set the buffer length as 15m
In TN, Too small: 449, set the buffer length as 15m
In TN, Too small: 450, set the buffer length as 15m
In TN, Too small: 452, set the buffer length as 15m
In TN, Too small: 453, set the buffer length as 15m
In TN, Too small: 455, set the buffer length as 15m
In TN, Too small: 456, set the buffer length as 15m
In TN, Too small: 457, set the buffer length as 15m
In TN, Too small: 459, set the buffer length as 15m
In TN, Too small: 460, set the buffer length as 15m
In TN, Too small: 462, set the buffer length as 15m
In TN, Too small: 465, set the buffer length as 15m
In TN, Too small: 466, set the buffer length as 15m
In TN, Too small: 467, set the buffer length as 15m
In TN, Too small: 473, set the buffer length as 15m
In TN, Too small: 474, set the buffer length as 15m
In TN, Too small: 475, set the buffer length as 15m
In TN, Too small: 478, set the buffer length as 15m
In TN, Too small: 479, set the buffer length as 15m
In TN, Too small: 480, set the buffer length as 15m
In TN, Too small: 481, set the buffer length as 15m
In TN, Too small: 483, set the buffer length as 15m
In TN, Too small: 485, set the buffer length as 15m
In TN, Too small: 486, set the buffer length as 15m
In TN, Too small: 487, set the buffer length as 15m
In TN, Too small: 488, set the buffer length as 15m
In TN, Too small: 489, set the buffer length as 15m
In TN, Too small: 490, set the buffer length as 15m
In TN, Too small: 491, set the buffer length as 15m
In TN, Too small: 492, set the buffer length as 15m
In TN, Too small: 493, set the buffer length as 15m
In TN, Too small: 494, set the buffer length as 15m
In TN, Too small: 495, set the buffer length as 15m
In TN, Too small: 496, set the buffer length as 15m
In TN, Too small: 499, set the buffer length as 15m
In TN, Too small: 500, set the buffer length as 15m
In TN, Too small: 501, set the buffer length as 15m
In TN, Too small: 502, set the buffer length as 15m
In TN, Too small: 503, set the buffer length as 15m
In TN, Too small: 504, set the buffer length as 15m
In TN, Too small: 505, set the buffer length as 15m
In TN, Too small: 506, set the buffer length as 15m
In TN, Too small: 507, set the buffer length as 15m
In TN, Too small: 510, set the buffer length as 15m
In TN, Too small: 511, set the buffer length as 15m
In TN, Too small: 512, set the buffer length as 15m
In TN, Too small: 513, set the buffer length as 15m
In TN, Too small: 514, set the buffer length as 15m
In TN, Too small: 516, set the buffer length as 15m
In TN, Too small: 518, set the buffer length as 15m
In TN, Too small: 520, set the buffer length as 15m
In TN, Too small: 521, set the buffer length as 15m
In TN, Too small: 523, set the buffer length as 15m
In TN, Too small: 524, set the buffer length as 15m
In TN, Too small: 526, set the buffer length as 15m
In TN, Too small: 527, set the buffer length as 15m
In TN, Too small: 529, set the buffer length as 15m
In TN, Too small: 530, set the buffer length as 15m
In TN, Too small: 531, set the buffer length as 15m
In TN, Too small: 533, set the buffer length as 15m
In TN, Too small: 534, set the buffer length as 15m
In TN, Too small: 536, set the buffer length as 15m
In TN, Too small: 539, set the buffer length as 15m
In TN, Too small: 541, set the buffer length as 15m
In TN, Too small: 544, set the buffer length as 15m
In TN, Too small: 545, set the buffer length as 15m
In TN, Too small: 548, set the buffer length as 15m
In TN, Too small: 549, set the buffer length as 15m
In TN, Too small: 551, set the buffer length as 15m
In TN, Too small: 552, set the buffer length as 15m
In TN, Too small: 553, set the buffer length as 15m
In TN, Too small: 555, set the buffer length as 15m
In TN, Too small: 557, set the buffer length as 15m
In TN, Too small: 560, set the buffer length as 15m
In TN, Too small: 561, set the buffer length as 15m
In TN, Too small: 565, set the buffer length as 15m
In TN, Too small: 566, set the buffer length as 15m
In TN, Too small: 568, set the buffer length as 15m
In TN, Too small: 571, set the buffer length as 15m
In TN, Too small: 573, set the buffer length as 15m
In TN, Too small: 575, set the buffer length as 15m
In TN, Too small: 580, set the buffer length as 15m
In TN, Too small: 581, set the buffer length as 15m
In TN, Too small: 586, set the buffer length as 15m
In TN, Too small: 587, set the buffer length as 15m
In TN, Too small: 588, set the buffer length as 15m
In TN, Too small: 589, set the buffer length as 15m
In TN, Too small: 594, set the buffer length as 15m
In TN, Too small: 595, set the buffer length as 15m
In TN, Too small: 596, set the buffer length as 15m
In TN, Too small: 598, set the buffer length as 15m
In TN, Too small: 600, set the buffer length as 15m
In TN, Too small: 602, set the buffer length as 15m
In TN, Too small: 603, set the buffer length as 15m
In TN, Too small: 604, set the buffer length as 15m
In TN, Too small: 605, set the buffer length as 15m
In TN, Too small: 606, set the buffer length as 15m
In TN, Too small: 609, set the buffer length as 15m
In TN, Too small: 611, set the buffer length as 15m
In TN, Too small: 613, set the buffer length as 15m
In TN, Too small: 614, set the buffer length as 15m
In TN, Too small: 615, set the buffer length as 15m
In TN, Too small: 616, set the buffer length as 15m
In TN, Too small: 617, set the buffer length as 15m
In TN, Too small: 618, set the buffer length as 15m
In TN, Too small: 619, set the buffer length as 15m
In TN, Too small: 620, set the buffer length as 15m
In TN, Too small: 621, set the buffer length as 15m
In TN, Too small: 623, set the buffer length as 15m
In TN, Too small: 624, set the buffer length as 15m
In TN, Too small: 626, set the buffer length as 15m
In TN, Too small: 627, set the buffer length as 15m
In TN, Too small: 631, set the buffer length as 15m
In TN, Too small: 633, set the buffer length as 15m
In TN, Too small: 636, set the buffer length as 15m
In TN, Too small: 637, set the buffer length as 15m
In TN, Too small: 639, set the buffer length as 15m
In TN, Too small: 642, set the buffer length as 15m
In TN, Too small: 643, set the buffer length as 15m
In TN, Too small: 644, set the buffer length as 15m
In TN, Too small: 645, set the buffer length as 15m
In TN, Too small: 646, set the buffer length as 15m
In TN, Too small: 647, set the buffer length as 15m
In TN, Too small: 650, set the buffer length as 15m
In TN, Too small: 651, set the buffer length as 15m
In TN, Too small: 653, set the buffer length as 15m
In TN, Too small: 654, set the buffer length as 15m
In TN, Too small: 655, set the buffer length as 15m
In TN, Too small: 658, set the buffer length as 15m
In TN, Too small: 660, set the buffer length as 15m
In TN, Too small: 663, set the buffer length as 15m
In TN, Too small: 667, set the buffer length as 15m
In TN, Too small: 668, set the buffer length as 15m
In TN, Too small: 671, set the buffer length as 15m
In TN, Too small: 672, set the buffer length as 15m
In TN, Too small: 673, set the buffer length as 15m
In TN, Too small: 675, set the buffer length as 15m
In TN, Too small: 680, set the buffer length as 15m
In TN, Too small: 681, set the buffer length as 15m
In TN, Too small: 682, set the buffer length as 15m
In TN, Too small: 683, set the buffer length as 15m
In TN, Too small: 685, set the buffer length as 15m
In TN, Too small: 688, set the buffer length as 15m
In TN, Too small: 689, set the buffer length as 15m
In TN, Too small: 690, set the buffer length as 15m
In TN, Too small: 691, set the buffer length as 15m
In TN, Too small: 692, set the buffer length as 15m
In TN, Too small: 693, set the buffer length as 15m
In TN, Too small: 696, set the buffer length as 15m
In TN, Too small: 697, set the buffer length as 15m
In TN, Too small: 701, set the buffer length as 15m
In TN, Too small: 702, set the buffer length as 15m
In TN, Too small: 703, set the buffer length as 15m
In TN, Too small: 704, set the buffer length as 15m
In TN, Too small: 705, set the buffer length as 15m
In TN, Too small: 706, set the buffer length as 15m
In TN, Too small: 707, set the buffer length as 15m
In TN, Too small: 710, set the buffer length as 15m
In TN, Too small: 711, set the buffer length as 15m
In TN, Too small: 712, set the buffer length as 15m
In TN, Too small: 713, set the buffer length as 15m
In TN, Too small: 714, set the buffer length as 15m
In TN, Too small: 718, set the buffer length as 15m
In TN, Too small: 721, set the buffer length as 15m
In TN, Too small: 722, set the buffer length as 15m
In TN, Too small: 724, set the buffer length as 15m
In TN, Too small: 725, set the buffer length as 15m
In TN, Too small: 727, set the buffer length as 15m
In TN, Too small: 728, set the buffer length as 15m
In TN, Too small: 729, set the buffer length as 15m
In TN, Too small: 733, set the buffer length as 15m
In TN, Too small: 737, set the buffer length as 15m
In TN, Too small: 740, set the buffer length as 15m
In TN, Too small: 741, set the buffer length as 15m
In TN, Too small: 744, set the buffer length as 15m
In TN, Too small: 745, set the buffer length as 15m
In TN, Too small: 746, set the buffer length as 15m
In TN, Too small: 747, set the buffer length as 15m
In TN, Too small: 749, set the buffer length as 15m
In TN, Too small: 750, set the buffer length as 15m
In TN, Too small: 751, set the buffer length as 15m
In TN, Too small: 752, set the buffer length as 15m
In TN, Too small: 753, set the buffer length as 15m
In TN, Too small: 754, set the buffer length as 15m
In TN, Too small: 755, set the buffer length as 15m
In TN, Too small: 756, set the buffer length as 15m
In TN, Too small: 760, set the buffer length as 15m
In TN, Too small: 762, set the buffer length as 15m
In TN, Too small: 763, set the buffer length as 15m
In TN, Too small: 765, set the buffer length as 15m
In TN, Too small: 768, set the buffer length as 15m
In TN, Too small: 772, set the buffer length as 15m
In TN, Too small: 773, set the buffer length as 15m
In TN, Too small: 775, set the buffer length as 15m
In TN, Too small: 777, set the buffer length as 15m
In TN, Too small: 779, set the buffer length as 15m
In TN, Too small: 781, set the buffer length as 15m
In TN, Too small: 782, set the buffer length as 15m
In TN, Too small: 783, set the buffer length as 15m
In TN, Too small: 786, set the buffer length as 15m
In TN, Too small: 788, set the buffer length as 15m
In TN, Too small: 789, set the buffer length as 15m
In TN, Too small: 790, set the buffer length as 15m
In TN, Too small: 792, set the buffer length as 15m
In TN, Too small: 793, set the buffer length as 15m
In TN, Too small: 797, set the buffer length as 15m
In TN, Too small: 801, set the buffer length as 15m
In TN, Too small: 802, set the buffer length as 15m
In TN, Too small: 804, set the buffer length as 15m
In TN, Too small: 805, set the buffer length as 15m
In TN, Too small: 806, set the buffer length as 15m
In TN, Too small: 809, set the buffer length as 15m
In TN, Too small: 810, set the buffer length as 15m
In TN, Too small: 814, set the buffer length as 15m
In TN, Too small: 815, set the buffer length as 15m
In TN, Too small: 817, set the buffer length as 15m
In TN, Too small: 818, set the buffer length as 15m
In TN, Too small: 819, set the buffer length as 15m
In TN, Too small: 820, set the buffer length as 15m
In TN, Too small: 821, set the buffer length as 15m
In TN, Too small: 822, set the buffer length as 15m
In TN, Too small: 824, set the buffer length as 15m
In TN, Too small: 828, set the buffer length as 15m
In TN, Too small: 831, set the buffer length as 15m
In TN, Too small: 833, set the buffer length as 15m
In TN, Too small: 835, set the buffer length as 15m
In TN, Too small: 838, set the buffer length as 15m
In TN, Too small: 840, set the buffer length as 15m
In TN, Too small: 843, set the buffer length as 15m
In TN, Too small: 846, set the buffer length as 15m
In TN, Too small: 847, set the buffer length as 15m
In TN, Too small: 848, set the buffer length as 15m
In TN, Too small: 852, set the buffer length as 15m
In TN, Too small: 856, set the buffer length as 15m
In TN, Too small: 858, set the buffer length as 15m
In TN, Too small: 859, set the buffer length as 15m
In TN, Too small: 860, set the buffer length as 15m
In TN, Too small: 861, set the buffer length as 15m
In TN, Too small: 864, set the buffer length as 15m
In TN, Too small: 866, set the buffer length as 15m
In TN, Too small: 873, set the buffer length as 15m
In TN, Too small: 874, set the buffer length as 15m
In TN, Too small: 876, set the buffer length as 15m
In TN, Too small: 877, set the buffer length as 15m
In TN, Too small: 879, set the buffer length as 15m
In TN, Too small: 880, set the buffer length as 15m
In TN, Too small: 882, set the buffer length as 15m
In TN, Too small: 883, set the buffer length as 15m
In TN, Too small: 884, set the buffer length as 15m
In TN, Too small: 885, set the buffer length as 15m
In TN, Too small: 888, set the buffer length as 15m
In TN, Too small: 889, set the buffer length as 15m
In TN, Too small: 890, set the buffer length as 15m
In TN, Too small: 891, set the buffer length as 15m
In TN, Too small: 894, set the buffer length as 15m
In TN, Too small: 896, set the buffer length as 15m
In TN, Too small: 897, set the buffer length as 15m
In TN, Too small: 898, set the buffer length as 15m
In TN, Too small: 899, set the buffer length as 15m
In TN, Too small: 900, set the buffer length as 15m
In TN, Too small: 901, set the buffer length as 15m
In TN, Too small: 902, set the buffer length as 15m
In TN, Too small: 903, set the buffer length as 15m
In TN, Too small: 904, set the buffer length as 15m
In TN, Too small: 906, set the buffer length as 15m
In TN, Too small: 907, set the buffer length as 15m
In TN, Too small: 908, set the buffer length as 15m
In TN, Too small: 910, set the buffer length as 15m
In TN, Too small: 911, set the buffer length as 15m
In TN, Too small: 915, set the buffer length as 15m
In TN, Too small: 916, set the buffer length as 15m
In TN, Too small: 917, set the buffer length as 15m
In TN, Too small: 918, set the buffer length as 15m
In TN, Too small: 920, set the buffer length as 15m
In TN, Too small: 922, set the buffer length as 15m
In TN, Too small: 923, set the buffer length as 15m
In TN, Too small: 924, set the buffer length as 15m
In TN, Too small: 925, set the buffer length as 15m
In TN, Too small: 926, set the buffer length as 15m
In TN, Too small: 927, set the buffer length as 15m
In TN, Too small: 928, set the buffer length as 15m
In TN, Too small: 929, set the buffer length as 15m
In TN, Too small: 930, set the buffer length as 15m
In TN, Too small: 932, set the buffer length as 15m
In TN, Too small: 933, set the buffer length as 15m
In TN, Too small: 934, set the buffer length as 15m
In TN, Too small: 936, set the buffer length as 15m
In TN, Too small: 939, set the buffer length as 15m
In TN, Too small: 940, set the buffer length as 15m
In TN, Too small: 941, set the buffer length as 15m
In TN, Too small: 942, set the buffer length as 15m
In TN, Too small: 943, set the buffer length as 15m
In TN, Too small: 944, set the buffer length as 15m
In TN, Too small: 945, set the buffer length as 15m
In TN, Too small: 946, set the buffer length as 15m
In TN, Too small: 947, set the buffer length as 15m
In TN, Too small: 948, set the buffer length as 15m
In TN, Too small: 949, set the buffer length as 15m
In TN, Too small: 951, set the buffer length as 15m
In TN, Too small: 952, set the buffer length as 15m
In TN, Too small: 953, set the buffer length as 15m
In TN, Too small: 957, set the buffer length as 15m
In TN, Too small: 958, set the buffer length as 15m
In TN, Too small: 959, set the buffer length as 15m
In TN, Too small: 961, set the buffer length as 15m
In TN, Too small: 963, set the buffer length as 15m
In TN, Too small: 964, set the buffer length as 15m
In TN, Too small: 968, set the buffer length as 15m
In TN, Too small: 969, set the buffer length as 15m
In TN, Too small: 970, set the buffer length as 15m
In TN, Too small: 972, set the buffer length as 15m
In TN, Too small: 973, set the buffer length as 15m
In TN, Too small: 976, set the buffer length as 15m
In TN, Too small: 977, set the buffer length as 15m
In TN, Too small: 978, set the buffer length as 15m
In TN, Too small: 979, set the buffer length as 15m
In TN, Too small: 980, set the buffer length as 15m
In TN, Too small: 982, set the buffer length as 15m
In TN, Too small: 983, set the buffer length as 15m
In TN, Too small: 984, set the buffer length as 15m
In TN, Too small: 985, set the buffer length as 15m
In TN, Too small: 988, set the buffer length as 15m
In TN, Too small: 989, set the buffer length as 15m
In TN, Too small: 990, set the buffer length as 15m
In TN, Too small: 991, set the buffer length as 15m
In TN, Too small: 992, set the buffer length as 15m
In TN, Too small: 994, set the buffer length as 15m
In TN, Too small: 995, set the buffer length as 15m
In TN, Too small: 996, set the buffer length as 15m
In TN, Too small: 997, set the buffer length as 15m
In TN, Too small: 998, set the buffer length as 15m
In TN, Too small: 1000, set the buffer length as 15m
In TN, Too small: 1001, set the buffer length as 15m
In TN, Too small: 1002, set the buffer length as 15m
In TN, Too small: 1004, set the buffer length as 15m
In TN, Too small: 1005, set the buffer length as 15m
In TN, Too small: 1007, set the buffer length as 15m
In TN, Too small: 1008, set the buffer length as 15m
In TN, Too small: 1009, set the buffer length as 15m
In TN, Too small: 1010, set the buffer length as 15m
In TN, Too small: 1011, set the buffer length as 15m
In TN, Too small: 1012, set the buffer length as 15m
In TN, Too small: 1013, set the buffer length as 15m
In TN, Too small: 1014, set the buffer length as 15m
In TN, Too small: 1015, set the buffer length as 15m
In TN, Too small: 1019, set the buffer length as 15m
In TN, Too small: 1021, set the buffer length as 15m
In TN, Too small: 1022, set the buffer length as 15m
In TN, Too small: 1023, set the buffer length as 15m
In TN, Too small: 1024, set the buffer length as 15m
In TN, Too small: 1025, set the buffer length as 15m
In TN, Too small: 1027, set the buffer length as 15m
In TN, Too small: 1028, set the buffer length as 15m
In TN, Too small: 1029, set the buffer length as 15m
In TN, Too small: 1031, set the buffer length as 15m
In TN, Too small: 1032, set the buffer length as 15m
In TN, Too small: 1033, set the buffer length as 15m
In TN, Too small: 1034, set the buffer length as 15m
In TN, Too small: 1035, set the buffer length as 15m
In TN, Too small: 1036, set the buffer length as 15m
In TN, Too small: 1037, set the buffer length as 15m
In TN, Too small: 1038, set the buffer length as 15m
In TN, Too small: 1039, set the buffer length as 15m
In TN, Too small: 1043, set the buffer length as 15m
In TN, Too small: 1044, set the buffer length as 15m
In TN, Too small: 1045, set the buffer length as 15m
In TN, Too small: 1046, set the buffer length as 15m
In TN, Too small: 1047, set the buffer length as 15m
In TN, Too small: 1048, set the buffer length as 15m
In TN, Too small: 1049, set the buffer length as 15m
In TN, Too small: 1052, set the buffer length as 15m
In TN, Too small: 1054, set the buffer length as 15m
In TN, Too small: 1055, set the buffer length as 15m
In TN, Too small: 1056, set the buffer length as 15m
In TN, Too small: 1057, set the buffer length as 15m
In TN, Too small: 1058, set the buffer length as 15m
In TN, Too small: 1061, set the buffer length as 15m
In TN, Too small: 1062, set the buffer length as 15m
In TN, Too small: 1063, set the buffer length as 15m
In TN, Too small: 1064, set the buffer length as 15m
In TN, Too small: 1067, set the buffer length as 15m
In TN, Too small: 1068, set the buffer length as 15m
In TN, Too small: 1071, set the buffer length as 15m
In TN, Too small: 1072, set the buffer length as 15m
In TN, Too small: 1075, set the buffer length as 15m
In TN, Too small: 1076, set the buffer length as 15m
In TN, Too small: 1077, set the buffer length as 15m
In TN, Too small: 1078, set the buffer length as 15m
In TN, Too small: 1080, set the buffer length as 15m
In TN, Too small: 1083, set the buffer length as 15m
In TN, Too small: 1084, set the buffer length as 15m
In TN, Too small: 1091, set the buffer length as 15m
In TN, Too small: 1093, set the buffer length as 15m
In TN, Too small: 1094, set the buffer length as 15m
In TN, Too small: 1096, set the buffer length as 15m
In TN, Too small: 1097, set the buffer length as 15m
In TN, Too small: 1098, set the buffer length as 15m
In TN, Too small: 1100, set the buffer length as 15m
In TN, Too small: 1101, set the buffer length as 15m
In TN, Too small: 1107, set the buffer length as 15m
In TN, Too small: 1108, set the buffer length as 15m
In TN, Too small: 1115, set the buffer length as 15m
In TN, Too small: 1116, set the buffer length as 15m
In TN, Too small: 1117, set the buffer length as 15m
In TN, Too small: 1118, set the buffer length as 15m
In TN, Too small: 1120, set the buffer length as 15m
In TN, Too small: 1123, set the buffer length as 15m
In TN, Too small: 1125, set the buffer length as 15m
In TN, Too small: 1128, set the buffer length as 15m
In TN, Too small: 1130, set the buffer length as 15m
In TN, Too small: 1132, set the buffer length as 15m
In TN, Too small: 1133, set the buffer length as 15m
In TN, Too small: 1135, set the buffer length as 15m
In TN, Too small: 1137, set the buffer length as 15m
In TN, Too small: 1138, set the buffer length as 15m
In TN, Too small: 1139, set the buffer length as 15m
In TN, Too small: 1142, set the buffer length as 15m
In TN, Too small: 1143, set the buffer length as 15m
In TN, Too small: 1145, set the buffer length as 15m
In TN, Too small: 1146, set the buffer length as 15m
In TN, Too small: 1150, set the buffer length as 15m
In TN, Too small: 1151, set the buffer length as 15m
In TN, Too small: 1154, set the buffer length as 15m
In TN, Too small: 1159, set the buffer length as 15m
In TN, Too small: 1160, set the buffer length as 15m
In TN, Too small: 1161, set the buffer length as 15m
In TN, Too small: 1162, set the buffer length as 15m
In TN, Too small: 1163, set the buffer length as 15m
In TN, Too small: 1164, set the buffer length as 15m
In TN, Too small: 1165, set the buffer length as 15m
In TN, Too small: 1166, set the buffer length as 15m
In TN, Too small: 1167, set the buffer length as 15m
In TN, Too small: 1169, set the buffer length as 15m
In TN, Too small: 1170, set the buffer length as 15m
In TN, Too small: 1171, set the buffer length as 15m
In TN, Too small: 1172, set the buffer length as 15m
In TN, Too small: 1174, set the buffer length as 15m
In TN, Too small: 1177, set the buffer length as 15m
In TN, Too small: 1180, set the buffer length as 15m
In TN, Too small: 1183, set the buffer length as 15m
In TN, Too small: 1185, set the buffer length as 15m
In TN, Too small: 1187, set the buffer length as 15m
In TN, Too small: 1188, set the buffer length as 15m
In TN, Too small: 1189, set the buffer length as 15m
In TN, Too small: 1192, set the buffer length as 15m
In TN, Too small: 1195, set the buffer length as 15m
In TN, Too small: 1196, set the buffer length as 15m
In TN, Too small: 1198, set the buffer length as 15m
In TN, Too small: 1199, set the buffer length as 15m
In TN, Too small: 1202, set the buffer length as 15m
In TN, Too small: 1203, set the buffer length as 15m
In TN, Too small: 1204, set the buffer length as 15m
In TN, Too small: 1205, set the buffer length as 15m
In TN, Too small: 1207, set the buffer length as 15m
In TN, Too small: 1209, set the buffer length as 15m
In TN, Too small: 1211, set the buffer length as 15m
In TN, Too small: 1213, set the buffer length as 15m
In TN, Too small: 1214, set the buffer length as 15m
In TN, Too small: 1218, set the buffer length as 15m
In TN, Too small: 1219, set the buffer length as 15m
In TN, Too small: 1220, set the buffer length as 15m
In TN, Too small: 1221, set the buffer length as 15m
In TN, Too small: 1222, set the buffer length as 15m
In TN, Too small: 1223, set the buffer length as 15m
In TN, Too small: 1225, set the buffer length as 15m
In TN, Too small: 1226, set the buffer length as 15m
In TN, Too small: 1228, set the buffer length as 15m
In TN, Too small: 1229, set the buffer length as 15m
In TN, Too small: 1230, set the buffer length as 15m
In TN, Too small: 1231, set the buffer length as 15m
In TN, Too small: 1233, set the buffer length as 15m
In TN, Too small: 1234, set the buffer length as 15m
In TN, Too small: 1235, set the buffer length as 15m
In TN, Too small: 1237, set the buffer length as 15m
In TN, Too small: 1239, set the buffer length as 15m
In TN, Too small: 1242, set the buffer length as 15m
In TN, Too small: 1246, set the buffer length as 15m
In TN, Too small: 1249, set the buffer length as 15m
In TN, Too small: 1251, set the buffer length as 15m
In TN, Too small: 1253, set the buffer length as 15m
In TN, Too small: 1255, set the buffer length as 15m
In TN, Too small: 1258, set the buffer length as 15m
In TN, Too small: 1259, set the buffer length as 15m
In TN, Too small: 1260, set the buffer length as 15m
In TN, Too small: 1266, set the buffer length as 15m
In TN, Too small: 1270, set the buffer length as 15m
In TN, Too small: 1271, set the buffer length as 15m
In TN, Too small: 1273, set the buffer length as 15m
In TN, Too small: 1276, set the buffer length as 15m
In TN, Too small: 1279, set the buffer length as 15m
In TN, Too small: 1280, set the buffer length as 15m
In TN, Too small: 1283, set the buffer length as 15m
In TN, Too small: 1284, set the buffer length as 15m
In TN, Too small: 1286, set the buffer length as 15m
In TN, Too small: 1288, set the buffer length as 15m
In TN, Too small: 1289, set the buffer length as 15m
In TN, Too small: 1293, set the buffer length as 15m
In TN, Too small: 1298, set the buffer length as 15m
In TN, Too small: 1299, set the buffer length as 15m
In TN, Too small: 1301, set the buffer length as 15m
In TN, Too small: 1302, set the buffer length as 15m
In TN, Too small: 1303, set the buffer length as 15m
In TN, Too small: 1306, set the buffer length as 15m
In TN, Too small: 1308, set the buffer length as 15m
In TN, Too small: 1309, set the buffer length as 15m
In TN, Too small: 1312, set the buffer length as 15m
In TN, Too small: 1313, set the buffer length as 15m
In TN, Too small: 1318, set the buffer length as 15m
In TN, Too small: 1319, set the buffer length as 15m
In TN, Too small: 1320, set the buffer length as 15m
In TN, Too small: 1321, set the buffer length as 15m
In TN, Too small: 1322, set the buffer length as 15m
In TN, Too small: 1323, set the buffer length as 15m
In TN, Too small: 1325, set the buffer length as 15m
In TN, Too small: 1327, set the buffer length as 15m
In TN, Too small: 1328, set the buffer length as 15m
In TN, Too small: 1330, set the buffer length as 15m
In TN, Too small: 1333, set the buffer length as 15m
In TN, Too small: 1334, set the buffer length as 15m
In TN, Too small: 1335, set the buffer length as 15m
In TN, Too small: 1339, set the buffer length as 15m
In TN, Too small: 1342, set the buffer length as 15m
In TN, Too small: 1351, set the buffer length as 15m
In TN, Too small: 1354, set the buffer length as 15m
In TN, Too small: 1355, set the buffer length as 15m
In TN, Too small: 1358, set the buffer length as 15m
In TN, Too small: 1359, set the buffer length as 15m
In TN, Too small: 1360, set the buffer length as 15m
In TN, Too small: 1361, set the buffer length as 15m
In TN, Too small: 1364, set the buffer length as 15m
In TN, Too small: 1365, set the buffer length as 15m
In TN, Too small: 1366, set the buffer length as 15m
In TN, Too small: 1368, set the buffer length as 15m
In TN, Too small: 1369, set the buffer length as 15m
In TN, Too small: 1371, set the buffer length as 15m
In TN, Too small: 1373, set the buffer length as 15m
In TN, Too small: 1375, set the buffer length as 15m
In TN, Too small: 1383, set the buffer length as 15m
In TN, Too small: 1384, set the buffer length as 15m
In TN, Too small: 1385, set the buffer length as 15m
In TN, Too small: 1386, set the buffer length as 15m
In TN, Too small: 1388, set the buffer length as 15m
In TN, Too small: 1389, set the buffer length as 15m
In TN, Too small: 1390, set the buffer length as 15m
In TN, Too small: 1394, set the buffer length as 15m
In TN, Too small: 1396, set the buffer length as 15m
In TN, Too small: 1399, set the buffer length as 15m
In TN, Too small: 1401, set the buffer length as 15m
In TN, Too small: 1404, set the buffer length as 15m
In TN, Too small: 1407, set the buffer length as 15m
In TN, Too small: 1409, set the buffer length as 15m
In TN, Too small: 1410, set the buffer length as 15m
In TN, Too small: 1411, set the buffer length as 15m
In TN, Too small: 1412, set the buffer length as 15m
In TN, Too small: 1413, set the buffer length as 15m
In TN, Too small: 1415, set the buffer length as 15m
In TN, Too small: 1416, set the buffer length as 15m
In TN, Too small: 1418, set the buffer length as 15m
In TN, Too small: 1419, set the buffer length as 15m
In TN, Too small: 1420, set the buffer length as 15m
In TN, Too small: 1421, set the buffer length as 15m
In TN, Too small: 1422, set the buffer length as 15m
In TN, Too small: 1423, set the buffer length as 15m
In TN, Too small: 1429, set the buffer length as 15m
In TN, Too small: 1435, set the buffer length as 15m
In TN, Too small: 1439, set the buffer length as 15m
In TN, Too small: 1440, set the buffer length as 15m
In TN, Too small: 1442, set the buffer length as 15m
In TN, Too small: 1443, set the buffer length as 15m
In TN, Too small: 1445, set the buffer length as 15m
In TN, Too small: 1447, set the buffer length as 15m
In TN, Too small: 1449, set the buffer length as 15m
In TN, Too small: 1450, set the buffer length as 15m
In TN, Too small: 1451, set the buffer length as 15m
In TN, Too small: 1452, set the buffer length as 15m
In TN, Too small: 1453, set the buffer length as 15m
In TN, Too small: 1456, set the buffer length as 15m
In TN, Too small: 1457, set the buffer length as 15m
In TN, Too small: 1458, set the buffer length as 15m
In TN, Too small: 1460, set the buffer length as 15m
In TN, Too small: 1462, set the buffer length as 15m
In TN, Too small: 1463, set the buffer length as 15m
In TN, Too small: 1467, set the buffer length as 15m
In TN, Too small: 1468, set the buffer length as 15m
In TN, Too small: 1469, set the buffer length as 15m
In TN, Too small: 1470, set the buffer length as 15m
In TN, Too small: 1472, set the buffer length as 15m
In TN, Too small: 1473, set the buffer length as 15m
In TN, Too small: 1474, set the buffer length as 15m
In TN, Too small: 1476, set the buffer length as 15m
In TN, Too small: 1480, set the buffer length as 15m
In TN, Too small: 1483, set the buffer length as 15m
In TN, Too small: 1484, set the buffer length as 15m
In TN, Too small: 1486, set the buffer length as 15m
In TN, Too small: 1487, set the buffer length as 15m
In TN, Too small: 1488, set the buffer length as 15m
In TN, Too small: 1489, set the buffer length as 15m
In TN, Too small: 1490, set the buffer length as 15m
In TN, Too small: 1491, set the buffer length as 15m
In TN, Too small: 1492, set the buffer length as 15m
In TN, Too small: 1493, set the buffer length as 15m
In TN, Too small: 1496, set the buffer length as 15m
In TN, Too small: 1499, set the buffer length as 15m
In TN, Too small: 1500, set the buffer length as 15m
In TN, Too small: 1501, set the buffer length as 15m
In TN, Too small: 1503, set the buffer length as 15m
In TN, Too small: 1504, set the buffer length as 15m
In TN, Too small: 1506, set the buffer length as 15m
In TN, Too small: 1507, set the buffer length as 15m
In TN, Too small: 1508, set the buffer length as 15m
In TN, Too small: 1510, set the buffer length as 15m
In TN, Too small: 1511, set the buffer length as 15m
In TN, Too small: 1514, set the buffer length as 15m
In TN, Too small: 1517, set the buffer length as 15m
In TN, Too small: 1518, set the buffer length as 15m
In TN, Too small: 1519, set the buffer length as 15m
In TN, Too small: 1520, set the buffer length as 15m
In TN, Too small: 1521, set the buffer length as 15m
In TN, Too small: 1522, set the buffer length as 15m
In TN, Too small: 1523, set the buffer length as 15m
In TN, Too small: 1524, set the buffer length as 15m
In TN, Too small: 1525, set the buffer length as 15m
In TN, Too small: 1528, set the buffer length as 15m
In TN, Too small: 1529, set the buffer length as 15m
In TN, Too small: 1530, set the buffer length as 15m
In TN, Too small: 1531, set the buffer length as 15m
In TN, Too small: 1533, set the buffer length as 15m
In TN, Too small: 1536, set the buffer length as 15m
In TN, Too small: 1537, set the buffer length as 15m
In TN, Too small: 1538, set the buffer length as 15m
In TN, Too small: 1539, set the buffer length as 15m
In TN, Too small: 1540, set the buffer length as 15m
In TN, Too small: 1543, set the buffer length as 15m
In TN, Too small: 1544, set the buffer length as 15m
In TN, Too small: 1545, set the buffer length as 15m
In TN, Too small: 1547, set the buffer length as 15m
In TN, Too small: 1549, set the buffer length as 15m
In TN, Too small: 1552, set the buffer length as 15m
In TN, Too small: 1553, set the buffer length as 15m
In TN, Too small: 1554, set the buffer length as 15m
In TN, Too small: 1555, set the buffer length as 15m
In TN, Too small: 1556, set the buffer length as 15m
In TN, Too small: 1557, set the buffer length as 15m
In TN, Too small: 1558, set the buffer length as 15m
In TN, Too small: 1559, set the buffer length as 15m
In TN, Too small: 1561, set the buffer length as 15m
In TN, Too small: 1562, set the buffer length as 15m
In TN, Too small: 1563, set the buffer length as 15m
In TN, Too small: 1564, set the buffer length as 15m
In TN, Too small: 1566, set the buffer length as 15m
In TN, Too small: 1567, set the buffer length as 15m
In TN, Too small: 1568, set the buffer length as 15m
In TN, Too small: 1571, set the buffer length as 15m
In TN, Too small: 1573, set the buffer length as 15m
In TN, Too small: 1575, set the buffer length as 15m
In TN, Too small: 1576, set the buffer length as 15m
In TN, Too small: 1577, set the buffer length as 15m
In TN, Too small: 1578, set the buffer length as 15m
In TN, Too small: 1579, set the buffer length as 15m
In TN, Too small: 1580, set the buffer length as 15m
In TN, Too small: 1581, set the buffer length as 15m
In TN, Too small: 1582, set the buffer length as 15m
In TN, Too small: 1585, set the buffer length as 15m
In TN, Too small: 1586, set the buffer length as 15m
In TN, Too small: 1587, set the buffer length as 15m
In TN, Too small: 1588, set the buffer length as 15m
In TN, Too small: 1589, set the buffer length as 15m
In TN, Too small: 1592, set the buffer length as 15m
In TN, Too small: 1594, set the buffer length as 15m
In TN, Too small: 1595, set the buffer length as 15m
In TN, Too small: 1596, set the buffer length as 15m
In TN, Too small: 1598, set the buffer length as 15m
In TN, Too small: 1599, set the buffer length as 15m
In TN, Too small: 1601, set the buffer length as 15m
In TN, Too small: 1603, set the buffer length as 15m
In TN, Too small: 1604, set the buffer length as 15m
In TN, Too small: 1607, set the buffer length as 15m
In TN, Too small: 1608, set the buffer length as 15m
In TN, Too small: 1610, set the buffer length as 15m
In TN, Too small: 1611, set the buffer length as 15m
In TN, Too small: 1612, set the buffer length as 15m
In TN, Too small: 1613, set the buffer length as 15m
In TN, Too small: 1614, set the buffer length as 15m
In TN, Too small: 1615, set the buffer length as 15m
In TN, Too small: 1617, set the buffer length as 15m
In TN, Too small: 1618, set the buffer length as 15m
In TN, Too small: 1620, set the buffer length as 15m
In TN, Too small: 1621, set the buffer length as 15m
In TN, Too small: 1622, set the buffer length as 15m
In TN, Too small: 1623, set the buffer length as 15m
In TN, Too small: 1624, set the buffer length as 15m
In TN, Too small: 1627, set the buffer length as 15m
In TN, Too small: 1628, set the buffer length as 15m
In TN, Too small: 1632, set the buffer length as 15m
In TN, Too small: 1633, set the buffer length as 15m
In TN, Too small: 1636, set the buffer length as 15m
In TN, Too small: 1641, set the buffer length as 15m
In TN, Too small: 1642, set the buffer length as 15m
In TN, Too small: 1643, set the buffer length as 15m
In TN, Too small: 1645, set the buffer length as 15m
In TN, Too small: 1647, set the buffer length as 15m
In TN, Too small: 1648, set the buffer length as 15m
In TN, Too small: 1649, set the buffer length as 15m
In TN, Too small: 1650, set the buffer length as 15m
In TN, Too small: 1652, set the buffer length as 15m
In TN, Too small: 1653, set the buffer length as 15m
In TN, Too small: 1654, set the buffer length as 15m
In TN, Too small: 1655, set the buffer length as 15m
In TN, Too small: 1656, set the buffer length as 15m
In TN, Too small: 1658, set the buffer length as 15m
In TN, Too small: 1659, set the buffer length as 15m
In TN, Too small: 1660, set the buffer length as 15m
In TN, Too small: 1662, set the buffer length as 15m
In TN, Too small: 1663, set the buffer length as 15m
In TN, Too small: 1665, set the buffer length as 15m
In TN, Too small: 1666, set the buffer length as 15m
In TN, Too small: 1668, set the buffer length as 15m
In TN, Too small: 1670, set the buffer length as 15m
In TN, Too small: 1671, set the buffer length as 15m
In TN, Too small: 1674, set the buffer length as 15m
In TN, Too small: 1675, set the buffer length as 15m
In TN, Too small: 1676, set the buffer length as 15m
In TN, Too small: 1678, set the buffer length as 15m
In TN, Too small: 1679, set the buffer length as 15m
In TN, Too small: 1682, set the buffer length as 15m
In TN, Too small: 1684, set the buffer length as 15m
In TN, Too small: 1685, set the buffer length as 15m
In TN, Too small: 1686, set the buffer length as 15m
In TN, Too small: 1688, set the buffer length as 15m
In TN, Too small: 1690, set the buffer length as 15m
In TN, Too small: 1692, set the buffer length as 15m
In TN, Too small: 1694, set the buffer length as 15m
In TN, Too small: 1695, set the buffer length as 15m
In TN, Too small: 1696, set the buffer length as 15m
In TN, Too small: 1697, set the buffer length as 15m
In TN, Too small: 1702, set the buffer length as 15m
In TN, Too small: 1705, set the buffer length as 15m
In TN, Too small: 1706, set the buffer length as 15m
In TN, Too small: 1707, set the buffer length as 15m
In TN, Too small: 1708, set the buffer length as 15m
In TN, Too small: 1709, set the buffer length as 15m
In TN, Too small: 1711, set the buffer length as 15m
In TN, Too small: 1715, set the buffer length as 15m
In TN, Too small: 1716, set the buffer length as 15m
In TN, Too small: 1718, set the buffer length as 15m
In TN, Too small: 1720, set the buffer length as 15m
In TN, Too small: 1721, set the buffer length as 15m
In TN, Too small: 1722, set the buffer length as 15m
In TN, Too small: 1723, set the buffer length as 15m
In TN, Too small: 1725, set the buffer length as 15m
In TN, Too small: 1727, set the buffer length as 15m
In TN, Too small: 1728, set the buffer length as 15m
In TN, Too small: 1730, set the buffer length as 15m
In TN, Too small: 1731, set the buffer length as 15m
In TN, Too small: 1732, set the buffer length as 15m
In TN, Too small: 1734, set the buffer length as 15m
In TN, Too small: 1735, set the buffer length as 15m
In TN, Too small: 1736, set the buffer length as 15m
In TN, Too small: 1740, set the buffer length as 15m
In TN, Too small: 1741, set the buffer length as 15m
In TN, Too small: 1742, set the buffer length as 15m
In TN, Too small: 1746, set the buffer length as 15m
In TN, Too small: 1749, set the buffer length as 15m
In TN, Too small: 1751, set the buffer length as 15m
In TN, Too small: 1752, set the buffer length as 15m
In TN, Too small: 1753, set the buffer length as 15m
In TN, Too small: 1755, set the buffer length as 15m
In TN, Too small: 1756, set the buffer length as 15m
In TN, Too small: 1759, set the buffer length as 15m
In TN, Too small: 1760, set the buffer length as 15m
In TN, Too small: 1762, set the buffer length as 15m
In TN, Too small: 1764, set the buffer length as 15m
In TN, Too small: 1767, set the buffer length as 15m
In TN, Too small: 1768, set the buffer length as 15m
In TN, Too small: 1770, set the buffer length as 15m
In TN, Too small: 1771, set the buffer length as 15m
In TN, Too small: 1773, set the buffer length as 15m
In TN, Too small: 1774, set the buffer length as 15m
In TN, Too small: 1775, set the buffer length as 15m
In TN, Too small: 1776, set the buffer length as 15m
In TN, Too small: 1777, set the buffer length as 15m
In TN, Too small: 1778, set the buffer length as 15m
In TN, Too small: 1779, set the buffer length as 15m
In TN, Too small: 1781, set the buffer length as 15m
In TN, Too small: 1782, set the buffer length as 15m
In TN, Too small: 1783, set the buffer length as 15m
In TN, Too small: 1785, set the buffer length as 15m
In TN, Too small: 1786, set the buffer length as 15m
In TN, Too small: 1787, set the buffer length as 15m
In TN, Too small: 1789, set the buffer length as 15m
In TN, Too small: 1791, set the buffer length as 15m
In TN, Too small: 1792, set the buffer length as 15m
In TN, Too small: 1795, set the buffer length as 15m
In TN, Too small: 1796, set the buffer length as 15m
In TN, Too small: 1798, set the buffer length as 15m
In TN, Too small: 1799, set the buffer length as 15m
In TN, Too small: 1800, set the buffer length as 15m
In TN, Too small: 1801, set the buffer length as 15m
In TN, Too small: 1802, set the buffer length as 15m
In TN, Too small: 1803, set the buffer length as 15m
In TN, Too small: 1804, set the buffer length as 15m
In TN, Too small: 1806, set the buffer length as 15m
In TN, Too small: 1807, set the buffer length as 15m
In TN, Too small: 1810, set the buffer length as 15m
In TN, Too small: 1811, set the buffer length as 15m
In TN, Too small: 1812, set the buffer length as 15m
In TN, Too small: 1813, set the buffer length as 15m
In TN, Too small: 1814, set the buffer length as 15m
In TN, Too small: 1817, set the buffer length as 15m
In TN, Too small: 1819, set the buffer length as 15m
In TN, Too small: 1820, set the buffer length as 15m
In TN, Too small: 1821, set the buffer length as 15m
In TN, Too small: 1822, set the buffer length as 15m
In TN, Too small: 1823, set the buffer length as 15m
In TN, Too small: 1824, set the buffer length as 15m
In TN, Too small: 1825, set the buffer length as 15m
In TN, Too small: 1826, set the buffer length as 15m
In TN, Too small: 1830, set the buffer length as 15m
In TN, Too small: 1831, set the buffer length as 15m
In TN, Too small: 1836, set the buffer length as 15m
In TN, Too small: 1837, set the buffer length as 15m
In TN, Too small: 1838, set the buffer length as 15m
In TN, Too small: 1839, set the buffer length as 15m
In TN, Too small: 1840, set the buffer length as 15m
In TN, Too small: 1841, set the buffer length as 15m
In TN, Too small: 1842, set the buffer length as 15m
In TN, Too small: 1843, set the buffer length as 15m
In TN, Too small: 1844, set the buffer length as 15m
In TN, Too small: 1845, set the buffer length as 15m
In TN, Too small: 1846, set the buffer length as 15m
In TN, Too small: 1847, set the buffer length as 15m
In TN, Too small: 1849, set the buffer length as 15m
In TN, Too small: 1850, set the buffer length as 15m
In TN, Too small: 1851, set the buffer length as 15m
In TN, Too small: 1852, set the buffer length as 15m
In TN, Too small: 1853, set the buffer length as 15m
In TN, Too small: 1854, set the buffer length as 15m
In TN, Too small: 1855, set the buffer length as 15m
In TN, Too small: 1856, set the buffer length as 15m
In TN, Too small: 1857, set the buffer length as 15m
In TN, Too small: 1858, set the buffer length as 15m
In TN, Too small: 1859, set the buffer length as 15m
In TN, Too small: 1861, set the buffer length as 15m
In TN, Too small: 1862, set the buffer length as 15m
In TN, Too small: 1863, set the buffer length as 15m
In TN, Too small: 1864, set the buffer length as 15m
In TN, Too small: 1866, set the buffer length as 15m
In TN, Too small: 1867, set the buffer length as 15m
In TN, Too small: 1868, set the buffer length as 15m
In TN, Too small: 1869, set the buffer length as 15m
In TN, Too small: 1870, set the buffer length as 15m
In TN, Too small: 1871, set the buffer length as 15m
In TN, Too small: 1872, set the buffer length as 15m
In TN, Too small: 1873, set the buffer length as 15m
In TN, Too small: 1875, set the buffer length as 15m
In TN, Too small: 1876, set the buffer length as 15m
In TN, Too small: 1877, set the buffer length as 15m
In TN, Too small: 1880, set the buffer length as 15m
In TN, Too small: 1881, set the buffer length as 15m
In TN, Too small: 1883, set the buffer length as 15m
In TN, Too small: 1884, set the buffer length as 15m
In TN, Too small: 1885, set the buffer length as 15m
In TN, Too small: 1886, set the buffer length as 15m
In TN, Too small: 1887, set the buffer length as 15m
In TN, Too small: 1888, set the buffer length as 15m
In TN, Too small: 1889, set the buffer length as 15m
In TN, Too small: 1890, set the buffer length as 15m
In TN, Too small: 1891, set the buffer length as 15m
In TN, Too small: 1892, set the buffer length as 15m
In TN, Too small: 1894, set the buffer length as 15m
In TN, Too small: 1895, set the buffer length as 15m
In TN, Too small: 1896, set the buffer length as 15m
In TN, Too small: 1899, set the buffer length as 15m
In TN, Too small: 1901, set the buffer length as 15m
In TN, Too small: 1902, set the buffer length as 15m
In TN, Too small: 1903, set the buffer length as 15m
In TN, Too small: 1904, set the buffer length as 15m
In TN, Too small: 1905, set the buffer length as 15m
In TN, Too small: 1906, set the buffer length as 15m
In TN, Too small: 1907, set the buffer length as 15m
In TN, Too small: 1908, set the buffer length as 15m
In TN, Too small: 1909, set the buffer length as 15m
In TN, Too small: 1910, set the buffer length as 15m
In TN, Too small: 1911, set the buffer length as 15m
In TN, Too small: 1913, set the buffer length as 15m
In TN, Too small: 1915, set the buffer length as 15m
In TN, Too small: 1916, set the buffer length as 15m
In TN, Too small: 1917, set the buffer length as 15m
In TN, Too small: 1918, set the buffer length as 15m
In TN, Too small: 1919, set the buffer length as 15m
In TN, Too small: 1920, set the buffer length as 15m
In TN, Too small: 1921, set the buffer length as 15m
In TN, Too small: 1922, set the buffer length as 15m
In TN, Too small: 1923, set the buffer length as 15m
In TN, Too small: 1924, set the buffer length as 15m
In TN, Too small: 1925, set the buffer length as 15m
In TN, Too small: 1926, set the buffer length as 15m
In TN, Too small: 1927, set the buffer length as 15m
In TN, Too small: 1929, set the buffer length as 15m
In TN, Too small: 1930, set the buffer length as 15m
In TN, Too small: 1931, set the buffer length as 15m
In TN, Too small: 1933, set the buffer length as 15m
In TN, Too small: 1934, set the buffer length as 15m
In TN, Too small: 1935, set the buffer length as 15m
In TN, Too small: 1936, set the buffer length as 15m
In TN, Too small: 1940, set the buffer length as 15m
In TN, Too small: 1941, set the buffer length as 15m
In TN, Too small: 1942, set the buffer length as 15m
In TN, Too small: 1943, set the buffer length as 15m
In TN, Too small: 1944, set the buffer length as 15m
In TN, Too small: 1945, set the buffer length as 15m
In TN, Too small: 1946, set the buffer length as 15m
In TN, Too small: 1947, set the buffer length as 15m
In TN, Too small: 1948, set the buffer length as 15m
In TN, Too small: 1949, set the buffer length as 15m
In TN, Too small: 1950, set the buffer length as 15m
In TN, Too small: 1952, set the buffer length as 15m
In TN, Too small: 1953, set the buffer length as 15m
In TN, Too small: 1954, set the buffer length as 15m
In TN, Too small: 1956, set the buffer length as 15m
In TN, Too small: 1958, set the buffer length as 15m
In TN, Too small: 1959, set the buffer length as 15m
In TN, Too small: 1963, set the buffer length as 15m
In TN, Too small: 1964, set the buffer length as 15m
In TN, Too small: 1966, set the buffer length as 15m
In TN, Too small: 1967, set the buffer length as 15m
In TN, Too small: 1969, set the buffer length as 15m
In TN, Too small: 1971, set the buffer length as 15m
In TN, Too small: 1973, set the buffer length as 15m
In TN, Too small: 1974, set the buffer length as 15m
In TN, Too small: 1975, set the buffer length as 15m
In TN, Too small: 1977, set the buffer length as 15m
In TN, Too small: 1980, set the buffer length as 15m
In TN, Too small: 1982, set the buffer length as 15m
In TN, Too small: 1983, set the buffer length as 15m
In TN, Too small: 1985, set the buffer length as 15m
In TN, Too small: 1987, set the buffer length as 15m
In TN, Too small: 1988, set the buffer length as 15m
In TN, Too small: 1989, set the buffer length as 15m
In TN, Too small: 1990, set the buffer length as 15m
In TN, Too small: 1992, set the buffer length as 15m
In TN, Too small: 1993, set the buffer length as 15m
In TN, Too small: 1994, set the buffer length as 15m
In TN, Too small: 1995, set the buffer length as 15m
In TN, Too small: 1997, set the buffer length as 15m
In TN, Too small: 1998, set the buffer length as 15m
In TN, Too small: 2000, set the buffer length as 15m
In TN, Too small: 2002, set the buffer length as 15m
In TN, Too small: 2004, set the buffer length as 15m
In TN, Too small: 2005, set the buffer length as 15m
In TN, Too small: 2007, set the buffer length as 15m
In TN, Too small: 2009, set the buffer length as 15m
In TN, Too small: 2010, set the buffer length as 15m
In TN, Too small: 2012, set the buffer length as 15m
In TN, Too small: 2013, set the buffer length as 15m
In TN, Too small: 2014, set the buffer length as 15m
In TN, Too small: 2015, set the buffer length as 15m
In TN, Too small: 2016, set the buffer length as 15m
In TN, Too small: 2017, set the buffer length as 15m
In TN, Too small: 2018, set the buffer length as 15m
In TN, Too small: 2019, set the buffer length as 15m
In TN, Too small: 2020, set the buffer length as 15m
In TN, Too small: 2021, set the buffer length as 15m
In TN, Too small: 2022, set the buffer length as 15m
In TN, Too small: 2025, set the buffer length as 15m
In TN, Too small: 2026, set the buffer length as 15m
In TN, Too small: 2027, set the buffer length as 15m
In TN, Too small: 2028, set the buffer length as 15m
In TN, Too small: 2031, set the buffer length as 15m
In TN, Too small: 2032, set the buffer length as 15m
In TN, Too small: 2033, set the buffer length as 15m
In TN, Too small: 2034, set the buffer length as 15m
In TN, Too small: 2036, set the buffer length as 15m
In TN, Too small: 2037, set the buffer length as 15m
In TN, Too small: 2038, set the buffer length as 15m
In TN, Too small: 2040, set the buffer length as 15m
In TN, Too small: 2041, set the buffer length as 15m
In TN, Too small: 2042, set the buffer length as 15m
In TN, Too small: 2044, set the buffer length as 15m
In TN, Too small: 2045, set the buffer length as 15m
In TN, Too small: 2047, set the buffer length as 15m
In TN, Too small: 2048, set the buffer length as 15m
In TN, Too small: 2049, set the buffer length as 15m
In TN, Too small: 2050, set the buffer length as 15m
In TN, Too small: 2052, set the buffer length as 15m
In TN, Too small: 2053, set the buffer length as 15m
In TN, Too small: 2055, set the buffer length as 15m
In TN, Too small: 2056, set the buffer length as 15m
In TN, Too small: 2058, set the buffer length as 15m
In TN, Too small: 2059, set the buffer length as 15m
In TN, Too small: 2060, set the buffer length as 15m
In TN, Too small: 2061, set the buffer length as 15m
In TN, Too small: 2062, set the buffer length as 15m
In TN, Too small: 2063, set the buffer length as 15m
In TN, Too small: 2064, set the buffer length as 15m
In TN, Too small: 2065, set the buffer length as 15m
In TN, Too small: 2066, set the buffer length as 15m
In TN, Too small: 2067, set the buffer length as 15m
In TN, Too small: 2068, set the buffer length as 15m
In TN, Too small: 2069, set the buffer length as 15m
In TN, Too small: 2072, set the buffer length as 15m
In TN, Too small: 2073, set the buffer length as 15m
In TN, Too small: 2074, set the buffer length as 15m
In TN, Too small: 2075, set the buffer length as 15m
In TN, Too small: 2077, set the buffer length as 15m
In TN, Too small: 2078, set the buffer length as 15m
In TN, Too small: 2080, set the buffer length as 15m
In TN, Too small: 2081, set the buffer length as 15m
In TN, Too small: 2082, set the buffer length as 15m
In TN, Too small: 2083, set the buffer length as 15m
In TN, Too small: 2084, set the buffer length as 15m
In TN, Too small: 2086, set the buffer length as 15m
In TN, Too small: 2088, set the buffer length as 15m
In TN, Too small: 2089, set the buffer length as 15m
In TN, Too small: 2090, set the buffer length as 15m
In TN, Too small: 2091, set the buffer length as 15m
In TN, Too small: 2092, set the buffer length as 15m
In TN, Too small: 2093, set the buffer length as 15m
In TN, Too small: 2094, set the buffer length as 15m
In TN, Too small: 2095, set the buffer length as 15m
In TN, Too small: 2097, set the buffer length as 15m
In TN, Too small: 2098, set the buffer length as 15m
In TN, Too small: 2102, set the buffer length as 15m
In TN, Too small: 2104, set the buffer length as 15m
In TN, Too small: 2105, set the buffer length as 15m
In TN, Too small: 2106, set the buffer length as 15m
In TN, Too small: 2107, set the buffer length as 15m
In TN, Too small: 2108, set the buffer length as 15m
In TN, Too small: 2109, set the buffer length as 15m
In TN, Too small: 2110, set the buffer length as 15m
In TN, Too small: 2111, set the buffer length as 15m
In TN, Too small: 2113, set the buffer length as 15m
In TN, Too small: 2114, set the buffer length as 15m
In TN, Too small: 2115, set the buffer length as 15m
In TN, Too small: 2116, set the buffer length as 15m
In TN, Too small: 2118, set the buffer length as 15m
In TN, Too small: 2120, set the buffer length as 15m
In TN, Too small: 2121, set the buffer length as 15m
In TN, Too small: 2122, set the buffer length as 15m
In TN, Too small: 2123, set the buffer length as 15m
In TN, Too small: 2124, set the buffer length as 15m
In TN, Too small: 2125, set the buffer length as 15m
In TN, Too small: 2127, set the buffer length as 15m
In TN, Too small: 2128, set the buffer length as 15m
In TN, Too small: 2129, set the buffer length as 15m
In TN, Too small: 2130, set the buffer length as 15m
In TN, Too small: 2131, set the buffer length as 15m
In TN, Too small: 2132, set the buffer length as 15m
In TN, Too small: 2133, set the buffer length as 15m
In TN, Too small: 2134, set the buffer length as 15m
In TN, Too small: 2135, set the buffer length as 15m
In TN, Too small: 2136, set the buffer length as 15m
In TN, Too small: 2137, set the buffer length as 15m
In TN, Too small: 2138, set the buffer length as 15m
In TN, Too small: 2139, set the buffer length as 15m
In TN, Too small: 2140, set the buffer length as 15m
In TN, Too small: 2141, set the buffer length as 15m
In TN, Too small: 2142, set the buffer length as 15m
In TN, Too small: 2143, set the buffer length as 15m
In TN, Too small: 2144, set the buffer length as 15m
In TN, Too small: 2145, set the buffer length as 15m
In TN, Too small: 2146, set the buffer length as 15m
In TN, Too small: 2147, set the buffer length as 15m
In TN, Too small: 2148, set the buffer length as 15m
In TN, Too small: 2149, set the buffer length as 15m
In TN, Too small: 2151, set the buffer length as 15m
In TN, Too small: 2152, set the buffer length as 15m
In TN, Too small: 2153, set the buffer length as 15m
In TN, Too small: 2154, set the buffer length as 15m
In TN, Too small: 2155, set the buffer length as 15m
In TN, Too small: 2156, set the buffer length as 15m
In TN, Too small: 2158, set the buffer length as 15m
In TN, Too small: 2159, set the buffer length as 15m
In TN, Too small: 2160, set the buffer length as 15m
In TN, Too small: 2162, set the buffer length as 15m
In TN, Too small: 2163, set the buffer length as 15m
In TN, Too small: 2164, set the buffer length as 15m
In TN, Too small: 2165, set the buffer length as 15m
In TN, Too small: 2166, set the buffer length as 15m
In TN, Too small: 2167, set the buffer length as 15m
In TN, Too small: 2168, set the buffer length as 15m
In TN, Too small: 2169, set the buffer length as 15m
In TN, Too small: 2170, set the buffer length as 15m
In TN, Too small: 2171, set the buffer length as 15m
In TN, Too small: 2172, set the buffer length as 15m
In TN, Too small: 2173, set the buffer length as 15m
In TN, Too small: 2174, set the buffer length as 15m
In TN, Too small: 2175, set the buffer length as 15m
In TN, Too small: 2178, set the buffer length as 15m
In TN, Too small: 2179, set the buffer length as 15m
In TN, Too small: 2180, set the buffer length as 15m
In TN, Too small: 2181, set the buffer length as 15m
In TN, Too small: 2182, set the buffer length as 15m
In TN, Too small: 2183, set the buffer length as 15m
In TN, Too small: 2184, set the buffer length as 15m
In TN, Too small: 2185, set the buffer length as 15m
In TN, Too small: 2186, set the buffer length as 15m
In TN, Too small: 2187, set the buffer length as 15m
In TN, Too small: 2188, set the buffer length as 15m
In TN, Too small: 2189, set the buffer length as 15m
In TN, Too small: 2190, set the buffer length as 15m
In TN, Too small: 2191, set the buffer length as 15m
In TN, Too small: 2192, set the buffer length as 15m
In TN, Too small: 2193, set the buffer length as 15m
In TN, Too small: 2194, set the buffer length as 15m
In TN, Too small: 2195, set the buffer length as 15m
In TN, Too small: 2196, set the buffer length as 15m
In TN, Too small: 2197, set the buffer length as 15m
In TN, Too small: 2198, set the buffer length as 15m
In TN, Too small: 2199, set the buffer length as 15m
In TN, Too small: 2200, set the buffer length as 15m
In TN, Too small: 2201, set the buffer length as 15m
In TN, Too small: 2202, set the buffer length as 15m
In TN, Too small: 2203, set the buffer length as 15m
In TN, Too small: 2205, set the buffer length as 15m
In TN, Too small: 2206, set the buffer length as 15m
In TN, Too small: 2207, set the buffer length as 15m
In TN, Too small: 2208, set the buffer length as 15m
In TN, Too small: 2209, set the buffer length as 15m
In TN, Too small: 2211, set the buffer length as 15m
In TN, Too small: 2212, set the buffer length as 15m
In TN, Too small: 2213, set the buffer length as 15m
In TN, Too small: 2214, set the buffer length as 15m
In TN, Too small: 2215, set the buffer length as 15m
In TN, Too small: 2216, set the buffer length as 15m
In TN, Too small: 2217, set the buffer length as 15m
In TN, Too small: 2218, set the buffer length as 15m
In TN, Too small: 2219, set the buffer length as 15m
In TN, Too small: 2220, set the buffer length as 15m
In TN, Too small: 2221, set the buffer length as 15m
In TN, Too small: 2222, set the buffer length as 15m
In TN, Too small: 2223, set the buffer length as 15m
In TN, Too small: 2224, set the buffer length as 15m
In TN, Too small: 2225, set the buffer length as 15m
In TN, Too small: 2226, set the buffer length as 15m
In TN, Too small: 2229, set the buffer length as 15m
In TN, Too small: 2230, set the buffer length as 15m
In TN, Too small: 2231, set the buffer length as 15m
In TN, Too small: 2232, set the buffer length as 15m
In TN, Too small: 2233, set the buffer length as 15m
In TN, Too small: 2234, set the buffer length as 15m
In TN, Too small: 2235, set the buffer length as 15m
In TN, Too small: 2236, set the buffer length as 15m
In TN, Too small: 2237, set the buffer length as 15m
In TN, Too small: 2238, set the buffer length as 15m
In TN, Too small: 2239, set the buffer length as 15m
In TN, Too small: 2240, set the buffer length as 15m
In TN, Too small: 2243, set the buffer length as 15m
In TN, Too small: 2245, set the buffer length as 15m
In TN, Too small: 2247, set the buffer length as 15m
In TN, Too small: 2248, set the buffer length as 15m
In TN, Too small: 2249, set the buffer length as 15m
In TN, Too small: 2250, set the buffer length as 15m
In TN, Too small: 2251, set the buffer length as 15m
In TN, Too small: 2253, set the buffer length as 15m
In TN, Too small: 2254, set the buffer length as 15m
In TN, Too small: 2256, set the buffer length as 15m
In TN, Too small: 2257, set the buffer length as 15m
In TN, Too small: 2259, set the buffer length as 15m
In TN, Too small: 2261, set the buffer length as 15m
In TN, Too small: 2263, set the buffer length as 15m
In TN, Too small: 2264, set the buffer length as 15m
In TN, Too small: 2265, set the buffer length as 15m
In TN, Too small: 2266, set the buffer length as 15m
In TN, Too small: 2268, set the buffer length as 15m
In TN, Too small: 2270, set the buffer length as 15m
In TN, Too small: 2271, set the buffer length as 15m
In TN, Too small: 2272, set the buffer length as 15m
In TN, Too small: 2278, set the buffer length as 15m
In TN, Too small: 2282, set the buffer length as 15m
In TN, Too small: 2284, set the buffer length as 15m
In TN, Too small: 2291, set the buffer length as 15m
In TN, Too small: 2293, set the buffer length as 15m
In TN, Too small: 2294, set the buffer length as 15m
In TN, Too small: 2295, set the buffer length as 15m
In TN, Too small: 2296, set the buffer length as 15m
In TN, Too small: 2298, set the buffer length as 15m
In TN, Too small: 2299, set the buffer length as 15m
In TN, Too small: 2300, set the buffer length as 15m
In TN, Too small: 2301, set the buffer length as 15m
In TN, Too small: 2302, set the buffer length as 15m
In TN, Too small: 2303, set the buffer length as 15m
In TN, Too small: 2305, set the buffer length as 15m
In TN, Too small: 2306, set the buffer length as 15m
In TN, Too small: 2307, set the buffer length as 15m
In TN, Too small: 2308, set the buffer length as 15m
In TN, Too small: 2309, set the buffer length as 15m
In TN, Too small: 2310, set the buffer length as 15m
In TN, Too small: 2313, set the buffer length as 15m
In TN, Too small: 2314, set the buffer length as 15m
In TN, Too small: 2315, set the buffer length as 15m
In TN, Too small: 2316, set the buffer length as 15m
In TN, Too small: 2317, set the buffer length as 15m
In TN, Too small: 2318, set the buffer length as 15m
In TN, Too small: 2319, set the buffer length as 15m
In TN, Too small: 2320, set the buffer length as 15m
In TN, Too small: 2321, set the buffer length as 15m
In TN, Too small: 2322, set the buffer length as 15m
In TN, Too small: 2323, set the buffer length as 15m
In TN, Too small: 2324, set the buffer length as 15m
In TN, Too small: 2325, set the buffer length as 15m
In TN, Too small: 2326, set the buffer length as 15m
In TN, Too small: 2327, set the buffer length as 15m
In TN, Too small: 2328, set the buffer length as 15m
In TN, Too small: 2329, set the buffer length as 15m
In TN, Too small: 2331, set the buffer length as 15m
In TN, Too small: 2332, set the buffer length as 15m
In TN, Too small: 2333, set the buffer length as 15m
In TN, Too small: 2334, set the buffer length as 15m
In TN, Too small: 2335, set the buffer length as 15m
In TN, Too small: 2337, set the buffer length as 15m
In TN, Too small: 2338, set the buffer length as 15m
In TN, Too small: 2339, set the buffer length as 15m
In TN, Too small: 2340, set the buffer length as 15m
In TN, Too small: 2342, set the buffer length as 15m
In TN, Too small: 2343, set the buffer length as 15m
In TN, Too small: 2344, set the buffer length as 15m
In TN, Too small: 2346, set the buffer length as 15m
In TN, Too small: 2347, set the buffer length as 15m
In TN, Too small: 2348, set the buffer length as 15m
In TN, Too small: 2350, set the buffer length as 15m
In TN, Too small: 2353, set the buffer length as 15m
In TN, Too small: 2354, set the buffer length as 15m
In TN, Too small: 2356, set the buffer length as 15m
In TN, Too small: 2357, set the buffer length as 15m
In TN, Too small: 2359, set the buffer length as 15m
In TN, Too small: 2360, set the buffer length as 15m
In TN, Too small: 2361, set the buffer length as 15m
In TN, Too small: 2362, set the buffer length as 15m
In TN, Too small: 2364, set the buffer length as 15m
In TN, Too small: 2366, set the buffer length as 15m
In TN, Too small: 2367, set the buffer length as 15m
In TN, Too small: 2369, set the buffer length as 15m
In TN, Too small: 2370, set the buffer length as 15m
In TN, Too small: 2371, set the buffer length as 15m
In TN, Too small: 2372, set the buffer length as 15m
In TN, Too small: 2373, set the buffer length as 15m
In TN, Too small: 2375, set the buffer length as 15m
In TN, Too small: 2376, set the buffer length as 15m
In TN, Too small: 2379, set the buffer length as 15m
In TN, Too small: 2380, set the buffer length as 15m
In TN, Too small: 2381, set the buffer length as 15m
In TN, Too small: 2382, set the buffer length as 15m
In TN, Too small: 2383, set the buffer length as 15m
In TN, Too small: 2384, set the buffer length as 15m
In TN, Too small: 2386, set the buffer length as 15m
In TN, Too small: 2387, set the buffer length as 15m
In TN, Too small: 2388, set the buffer length as 15m
In TN, Too small: 2389, set the buffer length as 15m
In TN, Too small: 2390, set the buffer length as 15m
In TN, Too small: 2391, set the buffer length as 15m
In TN, Too small: 2392, set the buffer length as 15m
In TN, Too small: 2393, set the buffer length as 15m
In TN, Too small: 2394, set the buffer length as 15m
In TN, Too small: 2395, set the buffer length as 15m
In TN, Too small: 2396, set the buffer length as 15m
In TN, Too small: 2397, set the buffer length as 15m
In TN, Too small: 2398, set the buffer length as 15m
In TN, Too small: 2399, set the buffer length as 15m
In TN, Too small: 2400, set the buffer length as 15m
In TN, Too small: 2401, set the buffer length as 15m
In TN, Too small: 2402, set the buffer length as 15m
In TN, Too small: 2403, set the buffer length as 15m
In TN, Too small: 2404, set the buffer length as 15m
In TN, Too small: 2405, set the buffer length as 15m
In TN, Too small: 2407, set the buffer length as 15m
In TN, Too small: 2408, set the buffer length as 15m
In TN, Too small: 2409, set the buffer length as 15m
In TN, Too small: 2410, set the buffer length as 15m
In TN, Too small: 2411, set the buffer length as 15m
In TN, Too small: 2412, set the buffer length as 15m
In TN, Too small: 2413, set the buffer length as 15m
In TN, Too small: 2414, set the buffer length as 15m
In TN, Too small: 2415, set the buffer length as 15m
In TN, Too small: 2416, set the buffer length as 15m
In TN, Too small: 2417, set the buffer length as 15m
In TN, Too small: 2418, set the buffer length as 15m
In TN, Too small: 2420, set the buffer length as 15m
In TN, Too small: 2421, set the buffer length as 15m
In TN, Too small: 2422, set the buffer length as 15m
In TN, Too small: 2423, set the buffer length as 15m
In TN, Too small: 2425, set the buffer length as 15m
In TN, Too small: 2426, set the buffer length as 15m
In TN, Too small: 2428, set the buffer length as 15m
In TN, Too small: 2429, set the buffer length as 15m
In TN, Too small: 2430, set the buffer length as 15m
In TN, Too small: 2431, set the buffer length as 15m
In TN, Too small: 2432, set the buffer length as 15m
In TN, Too small: 2434, set the buffer length as 15m
In TN, Too small: 2439, set the buffer length as 15m
In TN, Too small: 2440, set the buffer length as 15m
In TN, Too small: 2441, set the buffer length as 15m
In TN, Too small: 2442, set the buffer length as 15m
In TN, Too small: 2443, set the buffer length as 15m
In TN, Too small: 2444, set the buffer length as 15m
In TN, Too small: 2445, set the buffer length as 15m
In TN, Too small: 2446, set the buffer length as 15m
In TN, Too small: 2447, set the buffer length as 15m
In TN, Too small: 2448, set the buffer length as 15m
In TN, Too small: 2450, set the buffer length as 15m
In TN, Too small: 2452, set the buffer length as 15m
In TN, Too small: 2454, set the buffer length as 15m
In TN, Too small: 2456, set the buffer length as 15m
In TN, Too small: 2457, set the buffer length as 15m
In TN, Too small: 2459, set the buffer length as 15m
In TN, Too small: 2460, set the buffer length as 15m
In TN, Too small: 2461, set the buffer length as 15m
In TN, Too small: 2462, set the buffer length as 15m
In TN, Too small: 2463, set the buffer length as 15m
In TN, Too small: 2464, set the buffer length as 15m
In TN, Too small: 2465, set the buffer length as 15m
In TN, Too small: 2467, set the buffer length as 15m
In TN, Too small: 2468, set the buffer length as 15m
In TN, Too small: 2469, set the buffer length as 15m
In TN, Too small: 2470, set the buffer length as 15m
In TN, Too small: 2471, set the buffer length as 15m
In TN, Too small: 2472, set the buffer length as 15m
In TN, Too small: 2474, set the buffer length as 15m
In TN, Too small: 2475, set the buffer length as 15m
In TN, Too small: 2477, set the buffer length as 15m
In TN, Too small: 2478, set the buffer length as 15m
In TN, Too small: 2479, set the buffer length as 15m
In TN, Too small: 2480, set the buffer length as 15m
In TN, Too small: 2481, set the buffer length as 15m
In TN, Too small: 2483, set the buffer length as 15m
In TN, Too small: 2484, set the buffer length as 15m
In TN, Too small: 2486, set the buffer length as 15m
In TN, Too small: 2489, set the buffer length as 15m
In TN, Too small: 2490, set the buffer length as 15m
In TN, Too small: 2492, set the buffer length as 15m
In TN, Too small: 2494, set the buffer length as 15m
In TN, Too small: 2495, set the buffer length as 15m
In TN, Too small: 2496, set the buffer length as 15m
In TN, Too small: 2497, set the buffer length as 15m
In TN, Too small: 2498, set the buffer length as 15m
In TN, Too small: 2501, set the buffer length as 15m
In TN, Too small: 2503, set the buffer length as 15m
In TN, Too small: 2504, set the buffer length as 15m
In TN, Too small: 2505, set the buffer length as 15m
In TN, Too small: 2507, set the buffer length as 15m
In TN, Too small: 2508, set the buffer length as 15m
In TN, Too small: 2509, set the buffer length as 15m
In TN, Too small: 2510, set the buffer length as 15m
In TN, Too small: 2511, set the buffer length as 15m
In TN, Too small: 2512, set the buffer length as 15m
In TN, Too small: 2513, set the buffer length as 15m
In TN, Too small: 2514, set the buffer length as 15m
In TN, Too small: 2516, set the buffer length as 15m
In TN, Too small: 2517, set the buffer length as 15m
In TN, Too small: 2518, set the buffer length as 15m
In TN, Too small: 2520, set the buffer length as 15m
In TN, Too small: 2521, set the buffer length as 15m
In TN, Too small: 2522, set the buffer length as 15m
In TN, Too small: 2523, set the buffer length as 15m
In TN, Too small: 2524, set the buffer length as 15m
In TN, Too small: 2525, set the buffer length as 15m
In TN, Too small: 2526, set the buffer length as 15m
In TN, Too small: 2528, set the buffer length as 15m
In TN, Too small: 2529, set the buffer length as 15m
In TN, Too small: 2530, set the buffer length as 15m
In TN, Too small: 2533, set the buffer length as 15m
In TN, Too small: 2535, set the buffer length as 15m
In TN, Too small: 2536, set the buffer length as 15m
In TN, Too small: 2537, set the buffer length as 15m
In TN, Too small: 2538, set the buffer length as 15m
In TN, Too small: 2540, set the buffer length as 15m
In TN, Too small: 2542, set the buffer length as 15m
In TN, Too small: 2543, set the buffer length as 15m
In TN, Too small: 2545, set the buffer length as 15m
In TN, Too small: 2546, set the buffer length as 15m
In TN, Too small: 2547, set the buffer length as 15m
In TN, Too small: 2548, set the buffer length as 15m
In TN, Too small: 2549, set the buffer length as 15m
In TN, Too small: 2552, set the buffer length as 15m
In TN, Too small: 2554, set the buffer length as 15m
In TN, Too small: 2556, set the buffer length as 15m
In TN, Too small: 2558, set the buffer length as 15m
In TN, Too small: 2560, set the buffer length as 15m
In TN, Too small: 2561, set the buffer length as 15m
In TN, Too small: 2563, set the buffer length as 15m
In TN, Too small: 2565, set the buffer length as 15m
In TN, Too small: 2567, set the buffer length as 15m
In TN, Too small: 2568, set the buffer length as 15m
In TN, Too small: 2569, set the buffer length as 15m
In TN, Too small: 2570, set the buffer length as 15m
In TN, Too small: 2572, set the buffer length as 15m
In TN, Too small: 2573, set the buffer length as 15m
In TN, Too small: 2575, set the buffer length as 15m
In TN, Too small: 2577, set the buffer length as 15m
In TN, Too small: 2578, set the buffer length as 15m
In TN, Too small: 2580, set the buffer length as 15m
In TN, Too small: 2583, set the buffer length as 15m
In TN, Too small: 2584, set the buffer length as 15m
In TN, Too small: 2585, set the buffer length as 15m
In TN, Too small: 2586, set the buffer length as 15m
In TN, Too small: 2587, set the buffer length as 15m
In TN, Too small: 2589, set the buffer length as 15m
In TN, Too small: 2590, set the buffer length as 15m
In TN, Too small: 2591, set the buffer length as 15m
In TN, Too small: 2592, set the buffer length as 15m
In TN, Too small: 2593, set the buffer length as 15m
In TN, Too small: 2594, set the buffer length as 15m
In TN, Too small: 2595, set the buffer length as 15m
In TN, Too small: 2596, set the buffer length as 15m
In TN, Too small: 2597, set the buffer length as 15m
In TN, Too small: 2598, set the buffer length as 15m
In TN, Too small: 2599, set the buffer length as 15m
In TN, Too small: 2600, set the buffer length as 15m
In TN, Too small: 2601, set the buffer length as 15m
In TN, Too small: 2602, set the buffer length as 15m
In TN, Too small: 2603, set the buffer length as 15m
In TN, Too small: 2604, set the buffer length as 15m
In TN, Too small: 2606, set the buffer length as 15m
In TN, Too small: 2607, set the buffer length as 15m
In TN, Too small: 2609, set the buffer length as 15m
In TN, Too small: 2610, set the buffer length as 15m
In TN, Too small: 2611, set the buffer length as 15m
In TN, Too small: 2612, set the buffer length as 15m
In TN, Too small: 2613, set the buffer length as 15m
In TN, Too small: 2614, set the buffer length as 15m
In TN, Too small: 2616, set the buffer length as 15m
In TN, Too small: 2617, set the buffer length as 15m
In TN, Too small: 2618, set the buffer length as 15m
In TN, Too small: 2619, set the buffer length as 15m
In TN, Too small: 2620, set the buffer length as 15m
In TN, Too small: 2621, set the buffer length as 15m
In TN, Too small: 2622, set the buffer length as 15m
In TN, Too small: 2623, set the buffer length as 15m
In TN, Too small: 2624, set the buffer length as 15m
In TN, Too small: 2626, set the buffer length as 15m
In TN, Too small: 2627, set the buffer length as 15m
In TN, Too small: 2629, set the buffer length as 15m
In TN, Too small: 2631, set the buffer length as 15m
In TN, Too small: 2632, set the buffer length as 15m
In TN, Too small: 2633, set the buffer length as 15m
In TN, Too small: 2634, set the buffer length as 15m
In TN, Too small: 2636, set the buffer length as 15m
In TN, Too small: 2640, set the buffer length as 15m
In TN, Too small: 2641, set the buffer length as 15m
In TN, Too small: 2644, set the buffer length as 15m
In TN, Too small: 2645, set the buffer length as 15m
In TN, Too small: 2651, set the buffer length as 15m
In TN, Too small: 2652, set the buffer length as 15m
In TN, Too small: 2653, set the buffer length as 15m
In TN, Too small: 2656, set the buffer length as 15m
In TN, Too small: 2659, set the buffer length as 15m
In TN, Too small: 2660, set the buffer length as 15m
In TN, Too small: 2661, set the buffer length as 15m
In TN, Too small: 2665, set the buffer length as 15m
In TN, Too small: 2666, set the buffer length as 15m
In TN, Too small: 2668, set the buffer length as 15m
In TN, Too small: 2669, set the buffer length as 15m
In TN, Too small: 2674, set the buffer length as 15m
In TN, Too small: 2676, set the buffer length as 15m
In TN, Too small: 2678, set the buffer length as 15m
In TN, Too small: 2680, set the buffer length as 15m
In TN, Too small: 2681, set the buffer length as 15m
In TN, Too small: 2682, set the buffer length as 15m
In TN, Too small: 2683, set the buffer length as 15m
In TN, Too small: 2686, set the buffer length as 15m
In TN, Too small: 2687, set the buffer length as 15m
In TN, Too small: 2689, set the buffer length as 15m
In TN, Too small: 2690, set the buffer length as 15m
In TN, Too small: 2691, set the buffer length as 15m
In TN, Too small: 2693, set the buffer length as 15m
In TN, Too small: 2694, set the buffer length as 15m
In TN, Too small: 2695, set the buffer length as 15m
In TN, Too small: 2696, set the buffer length as 15m
In TN, Too small: 2697, set the buffer length as 15m
In TN, Too small: 2698, set the buffer length as 15m
In TN, Too small: 2699, set the buffer length as 15m
In TN, Too small: 2700, set the buffer length as 15m
In TN, Too small: 2701, set the buffer length as 15m
In TN, Too small: 2703, set the buffer length as 15m
In TN, Too small: 2704, set the buffer length as 15m
In TN, Too small: 2705, set the buffer length as 15m
In TN, Too small: 2706, set the buffer length as 15m
In TN, Too small: 2707, set the buffer length as 15m
In TN, Too small: 2708, set the buffer length as 15m
In TN, Too small: 2709, set the buffer length as 15m
In TN, Too small: 2710, set the buffer length as 15m
In TN, Too small: 2711, set the buffer length as 15m
In TN, Too small: 2712, set the buffer length as 15m
In TN, Too small: 2713, set the buffer length as 15m
In TN, Too small: 2714, set the buffer length as 15m
In TN, Too small: 2715, set the buffer length as 15m
In TN, Too small: 2716, set the buffer length as 15m
In TN, Too small: 2717, set the buffer length as 15m
In TN, Too small: 2718, set the buffer length as 15m
In TN, Too small: 2719, set the buffer length as 15m
In TN, Too small: 2720, set the buffer length as 15m
In TN, Too small: 2721, set the buffer length as 15m
In TN, Too small: 2722, set the buffer length as 15m
In TN, Too small: 2723, set the buffer length as 15m
In TN, Too small: 2725, set the buffer length as 15m
In TN, Too small: 2726, set the buffer length as 15m
In TN, Too small: 2727, set the buffer length as 15m
In TN, Too small: 2728, set the buffer length as 15m
In TN, Too small: 2729, set the buffer length as 15m
In TN, Too small: 2731, set the buffer length as 15m
In TN, Too small: 2732, set the buffer length as 15m
In TN, Too small: 2733, set the buffer length as 15m
In TN, Too small: 2734, set the buffer length as 15m
In TN, Too small: 2736, set the buffer length as 15m
In TN, Too small: 2737, set the buffer length as 15m
In TN, Too small: 2738, set the buffer length as 15m
In TN, Too small: 2739, set the buffer length as 15m
In TN, Too small: 2741, set the buffer length as 15m
In TN, Too small: 2742, set the buffer length as 15m
In TN, Too small: 2744, set the buffer length as 15m
In TN, Too small: 2745, set the buffer length as 15m
In TN, Too small: 2746, set the buffer length as 15m
In TN, Too small: 2747, set the buffer length as 15m
In TN, Too small: 2748, set the buffer length as 15m
In TN, Too small: 2749, set the buffer length as 15m
In TN, Too small: 2750, set the buffer length as 15m
In TN, Too small: 2751, set the buffer length as 15m
In TN, Too small: 2752, set the buffer length as 15m
In TN, Too small: 2753, set the buffer length as 15m
In TN, Too small: 2754, set the buffer length as 15m
In TN, Too small: 2755, set the buffer length as 15m
In TN, Too small: 2756, set the buffer length as 15m
In TN, Too small: 2757, set the buffer length as 15m
In TN, Too small: 2758, set the buffer length as 15m
In TN, Too small: 2760, set the buffer length as 15m
In TN, Too small: 2761, set the buffer length as 15m
In TN, Too small: 2762, set the buffer length as 15m
In TN, Too small: 2763, set the buffer length as 15m
In TN, Too small: 2765, set the buffer length as 15m
In TN, Too small: 2767, set the buffer length as 15m
In TN, Too small: 2768, set the buffer length as 15m
In TN, Too small: 2769, set the buffer length as 15m
In TN, Too small: 2770, set the buffer length as 15m
In TN, Too small: 2771, set the buffer length as 15m
In TN, Too small: 2772, set the buffer length as 15m
In TN, Too small: 2774, set the buffer length as 15m
In TN, Too small: 2775, set the buffer length as 15m
In TN, Too small: 2776, set the buffer length as 15m
In TN, Too small: 2777, set the buffer length as 15m
In TN, Too small: 2778, set the buffer length as 15m
In TN, Too small: 2779, set the buffer length as 15m
In TN, Too small: 2780, set the buffer length as 15m
In TN, Too small: 2781, set the buffer length as 15m
In TN, Too small: 2782, set the buffer length as 15m
In TN, Too small: 2783, set the buffer length as 15m
In TN, Too small: 2784, set the buffer length as 15m
In TN, Too small: 2785, set the buffer length as 15m
In TN, Too small: 2786, set the buffer length as 15m
In TN, Too small: 2788, set the buffer length as 15m
In TN, Too small: 2789, set the buffer length as 15m
In TN, Too small: 2790, set the buffer length as 15m
In TN, Too small: 2791, set the buffer length as 15m
In TN, Too small: 2792, set the buffer length as 15m
In TN, Too small: 2793, set the buffer length as 15m
In TN, Too small: 2794, set the buffer length as 15m
In TN, Too small: 2795, set the buffer length as 15m
In TN, Too small: 2797, set the buffer length as 15m
In TN, Too small: 2798, set the buffer length as 15m
In TN, Too small: 2799, set the buffer length as 15m
In TN, Too small: 2802, set the buffer length as 15m
In TN, Too small: 2803, set the buffer length as 15m
In TN, Too small: 2804, set the buffer length as 15m
In TN, Too small: 2805, set the buffer length as 15m
In TN, Too small: 2808, set the buffer length as 15m
In TN, Too small: 2810, set the buffer length as 15m
In TN, Too small: 2811, set the buffer length as 15m
In TN, Too small: 2812, set the buffer length as 15m
In TN, Too small: 2813, set the buffer length as 15m
In TN, Too small: 2815, set the buffer length as 15m
In TN, Too small: 2816, set the buffer length as 15m
In TN, Too small: 2817, set the buffer length as 15m
In TN, Too small: 2820, set the buffer length as 15m
In TN, Too small: 2823, set the buffer length as 15m
In TN, Too small: 2824, set the buffer length as 15m
In TN, Too small: 2825, set the buffer length as 15m
In TN, Too small: 2829, set the buffer length as 15m
In TN, Too small: 2830, set the buffer length as 15m
In TN, Too small: 2832, set the buffer length as 15m
In TN, Too small: 2833, set the buffer length as 15m
In TN, Too small: 2834, set the buffer length as 15m
In TN, Too small: 2835, set the buffer length as 15m
In TN, Too small: 2838, set the buffer length as 15m
In TN, Too small: 2841, set the buffer length as 15m
In TN, Too small: 2843, set the buffer length as 15m
In TN, Too small: 2844, set the buffer length as 15m
In TN, Too small: 2846, set the buffer length as 15m
In TN, Too small: 2847, set the buffer length as 15m
In TN, Too small: 2848, set the buffer length as 15m
In TN, Too small: 2850, set the buffer length as 15m
In TN, Too small: 2852, set the buffer length as 15m
In TN, Too small: 2854, set the buffer length as 15m
In TN, Too small: 2855, set the buffer length as 15m
In TN, Too small: 2856, set the buffer length as 15m
In TN, Too small: 2858, set the buffer length as 15m
In TN, Too small: 2859, set the buffer length as 15m
In TN, Too small: 2860, set the buffer length as 15m
In TN, Too small: 2861, set the buffer length as 15m
In TN, Too small: 2862, set the buffer length as 15m
In TN, Too small: 2864, set the buffer length as 15m
In TN, Too small: 2865, set the buffer length as 15m
In TN, Too small: 2866, set the buffer length as 15m
In TN, Too small: 2867, set the buffer length as 15m
In TN, Too small: 2868, set the buffer length as 15m
In TN, Too small: 2869, set the buffer length as 15m
File exists.
SC
#Total: 11260
In SC, Too small: 86, set the buffer length as 15m
In SC, Too small: 621, set the buffer length as 15m
In SC, Too small: 981, set the buffer length as 15m
In SC, Too small: 1375, set the buffer length as 15m
In SC, Too small: 2031, set the buffer length as 15m
In SC, Too small: 2518, set the buffer length as 15m
In SC, Too small: 2741, set the buffer length as 15m
In SC, Too small: 2798, set the buffer length as 15m
In SC, Too small: 2899, set the buffer length as 15m
In SC, Too small: 3071, set the buffer length as 15m
In SC, Too small: 3296, set the buffer length as 15m
In SC, Too small: 3421, set the buffer length as 15m
In SC, Too small: 3555, set the buffer length as 15m
In SC, Too small: 5187, set the buffer length as 15m
In SC, Too small: 5602, set the buffer length as 15m
In SC, Too small: 5614, set the buffer length as 15m
In SC, Too small: 5704, set the buffer length as 15m
In SC, Too small: 5849, set the buffer length as 15m
In SC, Too small: 6110, set the buffer length as 15m
In SC, Too small: 7004, set the buffer length as 15m
In SC, Too small: 7013, set the buffer length as 15m
In SC, Too small: 7015, set the buffer length as 15m
In SC, Too small: 7369, set the buffer length as 15m
In SC, Too small: 7461, set the buffer length as 15m
In SC, Too small: 7840, set the buffer length as 15m
In SC, Too small: 8071, set the buffer length as 15m
In SC, Too small: 8133, set the buffer length as 15m
In SC, Too small: 8301, set the buffer length as 15m
In SC, Too small: 8358, set the buffer length as 15m
In SC, Too small: 8424, set the buffer length as 15m
In SC, Too small: 8520, set the buffer length as 15m
In SC, Too small: 9199, set the buffer length as 15m
In SC, Too small: 9267, set the buffer length as 15m
In SC, Too small: 9311, set the buffer length as 15m
In SC, Too small: 9472, set the buffer length as 15m
In SC, Too small: 9474, set the buffer length as 15m
In SC, Too small: 9566, set the buffer length as 15m
In SC, Too small: 9571, set the buffer length as 15m
In SC, Too small: 9742, set the buffer length as 15m
In SC, Too small: 9818, set the buffer length as 15m
In SC, Too small: 9843, set the buffer length as 15m
In SC, Too small: 9845, set the buffer length as 15m
In SC, Too small: 9847, set the buffer length as 15m
In SC, Too small: 9897, set the buffer length as 15m
In SC, Too small: 10062, set the buffer length as 15m
In SC, Too small: 10155, set the buffer length as 15m
In SC, Too small: 10302, set the buffer length as 15m
In SC, Too small: 10956, set the buffer length as 15m
In SC, Too small: 10993, set the buffer length as 15m
File not found.
File exists.
FL
#Total: 23462
File exists.
AL
#Total: 14119
In AL, Too small: 6755, set the buffer length as 15m
In AL, Too small: 8183, set the buffer length as 15m
In AL, Too small: 8288, set the buffer length as 15m
In AL, Too small: 8655, set the buffer length as 15m
In AL, Too small: 9763, set the buffer length as 15m
In AL, Too small: 9845, set the buffer length as 15m
In AL, Too small: 10410, set the buffer length as 15m
In AL, Too small: 10762, set the buffer length as 15m
File exists.
MS
#Total: 4185
File exists.
GA
#Total: 42393
File exists.
TN
#Total: 3274
In TN, Too small: 2, set the buffer length as 15m
In TN, Too small: 3, set the buffer length as 15m
In TN, Too small: 4, set the buffer length as 15m
In TN, Too small: 5, set the buffer length as 15m
In TN, Too small: 6, set the buffer length as 15m
In TN, Too small: 7, set the buffer length as 15m
In TN, Too small: 8, set the buffer length as 15m
In TN, Too small: 11, set the buffer length as 15m
In TN, Too small: 12, set the buffer length as 15m
In TN, Too small: 14, set the buffer length as 15m
In TN, Too small: 15, set the buffer length as 15m
In TN, Too small: 16, set the buffer length as 15m
In TN, Too small: 17, set the buffer length as 15m
In TN, Too small: 18, set the buffer length as 15m
In TN, Too small: 19, set the buffer length as 15m
In TN, Too small: 21, set the buffer length as 15m
In TN, Too small: 22, set the buffer length as 15m
In TN, Too small: 23, set the buffer length as 15m
In TN, Too small: 24, set the buffer length as 15m
In TN, Too small: 25, set the buffer length as 15m
In TN, Too small: 26, set the buffer length as 15m
In TN, Too small: 27, set the buffer length as 15m
In TN, Too small: 28, set the buffer length as 15m
In TN, Too small: 29, set the buffer length as 15m
In TN, Too small: 30, set the buffer length as 15m
In TN, Too small: 32, set the buffer length as 15m
In TN, Too small: 33, set the buffer length as 15m
In TN, Too small: 34, set the buffer length as 15m
In TN, Too small: 35, set the buffer length as 15m
In TN, Too small: 36, set the buffer length as 15m
In TN, Too small: 37, set the buffer length as 15m
In TN, Too small: 38, set the buffer length as 15m
In TN, Too small: 39, set the buffer length as 15m
In TN, Too small: 40, set the buffer length as 15m
In TN, Too small: 41, set the buffer length as 15m
In TN, Too small: 42, set the buffer length as 15m
In TN, Too small: 43, set the buffer length as 15m
In TN, Too small: 44, set the buffer length as 15m
In TN, Too small: 45, set the buffer length as 15m
In TN, Too small: 46, set the buffer length as 15m
In TN, Too small: 47, set the buffer length as 15m
In TN, Too small: 48, set the buffer length as 15m
In TN, Too small: 49, set the buffer length as 15m
In TN, Too small: 50, set the buffer length as 15m
In TN, Too small: 51, set the buffer length as 15m
In TN, Too small: 52, set the buffer length as 15m
In TN, Too small: 53, set the buffer length as 15m
In TN, Too small: 54, set the buffer length as 15m
In TN, Too small: 55, set the buffer length as 15m
In TN, Too small: 57, set the buffer length as 15m
In TN, Too small: 58, set the buffer length as 15m
In TN, Too small: 62, set the buffer length as 15m
In TN, Too small: 63, set the buffer length as 15m
In TN, Too small: 64, set the buffer length as 15m
In TN, Too small: 65, set the buffer length as 15m
In TN, Too small: 66, set the buffer length as 15m
In TN, Too small: 68, set the buffer length as 15m
In TN, Too small: 69, set the buffer length as 15m
In TN, Too small: 72, set the buffer length as 15m
In TN, Too small: 77, set the buffer length as 15m
In TN, Too small: 81, set the buffer length as 15m
In TN, Too small: 83, set the buffer length as 15m
In TN, Too small: 87, set the buffer length as 15m
In TN, Too small: 88, set the buffer length as 15m
In TN, Too small: 89, set the buffer length as 15m
In TN, Too small: 92, set the buffer length as 15m
In TN, Too small: 93, set the buffer length as 15m
In TN, Too small: 94, set the buffer length as 15m
In TN, Too small: 95, set the buffer length as 15m
In TN, Too small: 96, set the buffer length as 15m
In TN, Too small: 97, set the buffer length as 15m
In TN, Too small: 98, set the buffer length as 15m
In TN, Too small: 99, set the buffer length as 15m
In TN, Too small: 100, set the buffer length as 15m
In TN, Too small: 101, set the buffer length as 15m
In TN, Too small: 102, set the buffer length as 15m
In TN, Too small: 104, set the buffer length as 15m
In TN, Too small: 105, set the buffer length as 15m
In TN, Too small: 106, set the buffer length as 15m
In TN, Too small: 107, set the buffer length as 15m
In TN, Too small: 108, set the buffer length as 15m
In TN, Too small: 109, set the buffer length as 15m
In TN, Too small: 110, set the buffer length as 15m
In TN, Too small: 111, set the buffer length as 15m
In TN, Too small: 112, set the buffer length as 15m
In TN, Too small: 113, set the buffer length as 15m
In TN, Too small: 114, set the buffer length as 15m
In TN, Too small: 115, set the buffer length as 15m
In TN, Too small: 116, set the buffer length as 15m
In TN, Too small: 118, set the buffer length as 15m
In TN, Too small: 119, set the buffer length as 15m
In TN, Too small: 120, set the buffer length as 15m
In TN, Too small: 125, set the buffer length as 15m
In TN, Too small: 126, set the buffer length as 15m
In TN, Too small: 128, set the buffer length as 15m
In TN, Too small: 130, set the buffer length as 15m
In TN, Too small: 131, set the buffer length as 15m
In TN, Too small: 132, set the buffer length as 15m
In TN, Too small: 136, set the buffer length as 15m
In TN, Too small: 139, set the buffer length as 15m
In TN, Too small: 142, set the buffer length as 15m
In TN, Too small: 143, set the buffer length as 15m
In TN, Too small: 144, set the buffer length as 15m
In TN, Too small: 145, set the buffer length as 15m
In TN, Too small: 146, set the buffer length as 15m
In TN, Too small: 147, set the buffer length as 15m
In TN, Too small: 154, set the buffer length as 15m
In TN, Too small: 155, set the buffer length as 15m
In TN, Too small: 156, set the buffer length as 15m
In TN, Too small: 157, set the buffer length as 15m
In TN, Too small: 159, set the buffer length as 15m
In TN, Too small: 160, set the buffer length as 15m
In TN, Too small: 161, set the buffer length as 15m
In TN, Too small: 162, set the buffer length as 15m
In TN, Too small: 163, set the buffer length as 15m
In TN, Too small: 165, set the buffer length as 15m
In TN, Too small: 166, set the buffer length as 15m
In TN, Too small: 167, set the buffer length as 15m
In TN, Too small: 168, set the buffer length as 15m
In TN, Too small: 172, set the buffer length as 15m
In TN, Too small: 173, set the buffer length as 15m
In TN, Too small: 177, set the buffer length as 15m
In TN, Too small: 179, set the buffer length as 15m
In TN, Too small: 180, set the buffer length as 15m
In TN, Too small: 181, set the buffer length as 15m
In TN, Too small: 182, set the buffer length as 15m
In TN, Too small: 183, set the buffer length as 15m
In TN, Too small: 185, set the buffer length as 15m
In TN, Too small: 188, set the buffer length as 15m
In TN, Too small: 189, set the buffer length as 15m
In TN, Too small: 190, set the buffer length as 15m
In TN, Too small: 191, set the buffer length as 15m
In TN, Too small: 192, set the buffer length as 15m
In TN, Too small: 193, set the buffer length as 15m
In TN, Too small: 194, set the buffer length as 15m
In TN, Too small: 195, set the buffer length as 15m
In TN, Too small: 196, set the buffer length as 15m
In TN, Too small: 198, set the buffer length as 15m
In TN, Too small: 199, set the buffer length as 15m
In TN, Too small: 201, set the buffer length as 15m
In TN, Too small: 202, set the buffer length as 15m
In TN, Too small: 203, set the buffer length as 15m
In TN, Too small: 205, set the buffer length as 15m
In TN, Too small: 206, set the buffer length as 15m
In TN, Too small: 207, set the buffer length as 15m
In TN, Too small: 208, set the buffer length as 15m
In TN, Too small: 211, set the buffer length as 15m
In TN, Too small: 213, set the buffer length as 15m
In TN, Too small: 214, set the buffer length as 15m
In TN, Too small: 215, set the buffer length as 15m
In TN, Too small: 216, set the buffer length as 15m
In TN, Too small: 217, set the buffer length as 15m
In TN, Too small: 218, set the buffer length as 15m
In TN, Too small: 221, set the buffer length as 15m
In TN, Too small: 224, set the buffer length as 15m
In TN, Too small: 225, set the buffer length as 15m
In TN, Too small: 227, set the buffer length as 15m
In TN, Too small: 228, set the buffer length as 15m
In TN, Too small: 229, set the buffer length as 15m
In TN, Too small: 230, set the buffer length as 15m
In TN, Too small: 231, set the buffer length as 15m
In TN, Too small: 234, set the buffer length as 15m
In TN, Too small: 238, set the buffer length as 15m
In TN, Too small: 239, set the buffer length as 15m
In TN, Too small: 242, set the buffer length as 15m
In TN, Too small: 243, set the buffer length as 15m
In TN, Too small: 244, set the buffer length as 15m
In TN, Too small: 245, set the buffer length as 15m
In TN, Too small: 247, set the buffer length as 15m
In TN, Too small: 248, set the buffer length as 15m
In TN, Too small: 250, set the buffer length as 15m
In TN, Too small: 251, set the buffer length as 15m
In TN, Too small: 252, set the buffer length as 15m
In TN, Too small: 253, set the buffer length as 15m
In TN, Too small: 254, set the buffer length as 15m
In TN, Too small: 259, set the buffer length as 15m
In TN, Too small: 260, set the buffer length as 15m
In TN, Too small: 263, set the buffer length as 15m
In TN, Too small: 269, set the buffer length as 15m
In TN, Too small: 270, set the buffer length as 15m
In TN, Too small: 272, set the buffer length as 15m
In TN, Too small: 281, set the buffer length as 15m
In TN, Too small: 284, set the buffer length as 15m
In TN, Too small: 285, set the buffer length as 15m
In TN, Too small: 286, set the buffer length as 15m
In TN, Too small: 288, set the buffer length as 15m
In TN, Too small: 289, set the buffer length as 15m
In TN, Too small: 293, set the buffer length as 15m
In TN, Too small: 295, set the buffer length as 15m
In TN, Too small: 297, set the buffer length as 15m
In TN, Too small: 300, set the buffer length as 15m
In TN, Too small: 302, set the buffer length as 15m
In TN, Too small: 304, set the buffer length as 15m
In TN, Too small: 307, set the buffer length as 15m
In TN, Too small: 309, set the buffer length as 15m
In TN, Too small: 310, set the buffer length as 15m
In TN, Too small: 312, set the buffer length as 15m
In TN, Too small: 314, set the buffer length as 15m
In TN, Too small: 318, set the buffer length as 15m
In TN, Too small: 319, set the buffer length as 15m
In TN, Too small: 326, set the buffer length as 15m
In TN, Too small: 328, set the buffer length as 15m
In TN, Too small: 333, set the buffer length as 15m
In TN, Too small: 335, set the buffer length as 15m
In TN, Too small: 338, set the buffer length as 15m
In TN, Too small: 340, set the buffer length as 15m
In TN, Too small: 343, set the buffer length as 15m
In TN, Too small: 344, set the buffer length as 15m
In TN, Too small: 348, set the buffer length as 15m
In TN, Too small: 349, set the buffer length as 15m
In TN, Too small: 350, set the buffer length as 15m
In TN, Too small: 353, set the buffer length as 15m
In TN, Too small: 355, set the buffer length as 15m
In TN, Too small: 356, set the buffer length as 15m
In TN, Too small: 358, set the buffer length as 15m
In TN, Too small: 359, set the buffer length as 15m
In TN, Too small: 360, set the buffer length as 15m
In TN, Too small: 361, set the buffer length as 15m
In TN, Too small: 363, set the buffer length as 15m
In TN, Too small: 364, set the buffer length as 15m
In TN, Too small: 365, set the buffer length as 15m
In TN, Too small: 367, set the buffer length as 15m
In TN, Too small: 368, set the buffer length as 15m
In TN, Too small: 369, set the buffer length as 15m
In TN, Too small: 371, set the buffer length as 15m
In TN, Too small: 372, set the buffer length as 15m
In TN, Too small: 373, set the buffer length as 15m
In TN, Too small: 374, set the buffer length as 15m
In TN, Too small: 375, set the buffer length as 15m
In TN, Too small: 376, set the buffer length as 15m
In TN, Too small: 378, set the buffer length as 15m
In TN, Too small: 379, set the buffer length as 15m
In TN, Too small: 380, set the buffer length as 15m
In TN, Too small: 382, set the buffer length as 15m
In TN, Too small: 385, set the buffer length as 15m
In TN, Too small: 386, set the buffer length as 15m
In TN, Too small: 389, set the buffer length as 15m
In TN, Too small: 391, set the buffer length as 15m
In TN, Too small: 392, set the buffer length as 15m
In TN, Too small: 394, set the buffer length as 15m
In TN, Too small: 395, set the buffer length as 15m
In TN, Too small: 399, set the buffer length as 15m
In TN, Too small: 400, set the buffer length as 15m
In TN, Too small: 402, set the buffer length as 15m
In TN, Too small: 406, set the buffer length as 15m
In TN, Too small: 407, set the buffer length as 15m
In TN, Too small: 408, set the buffer length as 15m
In TN, Too small: 409, set the buffer length as 15m
In TN, Too small: 410, set the buffer length as 15m
In TN, Too small: 411, set the buffer length as 15m
In TN, Too small: 415, set the buffer length as 15m
In TN, Too small: 416, set the buffer length as 15m
In TN, Too small: 418, set the buffer length as 15m
In TN, Too small: 419, set the buffer length as 15m
In TN, Too small: 420, set the buffer length as 15m
In TN, Too small: 421, set the buffer length as 15m
In TN, Too small: 424, set the buffer length as 15m
In TN, Too small: 431, set the buffer length as 15m
In TN, Too small: 432, set the buffer length as 15m
In TN, Too small: 435, set the buffer length as 15m
In TN, Too small: 439, set the buffer length as 15m
In TN, Too small: 440, set the buffer length as 15m
In TN, Too small: 442, set the buffer length as 15m
In TN, Too small: 447, set the buffer length as 15m
In TN, Too small: 449, set the buffer length as 15m
In TN, Too small: 450, set the buffer length as 15m
In TN, Too small: 451, set the buffer length as 15m
In TN, Too small: 455, set the buffer length as 15m
In TN, Too small: 457, set the buffer length as 15m
In TN, Too small: 460, set the buffer length as 15m
In TN, Too small: 461, set the buffer length as 15m
In TN, Too small: 464, set the buffer length as 15m
In TN, Too small: 465, set the buffer length as 15m
In TN, Too small: 467, set the buffer length as 15m
In TN, Too small: 477, set the buffer length as 15m
In TN, Too small: 480, set the buffer length as 15m
In TN, Too small: 482, set the buffer length as 15m
In TN, Too small: 483, set the buffer length as 15m
In TN, Too small: 487, set the buffer length as 15m
In TN, Too small: 488, set the buffer length as 15m
In TN, Too small: 491, set the buffer length as 15m
In TN, Too small: 492, set the buffer length as 15m
In TN, Too small: 494, set the buffer length as 15m
In TN, Too small: 495, set the buffer length as 15m
In TN, Too small: 496, set the buffer length as 15m
In TN, Too small: 498, set the buffer length as 15m
In TN, Too small: 499, set the buffer length as 15m
In TN, Too small: 500, set the buffer length as 15m
In TN, Too small: 502, set the buffer length as 15m
In TN, Too small: 504, set the buffer length as 15m
In TN, Too small: 505, set the buffer length as 15m
In TN, Too small: 506, set the buffer length as 15m
In TN, Too small: 509, set the buffer length as 15m
In TN, Too small: 510, set the buffer length as 15m
In TN, Too small: 511, set the buffer length as 15m
In TN, Too small: 520, set the buffer length as 15m
In TN, Too small: 521, set the buffer length as 15m
In TN, Too small: 524, set the buffer length as 15m
In TN, Too small: 528, set the buffer length as 15m
In TN, Too small: 539, set the buffer length as 15m
In TN, Too small: 542, set the buffer length as 15m
In TN, Too small: 543, set the buffer length as 15m
In TN, Too small: 544, set the buffer length as 15m
In TN, Too small: 546, set the buffer length as 15m
In TN, Too small: 548, set the buffer length as 15m
In TN, Too small: 553, set the buffer length as 15m
In TN, Too small: 555, set the buffer length as 15m
In TN, Too small: 558, set the buffer length as 15m
In TN, Too small: 559, set the buffer length as 15m
In TN, Too small: 561, set the buffer length as 15m
In TN, Too small: 563, set the buffer length as 15m
In TN, Too small: 564, set the buffer length as 15m
In TN, Too small: 565, set the buffer length as 15m
In TN, Too small: 568, set the buffer length as 15m
In TN, Too small: 573, set the buffer length as 15m
In TN, Too small: 575, set the buffer length as 15m
In TN, Too small: 578, set the buffer length as 15m
In TN, Too small: 579, set the buffer length as 15m
In TN, Too small: 581, set the buffer length as 15m
In TN, Too small: 583, set the buffer length as 15m
In TN, Too small: 588, set the buffer length as 15m
In TN, Too small: 593, set the buffer length as 15m
In TN, Too small: 594, set the buffer length as 15m
In TN, Too small: 596, set the buffer length as 15m
In TN, Too small: 597, set the buffer length as 15m
In TN, Too small: 598, set the buffer length as 15m
In TN, Too small: 600, set the buffer length as 15m
In TN, Too small: 602, set the buffer length as 15m
In TN, Too small: 603, set the buffer length as 15m
In TN, Too small: 605, set the buffer length as 15m
In TN, Too small: 606, set the buffer length as 15m
In TN, Too small: 608, set the buffer length as 15m
In TN, Too small: 611, set the buffer length as 15m
In TN, Too small: 614, set the buffer length as 15m
In TN, Too small: 615, set the buffer length as 15m
In TN, Too small: 616, set the buffer length as 15m
In TN, Too small: 617, set the buffer length as 15m
In TN, Too small: 618, set the buffer length as 15m
In TN, Too small: 619, set the buffer length as 15m
In TN, Too small: 620, set the buffer length as 15m
In TN, Too small: 621, set the buffer length as 15m
In TN, Too small: 623, set the buffer length as 15m
In TN, Too small: 624, set the buffer length as 15m
In TN, Too small: 628, set the buffer length as 15m
In TN, Too small: 629, set the buffer length as 15m
In TN, Too small: 630, set the buffer length as 15m
In TN, Too small: 631, set the buffer length as 15m
In TN, Too small: 632, set the buffer length as 15m
In TN, Too small: 634, set the buffer length as 15m
In TN, Too small: 638, set the buffer length as 15m
In TN, Too small: 640, set the buffer length as 15m
In TN, Too small: 641, set the buffer length as 15m
In TN, Too small: 643, set the buffer length as 15m
In TN, Too small: 645, set the buffer length as 15m
In TN, Too small: 646, set the buffer length as 15m
In TN, Too small: 647, set the buffer length as 15m
In TN, Too small: 649, set the buffer length as 15m
In TN, Too small: 651, set the buffer length as 15m
In TN, Too small: 652, set the buffer length as 15m
In TN, Too small: 653, set the buffer length as 15m
In TN, Too small: 654, set the buffer length as 15m
In TN, Too small: 657, set the buffer length as 15m
In TN, Too small: 659, set the buffer length as 15m
In TN, Too small: 660, set the buffer length as 15m
In TN, Too small: 661, set the buffer length as 15m
In TN, Too small: 663, set the buffer length as 15m
In TN, Too small: 665, set the buffer length as 15m
In TN, Too small: 668, set the buffer length as 15m
In TN, Too small: 670, set the buffer length as 15m
In TN, Too small: 673, set the buffer length as 15m
In TN, Too small: 674, set the buffer length as 15m
In TN, Too small: 677, set the buffer length as 15m
In TN, Too small: 678, set the buffer length as 15m
In TN, Too small: 679, set the buffer length as 15m
In TN, Too small: 683, set the buffer length as 15m
In TN, Too small: 684, set the buffer length as 15m
In TN, Too small: 686, set the buffer length as 15m
In TN, Too small: 688, set the buffer length as 15m
In TN, Too small: 690, set the buffer length as 15m
In TN, Too small: 692, set the buffer length as 15m
In TN, Too small: 693, set the buffer length as 15m
In TN, Too small: 694, set the buffer length as 15m
In TN, Too small: 695, set the buffer length as 15m
In TN, Too small: 701, set the buffer length as 15m
In TN, Too small: 703, set the buffer length as 15m
In TN, Too small: 704, set the buffer length as 15m
In TN, Too small: 708, set the buffer length as 15m
In TN, Too small: 710, set the buffer length as 15m
In TN, Too small: 712, set the buffer length as 15m
In TN, Too small: 713, set the buffer length as 15m
In TN, Too small: 720, set the buffer length as 15m
In TN, Too small: 725, set the buffer length as 15m
In TN, Too small: 735, set the buffer length as 15m
In TN, Too small: 736, set the buffer length as 15m
In TN, Too small: 737, set the buffer length as 15m
In TN, Too small: 742, set the buffer length as 15m
In TN, Too small: 743, set the buffer length as 15m
In TN, Too small: 744, set the buffer length as 15m
In TN, Too small: 745, set the buffer length as 15m
In TN, Too small: 746, set the buffer length as 15m
In TN, Too small: 747, set the buffer length as 15m
In TN, Too small: 748, set the buffer length as 15m
In TN, Too small: 751, set the buffer length as 15m
In TN, Too small: 754, set the buffer length as 15m
In TN, Too small: 757, set the buffer length as 15m
In TN, Too small: 759, set the buffer length as 15m
In TN, Too small: 760, set the buffer length as 15m
In TN, Too small: 761, set the buffer length as 15m
In TN, Too small: 764, set the buffer length as 15m
In TN, Too small: 765, set the buffer length as 15m
In TN, Too small: 766, set the buffer length as 15m
In TN, Too small: 770, set the buffer length as 15m
In TN, Too small: 771, set the buffer length as 15m
In TN, Too small: 773, set the buffer length as 15m
In TN, Too small: 774, set the buffer length as 15m
In TN, Too small: 775, set the buffer length as 15m
In TN, Too small: 777, set the buffer length as 15m
In TN, Too small: 779, set the buffer length as 15m
In TN, Too small: 783, set the buffer length as 15m
In TN, Too small: 793, set the buffer length as 15m
In TN, Too small: 796, set the buffer length as 15m
In TN, Too small: 809, set the buffer length as 15m
In TN, Too small: 812, set the buffer length as 15m
In TN, Too small: 814, set the buffer length as 15m
In TN, Too small: 816, set the buffer length as 15m
In TN, Too small: 818, set the buffer length as 15m
In TN, Too small: 820, set the buffer length as 15m
In TN, Too small: 821, set the buffer length as 15m
In TN, Too small: 823, set the buffer length as 15m
In TN, Too small: 825, set the buffer length as 15m
In TN, Too small: 827, set the buffer length as 15m
In TN, Too small: 829, set the buffer length as 15m
In TN, Too small: 830, set the buffer length as 15m
In TN, Too small: 831, set the buffer length as 15m
In TN, Too small: 832, set the buffer length as 15m
In TN, Too small: 833, set the buffer length as 15m
In TN, Too small: 834, set the buffer length as 15m
In TN, Too small: 844, set the buffer length as 15m
In TN, Too small: 848, set the buffer length as 15m
In TN, Too small: 849, set the buffer length as 15m
In TN, Too small: 852, set the buffer length as 15m
In TN, Too small: 854, set the buffer length as 15m
In TN, Too small: 859, set the buffer length as 15m
In TN, Too small: 860, set the buffer length as 15m
In TN, Too small: 864, set the buffer length as 15m
In TN, Too small: 865, set the buffer length as 15m
In TN, Too small: 866, set the buffer length as 15m
In TN, Too small: 867, set the buffer length as 15m
In TN, Too small: 868, set the buffer length as 15m
In TN, Too small: 870, set the buffer length as 15m
In TN, Too small: 873, set the buffer length as 15m
In TN, Too small: 878, set the buffer length as 15m
In TN, Too small: 879, set the buffer length as 15m
In TN, Too small: 882, set the buffer length as 15m
In TN, Too small: 885, set the buffer length as 15m
In TN, Too small: 887, set the buffer length as 15m
In TN, Too small: 888, set the buffer length as 15m
In TN, Too small: 889, set the buffer length as 15m
In TN, Too small: 892, set the buffer length as 15m
In TN, Too small: 894, set the buffer length as 15m
In TN, Too small: 900, set the buffer length as 15m
In TN, Too small: 901, set the buffer length as 15m
In TN, Too small: 902, set the buffer length as 15m
In TN, Too small: 904, set the buffer length as 15m
In TN, Too small: 905, set the buffer length as 15m
In TN, Too small: 909, set the buffer length as 15m
In TN, Too small: 912, set the buffer length as 15m
In TN, Too small: 914, set the buffer length as 15m
In TN, Too small: 920, set the buffer length as 15m
In TN, Too small: 924, set the buffer length as 15m
In TN, Too small: 928, set the buffer length as 15m
In TN, Too small: 931, set the buffer length as 15m
In TN, Too small: 932, set the buffer length as 15m
In TN, Too small: 934, set the buffer length as 15m
In TN, Too small: 940, set the buffer length as 15m
In TN, Too small: 941, set the buffer length as 15m
In TN, Too small: 942, set the buffer length as 15m
In TN, Too small: 946, set the buffer length as 15m
In TN, Too small: 948, set the buffer length as 15m
In TN, Too small: 950, set the buffer length as 15m
In TN, Too small: 952, set the buffer length as 15m
In TN, Too small: 953, set the buffer length as 15m
In TN, Too small: 962, set the buffer length as 15m
In TN, Too small: 963, set the buffer length as 15m
In TN, Too small: 964, set the buffer length as 15m
In TN, Too small: 965, set the buffer length as 15m
In TN, Too small: 966, set the buffer length as 15m
In TN, Too small: 971, set the buffer length as 15m
In TN, Too small: 972, set the buffer length as 15m
In TN, Too small: 979, set the buffer length as 15m
In TN, Too small: 980, set the buffer length as 15m
In TN, Too small: 982, set the buffer length as 15m
In TN, Too small: 983, set the buffer length as 15m
In TN, Too small: 984, set the buffer length as 15m
In TN, Too small: 987, set the buffer length as 15m
In TN, Too small: 988, set the buffer length as 15m
In TN, Too small: 990, set the buffer length as 15m
In TN, Too small: 991, set the buffer length as 15m
In TN, Too small: 992, set the buffer length as 15m
In TN, Too small: 993, set the buffer length as 15m
In TN, Too small: 1000, set the buffer length as 15m
In TN, Too small: 1001, set the buffer length as 15m
In TN, Too small: 1002, set the buffer length as 15m
In TN, Too small: 1003, set the buffer length as 15m
In TN, Too small: 1009, set the buffer length as 15m
In TN, Too small: 1014, set the buffer length as 15m
In TN, Too small: 1016, set the buffer length as 15m
In TN, Too small: 1018, set the buffer length as 15m
In TN, Too small: 1019, set the buffer length as 15m
In TN, Too small: 1023, set the buffer length as 15m
In TN, Too small: 1024, set the buffer length as 15m
In TN, Too small: 1031, set the buffer length as 15m
In TN, Too small: 1032, set the buffer length as 15m
In TN, Too small: 1038, set the buffer length as 15m
In TN, Too small: 1039, set the buffer length as 15m
In TN, Too small: 1041, set the buffer length as 15m
In TN, Too small: 1042, set the buffer length as 15m
In TN, Too small: 1044, set the buffer length as 15m
In TN, Too small: 1045, set the buffer length as 15m
In TN, Too small: 1046, set the buffer length as 15m
In TN, Too small: 1049, set the buffer length as 15m
In TN, Too small: 1050, set the buffer length as 15m
In TN, Too small: 1051, set the buffer length as 15m
In TN, Too small: 1053, set the buffer length as 15m
In TN, Too small: 1058, set the buffer length as 15m
In TN, Too small: 1059, set the buffer length as 15m
In TN, Too small: 1061, set the buffer length as 15m
In TN, Too small: 1063, set the buffer length as 15m
In TN, Too small: 1068, set the buffer length as 15m
In TN, Too small: 1071, set the buffer length as 15m
In TN, Too small: 1072, set the buffer length as 15m
In TN, Too small: 1073, set the buffer length as 15m
In TN, Too small: 1076, set the buffer length as 15m
In TN, Too small: 1079, set the buffer length as 15m
In TN, Too small: 1081, set the buffer length as 15m
In TN, Too small: 1082, set the buffer length as 15m
In TN, Too small: 1085, set the buffer length as 15m
In TN, Too small: 1086, set the buffer length as 15m
In TN, Too small: 1089, set the buffer length as 15m
In TN, Too small: 1092, set the buffer length as 15m
In TN, Too small: 1093, set the buffer length as 15m
In TN, Too small: 1098, set the buffer length as 15m
In TN, Too small: 1100, set the buffer length as 15m
In TN, Too small: 1102, set the buffer length as 15m
In TN, Too small: 1104, set the buffer length as 15m
In TN, Too small: 1106, set the buffer length as 15m
In TN, Too small: 1107, set the buffer length as 15m
In TN, Too small: 1108, set the buffer length as 15m
In TN, Too small: 1109, set the buffer length as 15m
In TN, Too small: 1110, set the buffer length as 15m
In TN, Too small: 1112, set the buffer length as 15m
In TN, Too small: 1113, set the buffer length as 15m
In TN, Too small: 1115, set the buffer length as 15m
In TN, Too small: 1116, set the buffer length as 15m
In TN, Too small: 1117, set the buffer length as 15m
In TN, Too small: 1118, set the buffer length as 15m
In TN, Too small: 1119, set the buffer length as 15m
In TN, Too small: 1121, set the buffer length as 15m
In TN, Too small: 1126, set the buffer length as 15m
In TN, Too small: 1127, set the buffer length as 15m
In TN, Too small: 1128, set the buffer length as 15m
In TN, Too small: 1129, set the buffer length as 15m
In TN, Too small: 1130, set the buffer length as 15m
In TN, Too small: 1134, set the buffer length as 15m
In TN, Too small: 1135, set the buffer length as 15m
In TN, Too small: 1137, set the buffer length as 15m
In TN, Too small: 1139, set the buffer length as 15m
In TN, Too small: 1142, set the buffer length as 15m
In TN, Too small: 1144, set the buffer length as 15m
In TN, Too small: 1149, set the buffer length as 15m
In TN, Too small: 1150, set the buffer length as 15m
In TN, Too small: 1151, set the buffer length as 15m
In TN, Too small: 1153, set the buffer length as 15m
In TN, Too small: 1154, set the buffer length as 15m
In TN, Too small: 1155, set the buffer length as 15m
In TN, Too small: 1156, set the buffer length as 15m
In TN, Too small: 1158, set the buffer length as 15m
In TN, Too small: 1160, set the buffer length as 15m
In TN, Too small: 1163, set the buffer length as 15m
In TN, Too small: 1164, set the buffer length as 15m
In TN, Too small: 1168, set the buffer length as 15m
In TN, Too small: 1169, set the buffer length as 15m
In TN, Too small: 1171, set the buffer length as 15m
In TN, Too small: 1172, set the buffer length as 15m
In TN, Too small: 1173, set the buffer length as 15m
In TN, Too small: 1175, set the buffer length as 15m
In TN, Too small: 1176, set the buffer length as 15m
In TN, Too small: 1177, set the buffer length as 15m
In TN, Too small: 1181, set the buffer length as 15m
In TN, Too small: 1185, set the buffer length as 15m
In TN, Too small: 1186, set the buffer length as 15m
In TN, Too small: 1187, set the buffer length as 15m
In TN, Too small: 1188, set the buffer length as 15m
In TN, Too small: 1189, set the buffer length as 15m
In TN, Too small: 1190, set the buffer length as 15m
In TN, Too small: 1191, set the buffer length as 15m
In TN, Too small: 1192, set the buffer length as 15m
In TN, Too small: 1196, set the buffer length as 15m
In TN, Too small: 1198, set the buffer length as 15m
In TN, Too small: 1201, set the buffer length as 15m
In TN, Too small: 1203, set the buffer length as 15m
In TN, Too small: 1205, set the buffer length as 15m
In TN, Too small: 1206, set the buffer length as 15m
In TN, Too small: 1207, set the buffer length as 15m
In TN, Too small: 1208, set the buffer length as 15m
In TN, Too small: 1212, set the buffer length as 15m
In TN, Too small: 1223, set the buffer length as 15m
In TN, Too small: 1227, set the buffer length as 15m
In TN, Too small: 1228, set the buffer length as 15m
In TN, Too small: 1230, set the buffer length as 15m
In TN, Too small: 1232, set the buffer length as 15m
In TN, Too small: 1233, set the buffer length as 15m
In TN, Too small: 1235, set the buffer length as 15m
In TN, Too small: 1238, set the buffer length as 15m
In TN, Too small: 1248, set the buffer length as 15m
In TN, Too small: 1249, set the buffer length as 15m
In TN, Too small: 1254, set the buffer length as 15m
In TN, Too small: 1256, set the buffer length as 15m
In TN, Too small: 1257, set the buffer length as 15m
In TN, Too small: 1259, set the buffer length as 15m
In TN, Too small: 1263, set the buffer length as 15m
In TN, Too small: 1265, set the buffer length as 15m
In TN, Too small: 1269, set the buffer length as 15m
In TN, Too small: 1270, set the buffer length as 15m
In TN, Too small: 1275, set the buffer length as 15m
In TN, Too small: 1280, set the buffer length as 15m
In TN, Too small: 1285, set the buffer length as 15m
In TN, Too small: 1287, set the buffer length as 15m
In TN, Too small: 1288, set the buffer length as 15m
In TN, Too small: 1289, set the buffer length as 15m
In TN, Too small: 1290, set the buffer length as 15m
In TN, Too small: 1291, set the buffer length as 15m
In TN, Too small: 1295, set the buffer length as 15m
In TN, Too small: 1296, set the buffer length as 15m
In TN, Too small: 1300, set the buffer length as 15m
In TN, Too small: 1302, set the buffer length as 15m
In TN, Too small: 1305, set the buffer length as 15m
In TN, Too small: 1308, set the buffer length as 15m
In TN, Too small: 1310, set the buffer length as 15m
In TN, Too small: 1319, set the buffer length as 15m
In TN, Too small: 1320, set the buffer length as 15m
In TN, Too small: 1322, set the buffer length as 15m
In TN, Too small: 1327, set the buffer length as 15m
In TN, Too small: 1331, set the buffer length as 15m
In TN, Too small: 1340, set the buffer length as 15m
In TN, Too small: 1350, set the buffer length as 15m
In TN, Too small: 1352, set the buffer length as 15m
In TN, Too small: 1355, set the buffer length as 15m
In TN, Too small: 1357, set the buffer length as 15m
In TN, Too small: 1359, set the buffer length as 15m
In TN, Too small: 1360, set the buffer length as 15m
In TN, Too small: 1361, set the buffer length as 15m
In TN, Too small: 1363, set the buffer length as 15m
In TN, Too small: 1370, set the buffer length as 15m
In TN, Too small: 1372, set the buffer length as 15m
In TN, Too small: 1379, set the buffer length as 15m
In TN, Too small: 1385, set the buffer length as 15m
In TN, Too small: 1388, set the buffer length as 15m
In TN, Too small: 1390, set the buffer length as 15m
In TN, Too small: 1391, set the buffer length as 15m
In TN, Too small: 1392, set the buffer length as 15m
In TN, Too small: 1393, set the buffer length as 15m
In TN, Too small: 1395, set the buffer length as 15m
In TN, Too small: 1400, set the buffer length as 15m
In TN, Too small: 1402, set the buffer length as 15m
In TN, Too small: 1404, set the buffer length as 15m
In TN, Too small: 1410, set the buffer length as 15m
In TN, Too small: 1411, set the buffer length as 15m
In TN, Too small: 1417, set the buffer length as 15m
In TN, Too small: 1418, set the buffer length as 15m
In TN, Too small: 1419, set the buffer length as 15m
In TN, Too small: 1421, set the buffer length as 15m
In TN, Too small: 1422, set the buffer length as 15m
In TN, Too small: 1425, set the buffer length as 15m
In TN, Too small: 1429, set the buffer length as 15m
In TN, Too small: 1431, set the buffer length as 15m
In TN, Too small: 1432, set the buffer length as 15m
In TN, Too small: 1434, set the buffer length as 15m
In TN, Too small: 1436, set the buffer length as 15m
In TN, Too small: 1438, set the buffer length as 15m
In TN, Too small: 1439, set the buffer length as 15m
In TN, Too small: 1440, set the buffer length as 15m
In TN, Too small: 1441, set the buffer length as 15m
In TN, Too small: 1444, set the buffer length as 15m
In TN, Too small: 1445, set the buffer length as 15m
In TN, Too small: 1447, set the buffer length as 15m
In TN, Too small: 1451, set the buffer length as 15m
In TN, Too small: 1455, set the buffer length as 15m
In TN, Too small: 1456, set the buffer length as 15m
In TN, Too small: 1459, set the buffer length as 15m
In TN, Too small: 1461, set the buffer length as 15m
In TN, Too small: 1465, set the buffer length as 15m
In TN, Too small: 1468, set the buffer length as 15m
In TN, Too small: 1472, set the buffer length as 15m
In TN, Too small: 1473, set the buffer length as 15m
In TN, Too small: 1475, set the buffer length as 15m
In TN, Too small: 1481, set the buffer length as 15m
In TN, Too small: 1482, set the buffer length as 15m
In TN, Too small: 1483, set the buffer length as 15m
In TN, Too small: 1484, set the buffer length as 15m
In TN, Too small: 1485, set the buffer length as 15m
In TN, Too small: 1488, set the buffer length as 15m
In TN, Too small: 1489, set the buffer length as 15m
In TN, Too small: 1491, set the buffer length as 15m
In TN, Too small: 1496, set the buffer length as 15m
In TN, Too small: 1497, set the buffer length as 15m
In TN, Too small: 1499, set the buffer length as 15m
In TN, Too small: 1501, set the buffer length as 15m
In TN, Too small: 1506, set the buffer length as 15m
In TN, Too small: 1507, set the buffer length as 15m
In TN, Too small: 1509, set the buffer length as 15m
In TN, Too small: 1510, set the buffer length as 15m
In TN, Too small: 1514, set the buffer length as 15m
In TN, Too small: 1517, set the buffer length as 15m
In TN, Too small: 1519, set the buffer length as 15m
In TN, Too small: 1520, set the buffer length as 15m
In TN, Too small: 1521, set the buffer length as 15m
In TN, Too small: 1529, set the buffer length as 15m
In TN, Too small: 1531, set the buffer length as 15m
In TN, Too small: 1533, set the buffer length as 15m
In TN, Too small: 1535, set the buffer length as 15m
In TN, Too small: 1537, set the buffer length as 15m
In TN, Too small: 1538, set the buffer length as 15m
In TN, Too small: 1539, set the buffer length as 15m
In TN, Too small: 1543, set the buffer length as 15m
In TN, Too small: 1544, set the buffer length as 15m
In TN, Too small: 1545, set the buffer length as 15m
In TN, Too small: 1546, set the buffer length as 15m
In TN, Too small: 1548, set the buffer length as 15m
In TN, Too small: 1549, set the buffer length as 15m
In TN, Too small: 1550, set the buffer length as 15m
In TN, Too small: 1553, set the buffer length as 15m
In TN, Too small: 1554, set the buffer length as 15m
In TN, Too small: 1556, set the buffer length as 15m
In TN, Too small: 1559, set the buffer length as 15m
In TN, Too small: 1562, set the buffer length as 15m
In TN, Too small: 1567, set the buffer length as 15m
In TN, Too small: 1568, set the buffer length as 15m
In TN, Too small: 1569, set the buffer length as 15m
In TN, Too small: 1572, set the buffer length as 15m
In TN, Too small: 1574, set the buffer length as 15m
In TN, Too small: 1575, set the buffer length as 15m
In TN, Too small: 1580, set the buffer length as 15m
In TN, Too small: 1581, set the buffer length as 15m
In TN, Too small: 1582, set the buffer length as 15m
In TN, Too small: 1589, set the buffer length as 15m
In TN, Too small: 1590, set the buffer length as 15m
In TN, Too small: 1593, set the buffer length as 15m
In TN, Too small: 1594, set the buffer length as 15m
In TN, Too small: 1596, set the buffer length as 15m
In TN, Too small: 1597, set the buffer length as 15m
In TN, Too small: 1598, set the buffer length as 15m
In TN, Too small: 1599, set the buffer length as 15m
In TN, Too small: 1600, set the buffer length as 15m
In TN, Too small: 1601, set the buffer length as 15m
In TN, Too small: 1603, set the buffer length as 15m
In TN, Too small: 1605, set the buffer length as 15m
In TN, Too small: 1607, set the buffer length as 15m
In TN, Too small: 1608, set the buffer length as 15m
In TN, Too small: 1609, set the buffer length as 15m
In TN, Too small: 1612, set the buffer length as 15m
In TN, Too small: 1613, set the buffer length as 15m
In TN, Too small: 1617, set the buffer length as 15m
In TN, Too small: 1618, set the buffer length as 15m
In TN, Too small: 1621, set the buffer length as 15m
In TN, Too small: 1622, set the buffer length as 15m
In TN, Too small: 1625, set the buffer length as 15m
In TN, Too small: 1628, set the buffer length as 15m
In TN, Too small: 1630, set the buffer length as 15m
In TN, Too small: 1635, set the buffer length as 15m
In TN, Too small: 1638, set the buffer length as 15m
In TN, Too small: 1639, set the buffer length as 15m
In TN, Too small: 1640, set the buffer length as 15m
In TN, Too small: 1645, set the buffer length as 15m
In TN, Too small: 1650, set the buffer length as 15m
In TN, Too small: 1652, set the buffer length as 15m
In TN, Too small: 1655, set the buffer length as 15m
In TN, Too small: 1657, set the buffer length as 15m
In TN, Too small: 1659, set the buffer length as 15m
In TN, Too small: 1662, set the buffer length as 15m
In TN, Too small: 1665, set the buffer length as 15m
In TN, Too small: 1668, set the buffer length as 15m
In TN, Too small: 1674, set the buffer length as 15m
In TN, Too small: 1678, set the buffer length as 15m
In TN, Too small: 1679, set the buffer length as 15m
In TN, Too small: 1680, set the buffer length as 15m
In TN, Too small: 1682, set the buffer length as 15m
In TN, Too small: 1687, set the buffer length as 15m
In TN, Too small: 1694, set the buffer length as 15m
In TN, Too small: 1697, set the buffer length as 15m
In TN, Too small: 1698, set the buffer length as 15m
In TN, Too small: 1699, set the buffer length as 15m
In TN, Too small: 1705, set the buffer length as 15m
In TN, Too small: 1706, set the buffer length as 15m
In TN, Too small: 1708, set the buffer length as 15m
In TN, Too small: 1716, set the buffer length as 15m
In TN, Too small: 1717, set the buffer length as 15m
In TN, Too small: 1719, set the buffer length as 15m
In TN, Too small: 1721, set the buffer length as 15m
In TN, Too small: 1723, set the buffer length as 15m
In TN, Too small: 1724, set the buffer length as 15m
In TN, Too small: 1725, set the buffer length as 15m
In TN, Too small: 1726, set the buffer length as 15m
In TN, Too small: 1727, set the buffer length as 15m
In TN, Too small: 1728, set the buffer length as 15m
In TN, Too small: 1732, set the buffer length as 15m
In TN, Too small: 1733, set the buffer length as 15m
In TN, Too small: 1736, set the buffer length as 15m
In TN, Too small: 1739, set the buffer length as 15m
In TN, Too small: 1742, set the buffer length as 15m
In TN, Too small: 1743, set the buffer length as 15m
In TN, Too small: 1745, set the buffer length as 15m
In TN, Too small: 1746, set the buffer length as 15m
In TN, Too small: 1747, set the buffer length as 15m
In TN, Too small: 1748, set the buffer length as 15m
In TN, Too small: 1751, set the buffer length as 15m
In TN, Too small: 1754, set the buffer length as 15m
In TN, Too small: 1755, set the buffer length as 15m
In TN, Too small: 1756, set the buffer length as 15m
In TN, Too small: 1757, set the buffer length as 15m
In TN, Too small: 1758, set the buffer length as 15m
In TN, Too small: 1760, set the buffer length as 15m
In TN, Too small: 1761, set the buffer length as 15m
In TN, Too small: 1763, set the buffer length as 15m
In TN, Too small: 1765, set the buffer length as 15m
In TN, Too small: 1767, set the buffer length as 15m
In TN, Too small: 1771, set the buffer length as 15m
In TN, Too small: 1774, set the buffer length as 15m
In TN, Too small: 1777, set the buffer length as 15m
In TN, Too small: 1778, set the buffer length as 15m
In TN, Too small: 1779, set the buffer length as 15m
In TN, Too small: 1781, set the buffer length as 15m
In TN, Too small: 1786, set the buffer length as 15m
In TN, Too small: 1788, set the buffer length as 15m
In TN, Too small: 1789, set the buffer length as 15m
In TN, Too small: 1791, set the buffer length as 15m
In TN, Too small: 1793, set the buffer length as 15m
In TN, Too small: 1794, set the buffer length as 15m
In TN, Too small: 1797, set the buffer length as 15m
In TN, Too small: 1800, set the buffer length as 15m
In TN, Too small: 1801, set the buffer length as 15m
In TN, Too small: 1802, set the buffer length as 15m
In TN, Too small: 1804, set the buffer length as 15m
In TN, Too small: 1806, set the buffer length as 15m
In TN, Too small: 1807, set the buffer length as 15m
In TN, Too small: 1808, set the buffer length as 15m
In TN, Too small: 1810, set the buffer length as 15m
In TN, Too small: 1811, set the buffer length as 15m
In TN, Too small: 1815, set the buffer length as 15m
In TN, Too small: 1818, set the buffer length as 15m
In TN, Too small: 1819, set the buffer length as 15m
In TN, Too small: 1822, set the buffer length as 15m
In TN, Too small: 1824, set the buffer length as 15m
In TN, Too small: 1828, set the buffer length as 15m
In TN, Too small: 1832, set the buffer length as 15m
In TN, Too small: 1835, set the buffer length as 15m
In TN, Too small: 1837, set the buffer length as 15m
In TN, Too small: 1838, set the buffer length as 15m
In TN, Too small: 1839, set the buffer length as 15m
In TN, Too small: 1840, set the buffer length as 15m
In TN, Too small: 1841, set the buffer length as 15m
In TN, Too small: 1842, set the buffer length as 15m
In TN, Too small: 1844, set the buffer length as 15m
In TN, Too small: 1845, set the buffer length as 15m
In TN, Too small: 1846, set the buffer length as 15m
In TN, Too small: 1847, set the buffer length as 15m
In TN, Too small: 1848, set the buffer length as 15m
In TN, Too small: 1851, set the buffer length as 15m
In TN, Too small: 1853, set the buffer length as 15m
In TN, Too small: 1854, set the buffer length as 15m
In TN, Too small: 1857, set the buffer length as 15m
In TN, Too small: 1860, set the buffer length as 15m
In TN, Too small: 1861, set the buffer length as 15m
In TN, Too small: 1862, set the buffer length as 15m
In TN, Too small: 1864, set the buffer length as 15m
In TN, Too small: 1866, set the buffer length as 15m
In TN, Too small: 1868, set the buffer length as 15m
In TN, Too small: 1870, set the buffer length as 15m
In TN, Too small: 1876, set the buffer length as 15m
In TN, Too small: 1877, set the buffer length as 15m
In TN, Too small: 1878, set the buffer length as 15m
In TN, Too small: 1879, set the buffer length as 15m
In TN, Too small: 1881, set the buffer length as 15m
In TN, Too small: 1882, set the buffer length as 15m
In TN, Too small: 1883, set the buffer length as 15m
In TN, Too small: 1884, set the buffer length as 15m
In TN, Too small: 1886, set the buffer length as 15m
In TN, Too small: 1889, set the buffer length as 15m
In TN, Too small: 1893, set the buffer length as 15m
In TN, Too small: 1895, set the buffer length as 15m
In TN, Too small: 1896, set the buffer length as 15m
In TN, Too small: 1899, set the buffer length as 15m
In TN, Too small: 1903, set the buffer length as 15m
In TN, Too small: 1906, set the buffer length as 15m
In TN, Too small: 1907, set the buffer length as 15m
In TN, Too small: 1909, set the buffer length as 15m
In TN, Too small: 1911, set the buffer length as 15m
In TN, Too small: 1912, set the buffer length as 15m
In TN, Too small: 1914, set the buffer length as 15m
In TN, Too small: 1915, set the buffer length as 15m
In TN, Too small: 1916, set the buffer length as 15m
In TN, Too small: 1920, set the buffer length as 15m
In TN, Too small: 1922, set the buffer length as 15m
In TN, Too small: 1923, set the buffer length as 15m
In TN, Too small: 1926, set the buffer length as 15m
In TN, Too small: 1929, set the buffer length as 15m
In TN, Too small: 1930, set the buffer length as 15m
In TN, Too small: 1932, set the buffer length as 15m
In TN, Too small: 1933, set the buffer length as 15m
In TN, Too small: 1934, set the buffer length as 15m
In TN, Too small: 1938, set the buffer length as 15m
In TN, Too small: 1940, set the buffer length as 15m
In TN, Too small: 1941, set the buffer length as 15m
In TN, Too small: 1943, set the buffer length as 15m
In TN, Too small: 1944, set the buffer length as 15m
In TN, Too small: 1946, set the buffer length as 15m
In TN, Too small: 1949, set the buffer length as 15m
In TN, Too small: 1951, set the buffer length as 15m
In TN, Too small: 1952, set the buffer length as 15m
In TN, Too small: 1955, set the buffer length as 15m
In TN, Too small: 1956, set the buffer length as 15m
In TN, Too small: 1957, set the buffer length as 15m
In TN, Too small: 1958, set the buffer length as 15m
In TN, Too small: 1959, set the buffer length as 15m
In TN, Too small: 1962, set the buffer length as 15m
In TN, Too small: 1964, set the buffer length as 15m
In TN, Too small: 1967, set the buffer length as 15m
In TN, Too small: 1971, set the buffer length as 15m
In TN, Too small: 1972, set the buffer length as 15m
In TN, Too small: 1977, set the buffer length as 15m
In TN, Too small: 1979, set the buffer length as 15m
In TN, Too small: 1983, set the buffer length as 15m
In TN, Too small: 1984, set the buffer length as 15m
In TN, Too small: 1985, set the buffer length as 15m
In TN, Too small: 1986, set the buffer length as 15m
In TN, Too small: 1989, set the buffer length as 15m
In TN, Too small: 1992, set the buffer length as 15m
In TN, Too small: 1993, set the buffer length as 15m
In TN, Too small: 1997, set the buffer length as 15m
In TN, Too small: 2001, set the buffer length as 15m
In TN, Too small: 2003, set the buffer length as 15m
In TN, Too small: 2006, set the buffer length as 15m
In TN, Too small: 2007, set the buffer length as 15m
In TN, Too small: 2010, set the buffer length as 15m
In TN, Too small: 2011, set the buffer length as 15m
In TN, Too small: 2012, set the buffer length as 15m
In TN, Too small: 2013, set the buffer length as 15m
In TN, Too small: 2014, set the buffer length as 15m
In TN, Too small: 2015, set the buffer length as 15m
In TN, Too small: 2017, set the buffer length as 15m
In TN, Too small: 2018, set the buffer length as 15m
In TN, Too small: 2019, set the buffer length as 15m
In TN, Too small: 2022, set the buffer length as 15m
In TN, Too small: 2026, set the buffer length as 15m
In TN, Too small: 2027, set the buffer length as 15m
In TN, Too small: 2031, set the buffer length as 15m
In TN, Too small: 2032, set the buffer length as 15m
In TN, Too small: 2033, set the buffer length as 15m
In TN, Too small: 2036, set the buffer length as 15m
In TN, Too small: 2037, set the buffer length as 15m
In TN, Too small: 2041, set the buffer length as 15m
In TN, Too small: 2043, set the buffer length as 15m
In TN, Too small: 2044, set the buffer length as 15m
In TN, Too small: 2046, set the buffer length as 15m
In TN, Too small: 2048, set the buffer length as 15m
In TN, Too small: 2049, set the buffer length as 15m
In TN, Too small: 2051, set the buffer length as 15m
In TN, Too small: 2054, set the buffer length as 15m
In TN, Too small: 2055, set the buffer length as 15m
In TN, Too small: 2057, set the buffer length as 15m
In TN, Too small: 2058, set the buffer length as 15m
In TN, Too small: 2059, set the buffer length as 15m
In TN, Too small: 2062, set the buffer length as 15m
In TN, Too small: 2063, set the buffer length as 15m
In TN, Too small: 2068, set the buffer length as 15m
In TN, Too small: 2072, set the buffer length as 15m
In TN, Too small: 2074, set the buffer length as 15m
In TN, Too small: 2075, set the buffer length as 15m
In TN, Too small: 2077, set the buffer length as 15m
In TN, Too small: 2078, set the buffer length as 15m
In TN, Too small: 2081, set the buffer length as 15m
In TN, Too small: 2082, set the buffer length as 15m
In TN, Too small: 2086, set the buffer length as 15m
In TN, Too small: 2087, set the buffer length as 15m
In TN, Too small: 2090, set the buffer length as 15m
In TN, Too small: 2091, set the buffer length as 15m
In TN, Too small: 2094, set the buffer length as 15m
In TN, Too small: 2098, set the buffer length as 15m
In TN, Too small: 2100, set the buffer length as 15m
In TN, Too small: 2101, set the buffer length as 15m
In TN, Too small: 2102, set the buffer length as 15m
In TN, Too small: 2104, set the buffer length as 15m
In TN, Too small: 2105, set the buffer length as 15m
In TN, Too small: 2109, set the buffer length as 15m
In TN, Too small: 2110, set the buffer length as 15m
In TN, Too small: 2112, set the buffer length as 15m
In TN, Too small: 2113, set the buffer length as 15m
In TN, Too small: 2120, set the buffer length as 15m
In TN, Too small: 2121, set the buffer length as 15m
In TN, Too small: 2124, set the buffer length as 15m
In TN, Too small: 2126, set the buffer length as 15m
In TN, Too small: 2128, set the buffer length as 15m
In TN, Too small: 2130, set the buffer length as 15m
In TN, Too small: 2131, set the buffer length as 15m
In TN, Too small: 2133, set the buffer length as 15m
In TN, Too small: 2137, set the buffer length as 15m
In TN, Too small: 2143, set the buffer length as 15m
In TN, Too small: 2144, set the buffer length as 15m
In TN, Too small: 2147, set the buffer length as 15m
In TN, Too small: 2148, set the buffer length as 15m
In TN, Too small: 2151, set the buffer length as 15m
In TN, Too small: 2152, set the buffer length as 15m
In TN, Too small: 2154, set the buffer length as 15m
In TN, Too small: 2155, set the buffer length as 15m
In TN, Too small: 2157, set the buffer length as 15m
In TN, Too small: 2158, set the buffer length as 15m
In TN, Too small: 2160, set the buffer length as 15m
In TN, Too small: 2163, set the buffer length as 15m
In TN, Too small: 2164, set the buffer length as 15m
In TN, Too small: 2166, set the buffer length as 15m
In TN, Too small: 2167, set the buffer length as 15m
In TN, Too small: 2169, set the buffer length as 15m
In TN, Too small: 2175, set the buffer length as 15m
In TN, Too small: 2177, set the buffer length as 15m
In TN, Too small: 2179, set the buffer length as 15m
In TN, Too small: 2181, set the buffer length as 15m
In TN, Too small: 2182, set the buffer length as 15m
In TN, Too small: 2186, set the buffer length as 15m
In TN, Too small: 2187, set the buffer length as 15m
In TN, Too small: 2189, set the buffer length as 15m
In TN, Too small: 2190, set the buffer length as 15m
In TN, Too small: 2191, set the buffer length as 15m
In TN, Too small: 2195, set the buffer length as 15m
In TN, Too small: 2196, set the buffer length as 15m
In TN, Too small: 2203, set the buffer length as 15m
In TN, Too small: 2204, set the buffer length as 15m
In TN, Too small: 2205, set the buffer length as 15m
In TN, Too small: 2206, set the buffer length as 15m
In TN, Too small: 2208, set the buffer length as 15m
In TN, Too small: 2212, set the buffer length as 15m
In TN, Too small: 2217, set the buffer length as 15m
In TN, Too small: 2218, set the buffer length as 15m
In TN, Too small: 2220, set the buffer length as 15m
In TN, Too small: 2221, set the buffer length as 15m
In TN, Too small: 2223, set the buffer length as 15m
In TN, Too small: 2226, set the buffer length as 15m
In TN, Too small: 2227, set the buffer length as 15m
In TN, Too small: 2228, set the buffer length as 15m
In TN, Too small: 2229, set the buffer length as 15m
In TN, Too small: 2232, set the buffer length as 15m
In TN, Too small: 2235, set the buffer length as 15m
In TN, Too small: 2236, set the buffer length as 15m
In TN, Too small: 2239, set the buffer length as 15m
In TN, Too small: 2242, set the buffer length as 15m
In TN, Too small: 2243, set the buffer length as 15m
In TN, Too small: 2244, set the buffer length as 15m
In TN, Too small: 2245, set the buffer length as 15m
In TN, Too small: 2248, set the buffer length as 15m
In TN, Too small: 2249, set the buffer length as 15m
In TN, Too small: 2250, set the buffer length as 15m
In TN, Too small: 2255, set the buffer length as 15m
In TN, Too small: 2256, set the buffer length as 15m
In TN, Too small: 2258, set the buffer length as 15m
In TN, Too small: 2259, set the buffer length as 15m
In TN, Too small: 2260, set the buffer length as 15m
In TN, Too small: 2261, set the buffer length as 15m
In TN, Too small: 2263, set the buffer length as 15m
In TN, Too small: 2264, set the buffer length as 15m
In TN, Too small: 2265, set the buffer length as 15m
In TN, Too small: 2266, set the buffer length as 15m
In TN, Too small: 2267, set the buffer length as 15m
In TN, Too small: 2270, set the buffer length as 15m
In TN, Too small: 2272, set the buffer length as 15m
In TN, Too small: 2273, set the buffer length as 15m
In TN, Too small: 2275, set the buffer length as 15m
In TN, Too small: 2276, set the buffer length as 15m
In TN, Too small: 2284, set the buffer length as 15m
In TN, Too small: 2285, set the buffer length as 15m
In TN, Too small: 2286, set the buffer length as 15m
In TN, Too small: 2287, set the buffer length as 15m
In TN, Too small: 2289, set the buffer length as 15m
In TN, Too small: 2291, set the buffer length as 15m
In TN, Too small: 2293, set the buffer length as 15m
In TN, Too small: 2295, set the buffer length as 15m
In TN, Too small: 2297, set the buffer length as 15m
In TN, Too small: 2298, set the buffer length as 15m
In TN, Too small: 2299, set the buffer length as 15m
In TN, Too small: 2301, set the buffer length as 15m
In TN, Too small: 2302, set the buffer length as 15m
In TN, Too small: 2303, set the buffer length as 15m
In TN, Too small: 2305, set the buffer length as 15m
In TN, Too small: 2308, set the buffer length as 15m
In TN, Too small: 2311, set the buffer length as 15m
In TN, Too small: 2312, set the buffer length as 15m
In TN, Too small: 2313, set the buffer length as 15m
In TN, Too small: 2314, set the buffer length as 15m
In TN, Too small: 2316, set the buffer length as 15m
In TN, Too small: 2318, set the buffer length as 15m
In TN, Too small: 2319, set the buffer length as 15m
In TN, Too small: 2320, set the buffer length as 15m
In TN, Too small: 2321, set the buffer length as 15m
In TN, Too small: 2322, set the buffer length as 15m
In TN, Too small: 2327, set the buffer length as 15m
In TN, Too small: 2328, set the buffer length as 15m
In TN, Too small: 2329, set the buffer length as 15m
In TN, Too small: 2332, set the buffer length as 15m
In TN, Too small: 2335, set the buffer length as 15m
In TN, Too small: 2338, set the buffer length as 15m
In TN, Too small: 2341, set the buffer length as 15m
In TN, Too small: 2342, set the buffer length as 15m
In TN, Too small: 2345, set the buffer length as 15m
In TN, Too small: 2346, set the buffer length as 15m
In TN, Too small: 2347, set the buffer length as 15m
In TN, Too small: 2350, set the buffer length as 15m
In TN, Too small: 2351, set the buffer length as 15m
In TN, Too small: 2355, set the buffer length as 15m
In TN, Too small: 2356, set the buffer length as 15m
In TN, Too small: 2360, set the buffer length as 15m
In TN, Too small: 2364, set the buffer length as 15m
In TN, Too small: 2368, set the buffer length as 15m
In TN, Too small: 2369, set the buffer length as 15m
In TN, Too small: 2372, set the buffer length as 15m
In TN, Too small: 2373, set the buffer length as 15m
In TN, Too small: 2375, set the buffer length as 15m
In TN, Too small: 2376, set the buffer length as 15m
In TN, Too small: 2377, set the buffer length as 15m
In TN, Too small: 2378, set the buffer length as 15m
In TN, Too small: 2380, set the buffer length as 15m
In TN, Too small: 2382, set the buffer length as 15m
In TN, Too small: 2383, set the buffer length as 15m
In TN, Too small: 2384, set the buffer length as 15m
In TN, Too small: 2386, set the buffer length as 15m
In TN, Too small: 2387, set the buffer length as 15m
In TN, Too small: 2388, set the buffer length as 15m
In TN, Too small: 2390, set the buffer length as 15m
In TN, Too small: 2391, set the buffer length as 15m
In TN, Too small: 2392, set the buffer length as 15m
In TN, Too small: 2393, set the buffer length as 15m
In TN, Too small: 2395, set the buffer length as 15m
In TN, Too small: 2396, set the buffer length as 15m
In TN, Too small: 2397, set the buffer length as 15m
In TN, Too small: 2398, set the buffer length as 15m
In TN, Too small: 2399, set the buffer length as 15m
In TN, Too small: 2401, set the buffer length as 15m
In TN, Too small: 2402, set the buffer length as 15m
In TN, Too small: 2403, set the buffer length as 15m
In TN, Too small: 2404, set the buffer length as 15m
In TN, Too small: 2405, set the buffer length as 15m
In TN, Too small: 2406, set the buffer length as 15m
In TN, Too small: 2407, set the buffer length as 15m
In TN, Too small: 2409, set the buffer length as 15m
In TN, Too small: 2411, set the buffer length as 15m
In TN, Too small: 2412, set the buffer length as 15m
In TN, Too small: 2414, set the buffer length as 15m
In TN, Too small: 2415, set the buffer length as 15m
In TN, Too small: 2418, set the buffer length as 15m
In TN, Too small: 2419, set the buffer length as 15m
In TN, Too small: 2421, set the buffer length as 15m
In TN, Too small: 2423, set the buffer length as 15m
In TN, Too small: 2424, set the buffer length as 15m
In TN, Too small: 2425, set the buffer length as 15m
In TN, Too small: 2426, set the buffer length as 15m
In TN, Too small: 2427, set the buffer length as 15m
In TN, Too small: 2428, set the buffer length as 15m
In TN, Too small: 2429, set the buffer length as 15m
In TN, Too small: 2430, set the buffer length as 15m
In TN, Too small: 2431, set the buffer length as 15m
In TN, Too small: 2432, set the buffer length as 15m
In TN, Too small: 2433, set the buffer length as 15m
In TN, Too small: 2434, set the buffer length as 15m
In TN, Too small: 2439, set the buffer length as 15m
In TN, Too small: 2440, set the buffer length as 15m
In TN, Too small: 2441, set the buffer length as 15m
In TN, Too small: 2442, set the buffer length as 15m
In TN, Too small: 2443, set the buffer length as 15m
In TN, Too small: 2444, set the buffer length as 15m
In TN, Too small: 2448, set the buffer length as 15m
In TN, Too small: 2449, set the buffer length as 15m
In TN, Too small: 2450, set the buffer length as 15m
In TN, Too small: 2451, set the buffer length as 15m
In TN, Too small: 2452, set the buffer length as 15m
In TN, Too small: 2453, set the buffer length as 15m
In TN, Too small: 2454, set the buffer length as 15m
In TN, Too small: 2455, set the buffer length as 15m
In TN, Too small: 2456, set the buffer length as 15m
In TN, Too small: 2457, set the buffer length as 15m
In TN, Too small: 2459, set the buffer length as 15m
In TN, Too small: 2464, set the buffer length as 15m
In TN, Too small: 2465, set the buffer length as 15m
In TN, Too small: 2467, set the buffer length as 15m
In TN, Too small: 2468, set the buffer length as 15m
In TN, Too small: 2469, set the buffer length as 15m
In TN, Too small: 2470, set the buffer length as 15m
In TN, Too small: 2471, set the buffer length as 15m
In TN, Too small: 2472, set the buffer length as 15m
In TN, Too small: 2475, set the buffer length as 15m
In TN, Too small: 2476, set the buffer length as 15m
In TN, Too small: 2478, set the buffer length as 15m
In TN, Too small: 2479, set the buffer length as 15m
In TN, Too small: 2480, set the buffer length as 15m
In TN, Too small: 2481, set the buffer length as 15m
In TN, Too small: 2484, set the buffer length as 15m
In TN, Too small: 2486, set the buffer length as 15m
In TN, Too small: 2487, set the buffer length as 15m
In TN, Too small: 2489, set the buffer length as 15m
In TN, Too small: 2490, set the buffer length as 15m
In TN, Too small: 2491, set the buffer length as 15m
In TN, Too small: 2492, set the buffer length as 15m
In TN, Too small: 2493, set the buffer length as 15m
In TN, Too small: 2495, set the buffer length as 15m
In TN, Too small: 2496, set the buffer length as 15m
In TN, Too small: 2497, set the buffer length as 15m
In TN, Too small: 2498, set the buffer length as 15m
In TN, Too small: 2499, set the buffer length as 15m
In TN, Too small: 2500, set the buffer length as 15m
In TN, Too small: 2501, set the buffer length as 15m
In TN, Too small: 2503, set the buffer length as 15m
In TN, Too small: 2504, set the buffer length as 15m
In TN, Too small: 2506, set the buffer length as 15m
In TN, Too small: 2508, set the buffer length as 15m
In TN, Too small: 2509, set the buffer length as 15m
In TN, Too small: 2511, set the buffer length as 15m
In TN, Too small: 2515, set the buffer length as 15m
In TN, Too small: 2516, set the buffer length as 15m
In TN, Too small: 2517, set the buffer length as 15m
In TN, Too small: 2520, set the buffer length as 15m
In TN, Too small: 2521, set the buffer length as 15m
In TN, Too small: 2523, set the buffer length as 15m
In TN, Too small: 2526, set the buffer length as 15m
In TN, Too small: 2527, set the buffer length as 15m
In TN, Too small: 2529, set the buffer length as 15m
In TN, Too small: 2530, set the buffer length as 15m
In TN, Too small: 2531, set the buffer length as 15m
In TN, Too small: 2533, set the buffer length as 15m
In TN, Too small: 2534, set the buffer length as 15m
In TN, Too small: 2535, set the buffer length as 15m
In TN, Too small: 2537, set the buffer length as 15m
In TN, Too small: 2542, set the buffer length as 15m
In TN, Too small: 2543, set the buffer length as 15m
In TN, Too small: 2544, set the buffer length as 15m
In TN, Too small: 2546, set the buffer length as 15m
In TN, Too small: 2548, set the buffer length as 15m
In TN, Too small: 2552, set the buffer length as 15m
In TN, Too small: 2553, set the buffer length as 15m
In TN, Too small: 2555, set the buffer length as 15m
In TN, Too small: 2557, set the buffer length as 15m
In TN, Too small: 2558, set the buffer length as 15m
In TN, Too small: 2562, set the buffer length as 15m
In TN, Too small: 2563, set the buffer length as 15m
In TN, Too small: 2564, set the buffer length as 15m
In TN, Too small: 2565, set the buffer length as 15m
In TN, Too small: 2566, set the buffer length as 15m
In TN, Too small: 2567, set the buffer length as 15m
In TN, Too small: 2569, set the buffer length as 15m
In TN, Too small: 2571, set the buffer length as 15m
In TN, Too small: 2572, set the buffer length as 15m
In TN, Too small: 2573, set the buffer length as 15m
In TN, Too small: 2575, set the buffer length as 15m
In TN, Too small: 2576, set the buffer length as 15m
In TN, Too small: 2577, set the buffer length as 15m
In TN, Too small: 2583, set the buffer length as 15m
In TN, Too small: 2584, set the buffer length as 15m
In TN, Too small: 2587, set the buffer length as 15m
In TN, Too small: 2588, set the buffer length as 15m
In TN, Too small: 2591, set the buffer length as 15m
In TN, Too small: 2592, set the buffer length as 15m
In TN, Too small: 2595, set the buffer length as 15m
In TN, Too small: 2596, set the buffer length as 15m
In TN, Too small: 2597, set the buffer length as 15m
In TN, Too small: 2599, set the buffer length as 15m
In TN, Too small: 2603, set the buffer length as 15m
In TN, Too small: 2605, set the buffer length as 15m
In TN, Too small: 2606, set the buffer length as 15m
In TN, Too small: 2607, set the buffer length as 15m
In TN, Too small: 2610, set the buffer length as 15m
In TN, Too small: 2611, set the buffer length as 15m
In TN, Too small: 2616, set the buffer length as 15m
In TN, Too small: 2617, set the buffer length as 15m
In TN, Too small: 2619, set the buffer length as 15m
In TN, Too small: 2623, set the buffer length as 15m
In TN, Too small: 2624, set the buffer length as 15m
In TN, Too small: 2625, set the buffer length as 15m
In TN, Too small: 2627, set the buffer length as 15m
In TN, Too small: 2629, set the buffer length as 15m
In TN, Too small: 2636, set the buffer length as 15m
In TN, Too small: 2637, set the buffer length as 15m
In TN, Too small: 2638, set the buffer length as 15m
In TN, Too small: 2640, set the buffer length as 15m
In TN, Too small: 2642, set the buffer length as 15m
In TN, Too small: 2643, set the buffer length as 15m
In TN, Too small: 2644, set the buffer length as 15m
In TN, Too small: 2645, set the buffer length as 15m
In TN, Too small: 2646, set the buffer length as 15m
In TN, Too small: 2648, set the buffer length as 15m
In TN, Too small: 2649, set the buffer length as 15m
In TN, Too small: 2650, set the buffer length as 15m
In TN, Too small: 2651, set the buffer length as 15m
In TN, Too small: 2652, set the buffer length as 15m
In TN, Too small: 2653, set the buffer length as 15m
In TN, Too small: 2654, set the buffer length as 15m
In TN, Too small: 2655, set the buffer length as 15m
In TN, Too small: 2657, set the buffer length as 15m
In TN, Too small: 2658, set the buffer length as 15m
In TN, Too small: 2659, set the buffer length as 15m
In TN, Too small: 2660, set the buffer length as 15m
In TN, Too small: 2661, set the buffer length as 15m
In TN, Too small: 2664, set the buffer length as 15m
In TN, Too small: 2665, set the buffer length as 15m
In TN, Too small: 2666, set the buffer length as 15m
In TN, Too small: 2668, set the buffer length as 15m
In TN, Too small: 2669, set the buffer length as 15m
In TN, Too small: 2670, set the buffer length as 15m
In TN, Too small: 2671, set the buffer length as 15m
In TN, Too small: 2672, set the buffer length as 15m
In TN, Too small: 2674, set the buffer length as 15m
In TN, Too small: 2675, set the buffer length as 15m
In TN, Too small: 2677, set the buffer length as 15m
In TN, Too small: 2678, set the buffer length as 15m
In TN, Too small: 2679, set the buffer length as 15m
In TN, Too small: 2680, set the buffer length as 15m
In TN, Too small: 2681, set the buffer length as 15m
In TN, Too small: 2682, set the buffer length as 15m
In TN, Too small: 2683, set the buffer length as 15m
In TN, Too small: 2684, set the buffer length as 15m
In TN, Too small: 2685, set the buffer length as 15m
In TN, Too small: 2689, set the buffer length as 15m
In TN, Too small: 2691, set the buffer length as 15m
In TN, Too small: 2692, set the buffer length as 15m
In TN, Too small: 2693, set the buffer length as 15m
In TN, Too small: 2694, set the buffer length as 15m
In TN, Too small: 2696, set the buffer length as 15m
In TN, Too small: 2698, set the buffer length as 15m
In TN, Too small: 2699, set the buffer length as 15m
In TN, Too small: 2700, set the buffer length as 15m
In TN, Too small: 2703, set the buffer length as 15m
In TN, Too small: 2704, set the buffer length as 15m
In TN, Too small: 2705, set the buffer length as 15m
In TN, Too small: 2706, set the buffer length as 15m
In TN, Too small: 2707, set the buffer length as 15m
In TN, Too small: 2708, set the buffer length as 15m
In TN, Too small: 2710, set the buffer length as 15m
In TN, Too small: 2712, set the buffer length as 15m
In TN, Too small: 2713, set the buffer length as 15m
In TN, Too small: 2714, set the buffer length as 15m
In TN, Too small: 2715, set the buffer length as 15m
In TN, Too small: 2716, set the buffer length as 15m
In TN, Too small: 2718, set the buffer length as 15m
In TN, Too small: 2719, set the buffer length as 15m
In TN, Too small: 2721, set the buffer length as 15m
In TN, Too small: 2724, set the buffer length as 15m
In TN, Too small: 2725, set the buffer length as 15m
In TN, Too small: 2726, set the buffer length as 15m
In TN, Too small: 2727, set the buffer length as 15m
In TN, Too small: 2729, set the buffer length as 15m
In TN, Too small: 2730, set the buffer length as 15m
In TN, Too small: 2731, set the buffer length as 15m
In TN, Too small: 2732, set the buffer length as 15m
In TN, Too small: 2733, set the buffer length as 15m
In TN, Too small: 2735, set the buffer length as 15m
In TN, Too small: 2737, set the buffer length as 15m
In TN, Too small: 2738, set the buffer length as 15m
In TN, Too small: 2739, set the buffer length as 15m
In TN, Too small: 2740, set the buffer length as 15m
In TN, Too small: 2742, set the buffer length as 15m
In TN, Too small: 2743, set the buffer length as 15m
In TN, Too small: 2745, set the buffer length as 15m
In TN, Too small: 2747, set the buffer length as 15m
In TN, Too small: 2748, set the buffer length as 15m
In TN, Too small: 2751, set the buffer length as 15m
In TN, Too small: 2752, set the buffer length as 15m
In TN, Too small: 2753, set the buffer length as 15m
In TN, Too small: 2755, set the buffer length as 15m
In TN, Too small: 2756, set the buffer length as 15m
In TN, Too small: 2757, set the buffer length as 15m
In TN, Too small: 2758, set the buffer length as 15m
In TN, Too small: 2759, set the buffer length as 15m
In TN, Too small: 2760, set the buffer length as 15m
In TN, Too small: 2763, set the buffer length as 15m
In TN, Too small: 2765, set the buffer length as 15m
In TN, Too small: 2767, set the buffer length as 15m
In TN, Too small: 2768, set the buffer length as 15m
In TN, Too small: 2769, set the buffer length as 15m
In TN, Too small: 2771, set the buffer length as 15m
In TN, Too small: 2772, set the buffer length as 15m
In TN, Too small: 2773, set the buffer length as 15m
In TN, Too small: 2775, set the buffer length as 15m
In TN, Too small: 2776, set the buffer length as 15m
In TN, Too small: 2777, set the buffer length as 15m
In TN, Too small: 2778, set the buffer length as 15m
In TN, Too small: 2779, set the buffer length as 15m
In TN, Too small: 2780, set the buffer length as 15m
In TN, Too small: 2781, set the buffer length as 15m
In TN, Too small: 2782, set the buffer length as 15m
In TN, Too small: 2783, set the buffer length as 15m
In TN, Too small: 2785, set the buffer length as 15m
In TN, Too small: 2786, set the buffer length as 15m
In TN, Too small: 2787, set the buffer length as 15m
In TN, Too small: 2788, set the buffer length as 15m
In TN, Too small: 2790, set the buffer length as 15m
In TN, Too small: 2791, set the buffer length as 15m
In TN, Too small: 2793, set the buffer length as 15m
In TN, Too small: 2794, set the buffer length as 15m
In TN, Too small: 2795, set the buffer length as 15m
In TN, Too small: 2798, set the buffer length as 15m
In TN, Too small: 2799, set the buffer length as 15m
In TN, Too small: 2800, set the buffer length as 15m
In TN, Too small: 2801, set the buffer length as 15m
In TN, Too small: 2803, set the buffer length as 15m
In TN, Too small: 2804, set the buffer length as 15m
In TN, Too small: 2805, set the buffer length as 15m
In TN, Too small: 2806, set the buffer length as 15m
In TN, Too small: 2808, set the buffer length as 15m
In TN, Too small: 2809, set the buffer length as 15m
In TN, Too small: 2811, set the buffer length as 15m
In TN, Too small: 2812, set the buffer length as 15m
In TN, Too small: 2813, set the buffer length as 15m
In TN, Too small: 2814, set the buffer length as 15m
In TN, Too small: 2816, set the buffer length as 15m
In TN, Too small: 2817, set the buffer length as 15m
In TN, Too small: 2818, set the buffer length as 15m
In TN, Too small: 2819, set the buffer length as 15m
In TN, Too small: 2821, set the buffer length as 15m
In TN, Too small: 2822, set the buffer length as 15m
In TN, Too small: 2824, set the buffer length as 15m
In TN, Too small: 2825, set the buffer length as 15m
In TN, Too small: 2826, set the buffer length as 15m
In TN, Too small: 2827, set the buffer length as 15m
In TN, Too small: 2828, set the buffer length as 15m
In TN, Too small: 2830, set the buffer length as 15m
In TN, Too small: 2831, set the buffer length as 15m
In TN, Too small: 2832, set the buffer length as 15m
In TN, Too small: 2833, set the buffer length as 15m
In TN, Too small: 2834, set the buffer length as 15m
In TN, Too small: 2835, set the buffer length as 15m
In TN, Too small: 2836, set the buffer length as 15m
In TN, Too small: 2837, set the buffer length as 15m
In TN, Too small: 2838, set the buffer length as 15m
In TN, Too small: 2839, set the buffer length as 15m
In TN, Too small: 2840, set the buffer length as 15m
In TN, Too small: 2841, set the buffer length as 15m
In TN, Too small: 2842, set the buffer length as 15m
In TN, Too small: 2843, set the buffer length as 15m
In TN, Too small: 2845, set the buffer length as 15m
In TN, Too small: 2846, set the buffer length as 15m
In TN, Too small: 2847, set the buffer length as 15m
In TN, Too small: 2848, set the buffer length as 15m
In TN, Too small: 2849, set the buffer length as 15m
In TN, Too small: 2850, set the buffer length as 15m
In TN, Too small: 2851, set the buffer length as 15m
In TN, Too small: 2852, set the buffer length as 15m
In TN, Too small: 2853, set the buffer length as 15m
In TN, Too small: 2855, set the buffer length as 15m
In TN, Too small: 2856, set the buffer length as 15m
In TN, Too small: 2857, set the buffer length as 15m
In TN, Too small: 2858, set the buffer length as 15m
In TN, Too small: 2861, set the buffer length as 15m
In TN, Too small: 2863, set the buffer length as 15m
In TN, Too small: 2864, set the buffer length as 15m
In TN, Too small: 2866, set the buffer length as 15m
In TN, Too small: 2867, set the buffer length as 15m
In TN, Too small: 2868, set the buffer length as 15m
In TN, Too small: 2872, set the buffer length as 15m
In TN, Too small: 2874, set the buffer length as 15m
In TN, Too small: 2875, set the buffer length as 15m
In TN, Too small: 2876, set the buffer length as 15m
In TN, Too small: 2877, set the buffer length as 15m
In TN, Too small: 2879, set the buffer length as 15m
In TN, Too small: 2880, set the buffer length as 15m
In TN, Too small: 2881, set the buffer length as 15m
In TN, Too small: 2883, set the buffer length as 15m
In TN, Too small: 2884, set the buffer length as 15m
In TN, Too small: 2885, set the buffer length as 15m
In TN, Too small: 2886, set the buffer length as 15m
In TN, Too small: 2887, set the buffer length as 15m
In TN, Too small: 2888, set the buffer length as 15m
In TN, Too small: 2889, set the buffer length as 15m
In TN, Too small: 2890, set the buffer length as 15m
In TN, Too small: 2891, set the buffer length as 15m
In TN, Too small: 2892, set the buffer length as 15m
In TN, Too small: 2893, set the buffer length as 15m
In TN, Too small: 2894, set the buffer length as 15m
In TN, Too small: 2895, set the buffer length as 15m
In TN, Too small: 2896, set the buffer length as 15m
In TN, Too small: 2897, set the buffer length as 15m
In TN, Too small: 2898, set the buffer length as 15m
In TN, Too small: 2899, set the buffer length as 15m
In TN, Too small: 2900, set the buffer length as 15m
In TN, Too small: 2901, set the buffer length as 15m
In TN, Too small: 2902, set the buffer length as 15m
In TN, Too small: 2903, set the buffer length as 15m
In TN, Too small: 2907, set the buffer length as 15m
In TN, Too small: 2909, set the buffer length as 15m
In TN, Too small: 2911, set the buffer length as 15m
In TN, Too small: 2912, set the buffer length as 15m
In TN, Too small: 2914, set the buffer length as 15m
In TN, Too small: 2915, set the buffer length as 15m
In TN, Too small: 2918, set the buffer length as 15m
In TN, Too small: 2919, set the buffer length as 15m
In TN, Too small: 2920, set the buffer length as 15m
In TN, Too small: 2922, set the buffer length as 15m
In TN, Too small: 2924, set the buffer length as 15m
In TN, Too small: 2926, set the buffer length as 15m
In TN, Too small: 2927, set the buffer length as 15m
In TN, Too small: 2928, set the buffer length as 15m
In TN, Too small: 2929, set the buffer length as 15m
In TN, Too small: 2930, set the buffer length as 15m
In TN, Too small: 2931, set the buffer length as 15m
In TN, Too small: 2933, set the buffer length as 15m
In TN, Too small: 2934, set the buffer length as 15m
In TN, Too small: 2935, set the buffer length as 15m
In TN, Too small: 2936, set the buffer length as 15m
In TN, Too small: 2937, set the buffer length as 15m
In TN, Too small: 2938, set the buffer length as 15m
In TN, Too small: 2939, set the buffer length as 15m
In TN, Too small: 2940, set the buffer length as 15m
In TN, Too small: 2941, set the buffer length as 15m
In TN, Too small: 2942, set the buffer length as 15m
In TN, Too small: 2943, set the buffer length as 15m
In TN, Too small: 2945, set the buffer length as 15m
In TN, Too small: 2946, set the buffer length as 15m
In TN, Too small: 2948, set the buffer length as 15m
In TN, Too small: 2949, set the buffer length as 15m
In TN, Too small: 2950, set the buffer length as 15m
In TN, Too small: 2951, set the buffer length as 15m
In TN, Too small: 2952, set the buffer length as 15m
In TN, Too small: 2953, set the buffer length as 15m
In TN, Too small: 2954, set the buffer length as 15m
In TN, Too small: 2955, set the buffer length as 15m
In TN, Too small: 2957, set the buffer length as 15m
In TN, Too small: 2958, set the buffer length as 15m
In TN, Too small: 2959, set the buffer length as 15m
In TN, Too small: 2961, set the buffer length as 15m
In TN, Too small: 2962, set the buffer length as 15m
In TN, Too small: 2963, set the buffer length as 15m
In TN, Too small: 2964, set the buffer length as 15m
In TN, Too small: 2965, set the buffer length as 15m
In TN, Too small: 2966, set the buffer length as 15m
In TN, Too small: 2967, set the buffer length as 15m
In TN, Too small: 2968, set the buffer length as 15m
In TN, Too small: 2969, set the buffer length as 15m
In TN, Too small: 2971, set the buffer length as 15m
In TN, Too small: 2972, set the buffer length as 15m
In TN, Too small: 2973, set the buffer length as 15m
In TN, Too small: 2975, set the buffer length as 15m
In TN, Too small: 2976, set the buffer length as 15m
In TN, Too small: 2977, set the buffer length as 15m
In TN, Too small: 2979, set the buffer length as 15m
In TN, Too small: 2980, set the buffer length as 15m
In TN, Too small: 2984, set the buffer length as 15m
In TN, Too small: 2985, set the buffer length as 15m
In TN, Too small: 2986, set the buffer length as 15m
In TN, Too small: 2988, set the buffer length as 15m
In TN, Too small: 2989, set the buffer length as 15m
In TN, Too small: 2990, set the buffer length as 15m
In TN, Too small: 2991, set the buffer length as 15m
In TN, Too small: 2993, set the buffer length as 15m
In TN, Too small: 2994, set the buffer length as 15m
In TN, Too small: 2995, set the buffer length as 15m
In TN, Too small: 2996, set the buffer length as 15m
In TN, Too small: 2997, set the buffer length as 15m
In TN, Too small: 2998, set the buffer length as 15m
In TN, Too small: 2999, set the buffer length as 15m
In TN, Too small: 3000, set the buffer length as 15m
In TN, Too small: 3001, set the buffer length as 15m
In TN, Too small: 3002, set the buffer length as 15m
In TN, Too small: 3003, set the buffer length as 15m
In TN, Too small: 3004, set the buffer length as 15m
In TN, Too small: 3005, set the buffer length as 15m
In TN, Too small: 3006, set the buffer length as 15m
In TN, Too small: 3007, set the buffer length as 15m
In TN, Too small: 3008, set the buffer length as 15m
In TN, Too small: 3009, set the buffer length as 15m
In TN, Too small: 3010, set the buffer length as 15m
In TN, Too small: 3011, set the buffer length as 15m
In TN, Too small: 3014, set the buffer length as 15m
In TN, Too small: 3017, set the buffer length as 15m
In TN, Too small: 3018, set the buffer length as 15m
In TN, Too small: 3019, set the buffer length as 15m
In TN, Too small: 3020, set the buffer length as 15m
In TN, Too small: 3022, set the buffer length as 15m
In TN, Too small: 3023, set the buffer length as 15m
In TN, Too small: 3025, set the buffer length as 15m
In TN, Too small: 3026, set the buffer length as 15m
In TN, Too small: 3027, set the buffer length as 15m
In TN, Too small: 3028, set the buffer length as 15m
In TN, Too small: 3032, set the buffer length as 15m
In TN, Too small: 3033, set the buffer length as 15m
In TN, Too small: 3034, set the buffer length as 15m
In TN, Too small: 3036, set the buffer length as 15m
In TN, Too small: 3037, set the buffer length as 15m
In TN, Too small: 3038, set the buffer length as 15m
In TN, Too small: 3041, set the buffer length as 15m
In TN, Too small: 3043, set the buffer length as 15m
In TN, Too small: 3044, set the buffer length as 15m
In TN, Too small: 3045, set the buffer length as 15m
In TN, Too small: 3046, set the buffer length as 15m
In TN, Too small: 3048, set the buffer length as 15m
In TN, Too small: 3049, set the buffer length as 15m
In TN, Too small: 3051, set the buffer length as 15m
In TN, Too small: 3053, set the buffer length as 15m
In TN, Too small: 3054, set the buffer length as 15m
In TN, Too small: 3056, set the buffer length as 15m
In TN, Too small: 3057, set the buffer length as 15m
In TN, Too small: 3058, set the buffer length as 15m
In TN, Too small: 3060, set the buffer length as 15m
In TN, Too small: 3061, set the buffer length as 15m
In TN, Too small: 3062, set the buffer length as 15m
In TN, Too small: 3063, set the buffer length as 15m
In TN, Too small: 3064, set the buffer length as 15m
In TN, Too small: 3065, set the buffer length as 15m
In TN, Too small: 3067, set the buffer length as 15m
In TN, Too small: 3068, set the buffer length as 15m
In TN, Too small: 3069, set the buffer length as 15m
In TN, Too small: 3070, set the buffer length as 15m
In TN, Too small: 3072, set the buffer length as 15m
In TN, Too small: 3076, set the buffer length as 15m
In TN, Too small: 3077, set the buffer length as 15m
In TN, Too small: 3078, set the buffer length as 15m
In TN, Too small: 3080, set the buffer length as 15m
In TN, Too small: 3081, set the buffer length as 15m
In TN, Too small: 3083, set the buffer length as 15m
In TN, Too small: 3084, set the buffer length as 15m
In TN, Too small: 3085, set the buffer length as 15m
In TN, Too small: 3086, set the buffer length as 15m
In TN, Too small: 3088, set the buffer length as 15m
In TN, Too small: 3089, set the buffer length as 15m
In TN, Too small: 3090, set the buffer length as 15m
In TN, Too small: 3092, set the buffer length as 15m
In TN, Too small: 3093, set the buffer length as 15m
In TN, Too small: 3094, set the buffer length as 15m
In TN, Too small: 3095, set the buffer length as 15m
In TN, Too small: 3097, set the buffer length as 15m
In TN, Too small: 3098, set the buffer length as 15m
In TN, Too small: 3101, set the buffer length as 15m
In TN, Too small: 3102, set the buffer length as 15m
In TN, Too small: 3103, set the buffer length as 15m
In TN, Too small: 3104, set the buffer length as 15m
In TN, Too small: 3105, set the buffer length as 15m
In TN, Too small: 3107, set the buffer length as 15m
In TN, Too small: 3109, set the buffer length as 15m
In TN, Too small: 3110, set the buffer length as 15m
In TN, Too small: 3112, set the buffer length as 15m
In TN, Too small: 3113, set the buffer length as 15m
In TN, Too small: 3114, set the buffer length as 15m
In TN, Too small: 3115, set the buffer length as 15m
In TN, Too small: 3117, set the buffer length as 15m
In TN, Too small: 3118, set the buffer length as 15m
In TN, Too small: 3120, set the buffer length as 15m
In TN, Too small: 3121, set the buffer length as 15m
In TN, Too small: 3122, set the buffer length as 15m
In TN, Too small: 3123, set the buffer length as 15m
In TN, Too small: 3124, set the buffer length as 15m
In TN, Too small: 3125, set the buffer length as 15m
In TN, Too small: 3126, set the buffer length as 15m
In TN, Too small: 3127, set the buffer length as 15m
In TN, Too small: 3128, set the buffer length as 15m
In TN, Too small: 3130, set the buffer length as 15m
In TN, Too small: 3132, set the buffer length as 15m
In TN, Too small: 3133, set the buffer length as 15m
In TN, Too small: 3134, set the buffer length as 15m
In TN, Too small: 3135, set the buffer length as 15m
In TN, Too small: 3136, set the buffer length as 15m
In TN, Too small: 3137, set the buffer length as 15m
In TN, Too small: 3138, set the buffer length as 15m
In TN, Too small: 3139, set the buffer length as 15m
In TN, Too small: 3140, set the buffer length as 15m
In TN, Too small: 3141, set the buffer length as 15m
In TN, Too small: 3142, set the buffer length as 15m
In TN, Too small: 3143, set the buffer length as 15m
In TN, Too small: 3144, set the buffer length as 15m
In TN, Too small: 3145, set the buffer length as 15m
In TN, Too small: 3146, set the buffer length as 15m
In TN, Too small: 3147, set the buffer length as 15m
In TN, Too small: 3148, set the buffer length as 15m
In TN, Too small: 3149, set the buffer length as 15m
In TN, Too small: 3150, set the buffer length as 15m
In TN, Too small: 3151, set the buffer length as 15m
In TN, Too small: 3152, set the buffer length as 15m
In TN, Too small: 3153, set the buffer length as 15m
In TN, Too small: 3154, set the buffer length as 15m
In TN, Too small: 3155, set the buffer length as 15m
In TN, Too small: 3162, set the buffer length as 15m
In TN, Too small: 3164, set the buffer length as 15m
In TN, Too small: 3165, set the buffer length as 15m
In TN, Too small: 3167, set the buffer length as 15m
In TN, Too small: 3170, set the buffer length as 15m
In TN, Too small: 3171, set the buffer length as 15m
In TN, Too small: 3172, set the buffer length as 15m
In TN, Too small: 3175, set the buffer length as 15m
In TN, Too small: 3176, set the buffer length as 15m
In TN, Too small: 3177, set the buffer length as 15m
In TN, Too small: 3178, set the buffer length as 15m
In TN, Too small: 3180, set the buffer length as 15m
In TN, Too small: 3181, set the buffer length as 15m
In TN, Too small: 3183, set the buffer length as 15m
In TN, Too small: 3184, set the buffer length as 15m
In TN, Too small: 3185, set the buffer length as 15m
In TN, Too small: 3189, set the buffer length as 15m
In TN, Too small: 3190, set the buffer length as 15m
In TN, Too small: 3191, set the buffer length as 15m
In TN, Too small: 3192, set the buffer length as 15m
In TN, Too small: 3194, set the buffer length as 15m
In TN, Too small: 3197, set the buffer length as 15m
In TN, Too small: 3199, set the buffer length as 15m
In TN, Too small: 3200, set the buffer length as 15m
In TN, Too small: 3203, set the buffer length as 15m
In TN, Too small: 3204, set the buffer length as 15m
In TN, Too small: 3205, set the buffer length as 15m
In TN, Too small: 3206, set the buffer length as 15m
In TN, Too small: 3207, set the buffer length as 15m
In TN, Too small: 3209, set the buffer length as 15m
In TN, Too small: 3210, set the buffer length as 15m
In TN, Too small: 3211, set the buffer length as 15m
In TN, Too small: 3212, set the buffer length as 15m
In TN, Too small: 3213, set the buffer length as 15m
In TN, Too small: 3214, set the buffer length as 15m
In TN, Too small: 3216, set the buffer length as 15m
In TN, Too small: 3217, set the buffer length as 15m
In TN, Too small: 3218, set the buffer length as 15m
In TN, Too small: 3219, set the buffer length as 15m
In TN, Too small: 3221, set the buffer length as 15m
In TN, Too small: 3222, set the buffer length as 15m
In TN, Too small: 3223, set the buffer length as 15m
In TN, Too small: 3224, set the buffer length as 15m
In TN, Too small: 3225, set the buffer length as 15m
In TN, Too small: 3226, set the buffer length as 15m
In TN, Too small: 3227, set the buffer length as 15m
In TN, Too small: 3228, set the buffer length as 15m
In TN, Too small: 3229, set the buffer length as 15m
In TN, Too small: 3231, set the buffer length as 15m
In TN, Too small: 3232, set the buffer length as 15m
In TN, Too small: 3235, set the buffer length as 15m
In TN, Too small: 3236, set the buffer length as 15m
In TN, Too small: 3237, set the buffer length as 15m
In TN, Too small: 3240, set the buffer length as 15m
In TN, Too small: 3245, set the buffer length as 15m
In TN, Too small: 3247, set the buffer length as 15m
In TN, Too small: 3248, set the buffer length as 15m
In TN, Too small: 3249, set the buffer length as 15m
In TN, Too small: 3250, set the buffer length as 15m
In TN, Too small: 3251, set the buffer length as 15m
In TN, Too small: 3252, set the buffer length as 15m
In TN, Too small: 3253, set the buffer length as 15m
In TN, Too small: 3254, set the buffer length as 15m
In TN, Too small: 3255, set the buffer length as 15m
In TN, Too small: 3256, set the buffer length as 15m
In TN, Too small: 3258, set the buffer length as 15m
In TN, Too small: 3259, set the buffer length as 15m
In TN, Too small: 3261, set the buffer length as 15m
In TN, Too small: 3262, set the buffer length as 15m
In TN, Too small: 3263, set the buffer length as 15m
In TN, Too small: 3264, set the buffer length as 15m
In TN, Too small: 3266, set the buffer length as 15m
In TN, Too small: 3267, set the buffer length as 15m
In TN, Too small: 3268, set the buffer length as 15m
In TN, Too small: 3269, set the buffer length as 15m
In TN, Too small: 3271, set the buffer length as 15m
File exists.
SC
#Total: 8692
In SC, Too small: 189, set the buffer length as 15m
In SC, Too small: 1515, set the buffer length as 15m
In SC, Too small: 1842, set the buffer length as 15m
In SC, Too small: 2364, set the buffer length as 15m
In SC, Too small: 3774, set the buffer length as 15m
In SC, Too small: 3955, set the buffer length as 15m
In SC, Too small: 4101, set the buffer length as 15m
In SC, Too small: 4511, set the buffer length as 15m
In SC, Too small: 5222, set the buffer length as 15m
In SC, Too small: 5650, set the buffer length as 15m
In SC, Too small: 5930, set the buffer length as 15m
In SC, Too small: 5935, set the buffer length as 15m
In SC, Too small: 6425, set the buffer length as 15m
In SC, Too small: 7139, set the buffer length as 15m
In SC, Too small: 7332, set the buffer length as 15m
In SC, Too small: 7381, set the buffer length as 15m
In SC, Too small: 7542, set the buffer length as 15m
In SC, Too small: 7895, set the buffer length as 15m
In SC, Too small: 8019, set the buffer length as 15m
In SC, Too small: 8029, set the buffer length as 15m
File exists.
NC
#Total: 672
File exists.
FL
#Total: 23831
File exists.
AL
#Total: 11863
In AL, Too small: 491, set the buffer length as 15m
In AL, Too small: 2534, set the buffer length as 15m
In AL, Too small: 5325, set the buffer length as 15m
In AL, Too small: 5327, set the buffer length as 15m
In AL, Too small: 5549, set the buffer length as 15m
In AL, Too small: 6230, set the buffer length as 15m
In AL, Too small: 8446, set the buffer length as 15m
In AL, Too small: 10517, set the buffer length as 15m
File exists.
MS
#Total: 3332
File exists.
GA
#Total: 37823
File exists.
TN
#Total: 2440
In TN, Too small: 2, set the buffer length as 15m
In TN, Too small: 4, set the buffer length as 15m
In TN, Too small: 5, set the buffer length as 15m
In TN, Too small: 6, set the buffer length as 15m
In TN, Too small: 7, set the buffer length as 15m
In TN, Too small: 8, set the buffer length as 15m
In TN, Too small: 9, set the buffer length as 15m
In TN, Too small: 10, set the buffer length as 15m
In TN, Too small: 11, set the buffer length as 15m
In TN, Too small: 14, set the buffer length as 15m
In TN, Too small: 15, set the buffer length as 15m
In TN, Too small: 16, set the buffer length as 15m
In TN, Too small: 18, set the buffer length as 15m
In TN, Too small: 19, set the buffer length as 15m
In TN, Too small: 23, set the buffer length as 15m
In TN, Too small: 25, set the buffer length as 15m
In TN, Too small: 28, set the buffer length as 15m
In TN, Too small: 29, set the buffer length as 15m
In TN, Too small: 30, set the buffer length as 15m
In TN, Too small: 31, set the buffer length as 15m
In TN, Too small: 33, set the buffer length as 15m
In TN, Too small: 34, set the buffer length as 15m
In TN, Too small: 37, set the buffer length as 15m
In TN, Too small: 41, set the buffer length as 15m
In TN, Too small: 42, set the buffer length as 15m
In TN, Too small: 43, set the buffer length as 15m
In TN, Too small: 44, set the buffer length as 15m
In TN, Too small: 45, set the buffer length as 15m
In TN, Too small: 46, set the buffer length as 15m
In TN, Too small: 48, set the buffer length as 15m
In TN, Too small: 49, set the buffer length as 15m
In TN, Too small: 50, set the buffer length as 15m
In TN, Too small: 51, set the buffer length as 15m
In TN, Too small: 53, set the buffer length as 15m
In TN, Too small: 55, set the buffer length as 15m
In TN, Too small: 56, set the buffer length as 15m
In TN, Too small: 57, set the buffer length as 15m
In TN, Too small: 58, set the buffer length as 15m
In TN, Too small: 61, set the buffer length as 15m
In TN, Too small: 63, set the buffer length as 15m
In TN, Too small: 64, set the buffer length as 15m
In TN, Too small: 67, set the buffer length as 15m
In TN, Too small: 68, set the buffer length as 15m
In TN, Too small: 70, set the buffer length as 15m
In TN, Too small: 71, set the buffer length as 15m
In TN, Too small: 72, set the buffer length as 15m
In TN, Too small: 75, set the buffer length as 15m
In TN, Too small: 78, set the buffer length as 15m
In TN, Too small: 79, set the buffer length as 15m
In TN, Too small: 80, set the buffer length as 15m
In TN, Too small: 81, set the buffer length as 15m
In TN, Too small: 83, set the buffer length as 15m
In TN, Too small: 84, set the buffer length as 15m
In TN, Too small: 86, set the buffer length as 15m
In TN, Too small: 88, set the buffer length as 15m
In TN, Too small: 90, set the buffer length as 15m
In TN, Too small: 92, set the buffer length as 15m
In TN, Too small: 97, set the buffer length as 15m
In TN, Too small: 98, set the buffer length as 15m
In TN, Too small: 103, set the buffer length as 15m
In TN, Too small: 104, set the buffer length as 15m
In TN, Too small: 105, set the buffer length as 15m
In TN, Too small: 106, set the buffer length as 15m
In TN, Too small: 107, set the buffer length as 15m
In TN, Too small: 108, set the buffer length as 15m
In TN, Too small: 111, set the buffer length as 15m
In TN, Too small: 112, set the buffer length as 15m
In TN, Too small: 113, set the buffer length as 15m
In TN, Too small: 114, set the buffer length as 15m
In TN, Too small: 115, set the buffer length as 15m
In TN, Too small: 118, set the buffer length as 15m
In TN, Too small: 120, set the buffer length as 15m
In TN, Too small: 121, set the buffer length as 15m
In TN, Too small: 122, set the buffer length as 15m
In TN, Too small: 124, set the buffer length as 15m
In TN, Too small: 125, set the buffer length as 15m
In TN, Too small: 127, set the buffer length as 15m
In TN, Too small: 129, set the buffer length as 15m
In TN, Too small: 130, set the buffer length as 15m
In TN, Too small: 133, set the buffer length as 15m
In TN, Too small: 136, set the buffer length as 15m
In TN, Too small: 138, set the buffer length as 15m
In TN, Too small: 140, set the buffer length as 15m
In TN, Too small: 141, set the buffer length as 15m
In TN, Too small: 146, set the buffer length as 15m
In TN, Too small: 149, set the buffer length as 15m
In TN, Too small: 150, set the buffer length as 15m
In TN, Too small: 153, set the buffer length as 15m
In TN, Too small: 154, set the buffer length as 15m
In TN, Too small: 155, set the buffer length as 15m
In TN, Too small: 157, set the buffer length as 15m
In TN, Too small: 165, set the buffer length as 15m
In TN, Too small: 169, set the buffer length as 15m
In TN, Too small: 171, set the buffer length as 15m
In TN, Too small: 173, set the buffer length as 15m
In TN, Too small: 178, set the buffer length as 15m
In TN, Too small: 179, set the buffer length as 15m
In TN, Too small: 181, set the buffer length as 15m
In TN, Too small: 184, set the buffer length as 15m
In TN, Too small: 185, set the buffer length as 15m
In TN, Too small: 189, set the buffer length as 15m
In TN, Too small: 193, set the buffer length as 15m
In TN, Too small: 196, set the buffer length as 15m
In TN, Too small: 200, set the buffer length as 15m
In TN, Too small: 201, set the buffer length as 15m
In TN, Too small: 202, set the buffer length as 15m
In TN, Too small: 204, set the buffer length as 15m
In TN, Too small: 206, set the buffer length as 15m
In TN, Too small: 207, set the buffer length as 15m
In TN, Too small: 208, set the buffer length as 15m
In TN, Too small: 211, set the buffer length as 15m
In TN, Too small: 212, set the buffer length as 15m
In TN, Too small: 214, set the buffer length as 15m
In TN, Too small: 216, set the buffer length as 15m
In TN, Too small: 218, set the buffer length as 15m
In TN, Too small: 221, set the buffer length as 15m
In TN, Too small: 222, set the buffer length as 15m
In TN, Too small: 223, set the buffer length as 15m
In TN, Too small: 229, set the buffer length as 15m
In TN, Too small: 230, set the buffer length as 15m
In TN, Too small: 231, set the buffer length as 15m
In TN, Too small: 232, set the buffer length as 15m
In TN, Too small: 234, set the buffer length as 15m
In TN, Too small: 236, set the buffer length as 15m
In TN, Too small: 237, set the buffer length as 15m
In TN, Too small: 238, set the buffer length as 15m
In TN, Too small: 240, set the buffer length as 15m
In TN, Too small: 241, set the buffer length as 15m
In TN, Too small: 242, set the buffer length as 15m
In TN, Too small: 243, set the buffer length as 15m
In TN, Too small: 244, set the buffer length as 15m
In TN, Too small: 246, set the buffer length as 15m
In TN, Too small: 247, set the buffer length as 15m
In TN, Too small: 248, set the buffer length as 15m
In TN, Too small: 249, set the buffer length as 15m
In TN, Too small: 251, set the buffer length as 15m
In TN, Too small: 252, set the buffer length as 15m
In TN, Too small: 253, set the buffer length as 15m
In TN, Too small: 255, set the buffer length as 15m
In TN, Too small: 261, set the buffer length as 15m
In TN, Too small: 262, set the buffer length as 15m
In TN, Too small: 263, set the buffer length as 15m
In TN, Too small: 264, set the buffer length as 15m
In TN, Too small: 267, set the buffer length as 15m
In TN, Too small: 269, set the buffer length as 15m
In TN, Too small: 271, set the buffer length as 15m
In TN, Too small: 272, set the buffer length as 15m
In TN, Too small: 273, set the buffer length as 15m
In TN, Too small: 275, set the buffer length as 15m
In TN, Too small: 277, set the buffer length as 15m
In TN, Too small: 278, set the buffer length as 15m
In TN, Too small: 281, set the buffer length as 15m
In TN, Too small: 282, set the buffer length as 15m
In TN, Too small: 284, set the buffer length as 15m
In TN, Too small: 285, set the buffer length as 15m
In TN, Too small: 287, set the buffer length as 15m
In TN, Too small: 290, set the buffer length as 15m
In TN, Too small: 292, set the buffer length as 15m
In TN, Too small: 293, set the buffer length as 15m
In TN, Too small: 294, set the buffer length as 15m
In TN, Too small: 296, set the buffer length as 15m
In TN, Too small: 298, set the buffer length as 15m
In TN, Too small: 300, set the buffer length as 15m
In TN, Too small: 301, set the buffer length as 15m
In TN, Too small: 303, set the buffer length as 15m
In TN, Too small: 304, set the buffer length as 15m
In TN, Too small: 307, set the buffer length as 15m
In TN, Too small: 309, set the buffer length as 15m
In TN, Too small: 312, set the buffer length as 15m
In TN, Too small: 313, set the buffer length as 15m
In TN, Too small: 316, set the buffer length as 15m
In TN, Too small: 320, set the buffer length as 15m
In TN, Too small: 322, set the buffer length as 15m
In TN, Too small: 324, set the buffer length as 15m
In TN, Too small: 327, set the buffer length as 15m
In TN, Too small: 329, set the buffer length as 15m
In TN, Too small: 330, set the buffer length as 15m
In TN, Too small: 332, set the buffer length as 15m
In TN, Too small: 333, set the buffer length as 15m
In TN, Too small: 336, set the buffer length as 15m
In TN, Too small: 339, set the buffer length as 15m
In TN, Too small: 341, set the buffer length as 15m
In TN, Too small: 343, set the buffer length as 15m
In TN, Too small: 344, set the buffer length as 15m
In TN, Too small: 347, set the buffer length as 15m
In TN, Too small: 348, set the buffer length as 15m
In TN, Too small: 350, set the buffer length as 15m
In TN, Too small: 351, set the buffer length as 15m
In TN, Too small: 352, set the buffer length as 15m
In TN, Too small: 353, set the buffer length as 15m
In TN, Too small: 354, set the buffer length as 15m
In TN, Too small: 357, set the buffer length as 15m
In TN, Too small: 358, set the buffer length as 15m
In TN, Too small: 361, set the buffer length as 15m
In TN, Too small: 362, set the buffer length as 15m
In TN, Too small: 364, set the buffer length as 15m
In TN, Too small: 366, set the buffer length as 15m
In TN, Too small: 369, set the buffer length as 15m
In TN, Too small: 370, set the buffer length as 15m
In TN, Too small: 371, set the buffer length as 15m
In TN, Too small: 373, set the buffer length as 15m
In TN, Too small: 374, set the buffer length as 15m
In TN, Too small: 375, set the buffer length as 15m
In TN, Too small: 377, set the buffer length as 15m
In TN, Too small: 378, set the buffer length as 15m
In TN, Too small: 383, set the buffer length as 15m
In TN, Too small: 385, set the buffer length as 15m
In TN, Too small: 387, set the buffer length as 15m
In TN, Too small: 388, set the buffer length as 15m
In TN, Too small: 389, set the buffer length as 15m
In TN, Too small: 392, set the buffer length as 15m
In TN, Too small: 396, set the buffer length as 15m
In TN, Too small: 397, set the buffer length as 15m
In TN, Too small: 398, set the buffer length as 15m
In TN, Too small: 402, set the buffer length as 15m
In TN, Too small: 403, set the buffer length as 15m
In TN, Too small: 407, set the buffer length as 15m
In TN, Too small: 409, set the buffer length as 15m
In TN, Too small: 411, set the buffer length as 15m
In TN, Too small: 414, set the buffer length as 15m
In TN, Too small: 416, set the buffer length as 15m
In TN, Too small: 421, set the buffer length as 15m
In TN, Too small: 422, set the buffer length as 15m
In TN, Too small: 426, set the buffer length as 15m
In TN, Too small: 427, set the buffer length as 15m
In TN, Too small: 428, set the buffer length as 15m
In TN, Too small: 431, set the buffer length as 15m
In TN, Too small: 432, set the buffer length as 15m
In TN, Too small: 433, set the buffer length as 15m
In TN, Too small: 434, set the buffer length as 15m
In TN, Too small: 436, set the buffer length as 15m
In TN, Too small: 437, set the buffer length as 15m
In TN, Too small: 439, set the buffer length as 15m
In TN, Too small: 443, set the buffer length as 15m
In TN, Too small: 445, set the buffer length as 15m
In TN, Too small: 446, set the buffer length as 15m
In TN, Too small: 447, set the buffer length as 15m
In TN, Too small: 452, set the buffer length as 15m
In TN, Too small: 453, set the buffer length as 15m
In TN, Too small: 457, set the buffer length as 15m
In TN, Too small: 464, set the buffer length as 15m
In TN, Too small: 465, set the buffer length as 15m
In TN, Too small: 474, set the buffer length as 15m
In TN, Too small: 475, set the buffer length as 15m
In TN, Too small: 477, set the buffer length as 15m
In TN, Too small: 485, set the buffer length as 15m
In TN, Too small: 491, set the buffer length as 15m
In TN, Too small: 493, set the buffer length as 15m
In TN, Too small: 519, set the buffer length as 15m
In TN, Too small: 520, set the buffer length as 15m
In TN, Too small: 521, set the buffer length as 15m
In TN, Too small: 522, set the buffer length as 15m
In TN, Too small: 523, set the buffer length as 15m
In TN, Too small: 524, set the buffer length as 15m
In TN, Too small: 526, set the buffer length as 15m
In TN, Too small: 527, set the buffer length as 15m
In TN, Too small: 529, set the buffer length as 15m
In TN, Too small: 531, set the buffer length as 15m
In TN, Too small: 534, set the buffer length as 15m
In TN, Too small: 536, set the buffer length as 15m
In TN, Too small: 540, set the buffer length as 15m
In TN, Too small: 543, set the buffer length as 15m
In TN, Too small: 544, set the buffer length as 15m
In TN, Too small: 547, set the buffer length as 15m
In TN, Too small: 551, set the buffer length as 15m
In TN, Too small: 555, set the buffer length as 15m
In TN, Too small: 559, set the buffer length as 15m
In TN, Too small: 561, set the buffer length as 15m
In TN, Too small: 564, set the buffer length as 15m
In TN, Too small: 566, set the buffer length as 15m
In TN, Too small: 569, set the buffer length as 15m
In TN, Too small: 571, set the buffer length as 15m
In TN, Too small: 572, set the buffer length as 15m
In TN, Too small: 575, set the buffer length as 15m
In TN, Too small: 576, set the buffer length as 15m
In TN, Too small: 577, set the buffer length as 15m
In TN, Too small: 578, set the buffer length as 15m
In TN, Too small: 579, set the buffer length as 15m
In TN, Too small: 580, set the buffer length as 15m
In TN, Too small: 581, set the buffer length as 15m
In TN, Too small: 582, set the buffer length as 15m
In TN, Too small: 583, set the buffer length as 15m
In TN, Too small: 584, set the buffer length as 15m
In TN, Too small: 585, set the buffer length as 15m
In TN, Too small: 586, set the buffer length as 15m
In TN, Too small: 587, set the buffer length as 15m
In TN, Too small: 588, set the buffer length as 15m
In TN, Too small: 589, set the buffer length as 15m
In TN, Too small: 590, set the buffer length as 15m
In TN, Too small: 591, set the buffer length as 15m
In TN, Too small: 592, set the buffer length as 15m
In TN, Too small: 593, set the buffer length as 15m
In TN, Too small: 594, set the buffer length as 15m
In TN, Too small: 595, set the buffer length as 15m
In TN, Too small: 597, set the buffer length as 15m
In TN, Too small: 598, set the buffer length as 15m
In TN, Too small: 599, set the buffer length as 15m
In TN, Too small: 600, set the buffer length as 15m
In TN, Too small: 603, set the buffer length as 15m
In TN, Too small: 606, set the buffer length as 15m
In TN, Too small: 607, set the buffer length as 15m
In TN, Too small: 608, set the buffer length as 15m
In TN, Too small: 609, set the buffer length as 15m
In TN, Too small: 610, set the buffer length as 15m
In TN, Too small: 618, set the buffer length as 15m
In TN, Too small: 625, set the buffer length as 15m
In TN, Too small: 629, set the buffer length as 15m
In TN, Too small: 631, set the buffer length as 15m
In TN, Too small: 632, set the buffer length as 15m
In TN, Too small: 633, set the buffer length as 15m
In TN, Too small: 639, set the buffer length as 15m
In TN, Too small: 640, set the buffer length as 15m
In TN, Too small: 642, set the buffer length as 15m
In TN, Too small: 645, set the buffer length as 15m
In TN, Too small: 646, set the buffer length as 15m
In TN, Too small: 647, set the buffer length as 15m
In TN, Too small: 649, set the buffer length as 15m
In TN, Too small: 650, set the buffer length as 15m
In TN, Too small: 653, set the buffer length as 15m
In TN, Too small: 655, set the buffer length as 15m
In TN, Too small: 664, set the buffer length as 15m
In TN, Too small: 669, set the buffer length as 15m
In TN, Too small: 670, set the buffer length as 15m
In TN, Too small: 671, set the buffer length as 15m
In TN, Too small: 672, set the buffer length as 15m
In TN, Too small: 673, set the buffer length as 15m
In TN, Too small: 677, set the buffer length as 15m
In TN, Too small: 680, set the buffer length as 15m
In TN, Too small: 681, set the buffer length as 15m
In TN, Too small: 682, set the buffer length as 15m
In TN, Too small: 684, set the buffer length as 15m
In TN, Too small: 685, set the buffer length as 15m
In TN, Too small: 686, set the buffer length as 15m
In TN, Too small: 687, set the buffer length as 15m
In TN, Too small: 690, set the buffer length as 15m
In TN, Too small: 692, set the buffer length as 15m
In TN, Too small: 694, set the buffer length as 15m
In TN, Too small: 697, set the buffer length as 15m
In TN, Too small: 701, set the buffer length as 15m
In TN, Too small: 703, set the buffer length as 15m
In TN, Too small: 704, set the buffer length as 15m
In TN, Too small: 705, set the buffer length as 15m
In TN, Too small: 707, set the buffer length as 15m
In TN, Too small: 708, set the buffer length as 15m
In TN, Too small: 709, set the buffer length as 15m
In TN, Too small: 710, set the buffer length as 15m
In TN, Too small: 713, set the buffer length as 15m
In TN, Too small: 718, set the buffer length as 15m
In TN, Too small: 720, set the buffer length as 15m
In TN, Too small: 721, set the buffer length as 15m
In TN, Too small: 724, set the buffer length as 15m
In TN, Too small: 727, set the buffer length as 15m
In TN, Too small: 729, set the buffer length as 15m
In TN, Too small: 734, set the buffer length as 15m
In TN, Too small: 738, set the buffer length as 15m
In TN, Too small: 740, set the buffer length as 15m
In TN, Too small: 741, set the buffer length as 15m
In TN, Too small: 742, set the buffer length as 15m
In TN, Too small: 745, set the buffer length as 15m
In TN, Too small: 748, set the buffer length as 15m
In TN, Too small: 749, set the buffer length as 15m
In TN, Too small: 752, set the buffer length as 15m
In TN, Too small: 754, set the buffer length as 15m
In TN, Too small: 755, set the buffer length as 15m
In TN, Too small: 757, set the buffer length as 15m
In TN, Too small: 760, set the buffer length as 15m
In TN, Too small: 762, set the buffer length as 15m
In TN, Too small: 763, set the buffer length as 15m
In TN, Too small: 765, set the buffer length as 15m
In TN, Too small: 766, set the buffer length as 15m
In TN, Too small: 769, set the buffer length as 15m
In TN, Too small: 772, set the buffer length as 15m
In TN, Too small: 773, set the buffer length as 15m
In TN, Too small: 776, set the buffer length as 15m
In TN, Too small: 778, set the buffer length as 15m
In TN, Too small: 779, set the buffer length as 15m
In TN, Too small: 781, set the buffer length as 15m
In TN, Too small: 782, set the buffer length as 15m
In TN, Too small: 783, set the buffer length as 15m
In TN, Too small: 791, set the buffer length as 15m
In TN, Too small: 794, set the buffer length as 15m
In TN, Too small: 796, set the buffer length as 15m
In TN, Too small: 798, set the buffer length as 15m
In TN, Too small: 799, set the buffer length as 15m
In TN, Too small: 801, set the buffer length as 15m
In TN, Too small: 805, set the buffer length as 15m
In TN, Too small: 806, set the buffer length as 15m
In TN, Too small: 807, set the buffer length as 15m
In TN, Too small: 808, set the buffer length as 15m
In TN, Too small: 812, set the buffer length as 15m
In TN, Too small: 813, set the buffer length as 15m
In TN, Too small: 814, set the buffer length as 15m
In TN, Too small: 815, set the buffer length as 15m
In TN, Too small: 826, set the buffer length as 15m
In TN, Too small: 830, set the buffer length as 15m
In TN, Too small: 831, set the buffer length as 15m
In TN, Too small: 835, set the buffer length as 15m
In TN, Too small: 836, set the buffer length as 15m
In TN, Too small: 838, set the buffer length as 15m
In TN, Too small: 847, set the buffer length as 15m
In TN, Too small: 850, set the buffer length as 15m
In TN, Too small: 852, set the buffer length as 15m
In TN, Too small: 853, set the buffer length as 15m
In TN, Too small: 854, set the buffer length as 15m
In TN, Too small: 866, set the buffer length as 15m
In TN, Too small: 869, set the buffer length as 15m
In TN, Too small: 873, set the buffer length as 15m
In TN, Too small: 879, set the buffer length as 15m
In TN, Too small: 881, set the buffer length as 15m
In TN, Too small: 882, set the buffer length as 15m
In TN, Too small: 887, set the buffer length as 15m
In TN, Too small: 888, set the buffer length as 15m
In TN, Too small: 889, set the buffer length as 15m
In TN, Too small: 890, set the buffer length as 15m
In TN, Too small: 891, set the buffer length as 15m
In TN, Too small: 893, set the buffer length as 15m
In TN, Too small: 895, set the buffer length as 15m
In TN, Too small: 898, set the buffer length as 15m
In TN, Too small: 901, set the buffer length as 15m
In TN, Too small: 903, set the buffer length as 15m
In TN, Too small: 904, set the buffer length as 15m
In TN, Too small: 905, set the buffer length as 15m
In TN, Too small: 908, set the buffer length as 15m
In TN, Too small: 909, set the buffer length as 15m
In TN, Too small: 912, set the buffer length as 15m
In TN, Too small: 915, set the buffer length as 15m
In TN, Too small: 916, set the buffer length as 15m
In TN, Too small: 919, set the buffer length as 15m
In TN, Too small: 923, set the buffer length as 15m
In TN, Too small: 926, set the buffer length as 15m
In TN, Too small: 927, set the buffer length as 15m
In TN, Too small: 928, set the buffer length as 15m
In TN, Too small: 929, set the buffer length as 15m
In TN, Too small: 931, set the buffer length as 15m
In TN, Too small: 932, set the buffer length as 15m
In TN, Too small: 934, set the buffer length as 15m
In TN, Too small: 939, set the buffer length as 15m
In TN, Too small: 946, set the buffer length as 15m
In TN, Too small: 948, set the buffer length as 15m
In TN, Too small: 950, set the buffer length as 15m
In TN, Too small: 951, set the buffer length as 15m
In TN, Too small: 953, set the buffer length as 15m
In TN, Too small: 954, set the buffer length as 15m
In TN, Too small: 955, set the buffer length as 15m
In TN, Too small: 959, set the buffer length as 15m
In TN, Too small: 962, set the buffer length as 15m
In TN, Too small: 966, set the buffer length as 15m
In TN, Too small: 967, set the buffer length as 15m
In TN, Too small: 968, set the buffer length as 15m
In TN, Too small: 971, set the buffer length as 15m
In TN, Too small: 978, set the buffer length as 15m
In TN, Too small: 982, set the buffer length as 15m
In TN, Too small: 983, set the buffer length as 15m
In TN, Too small: 987, set the buffer length as 15m
In TN, Too small: 989, set the buffer length as 15m
In TN, Too small: 990, set the buffer length as 15m
In TN, Too small: 991, set the buffer length as 15m
In TN, Too small: 993, set the buffer length as 15m
In TN, Too small: 1001, set the buffer length as 15m
In TN, Too small: 1002, set the buffer length as 15m
In TN, Too small: 1003, set the buffer length as 15m
In TN, Too small: 1005, set the buffer length as 15m
In TN, Too small: 1008, set the buffer length as 15m
In TN, Too small: 1011, set the buffer length as 15m
In TN, Too small: 1013, set the buffer length as 15m
In TN, Too small: 1014, set the buffer length as 15m
In TN, Too small: 1016, set the buffer length as 15m
In TN, Too small: 1019, set the buffer length as 15m
In TN, Too small: 1021, set the buffer length as 15m
In TN, Too small: 1024, set the buffer length as 15m
In TN, Too small: 1026, set the buffer length as 15m
In TN, Too small: 1027, set the buffer length as 15m
In TN, Too small: 1031, set the buffer length as 15m
In TN, Too small: 1032, set the buffer length as 15m
In TN, Too small: 1035, set the buffer length as 15m
In TN, Too small: 1037, set the buffer length as 15m
In TN, Too small: 1040, set the buffer length as 15m
In TN, Too small: 1042, set the buffer length as 15m
In TN, Too small: 1048, set the buffer length as 15m
In TN, Too small: 1051, set the buffer length as 15m
In TN, Too small: 1054, set the buffer length as 15m
In TN, Too small: 1060, set the buffer length as 15m
In TN, Too small: 1062, set the buffer length as 15m
In TN, Too small: 1064, set the buffer length as 15m
In TN, Too small: 1065, set the buffer length as 15m
In TN, Too small: 1067, set the buffer length as 15m
In TN, Too small: 1068, set the buffer length as 15m
In TN, Too small: 1069, set the buffer length as 15m
In TN, Too small: 1071, set the buffer length as 15m
In TN, Too small: 1072, set the buffer length as 15m
In TN, Too small: 1075, set the buffer length as 15m
In TN, Too small: 1079, set the buffer length as 15m
In TN, Too small: 1081, set the buffer length as 15m
In TN, Too small: 1083, set the buffer length as 15m
In TN, Too small: 1093, set the buffer length as 15m
In TN, Too small: 1095, set the buffer length as 15m
In TN, Too small: 1102, set the buffer length as 15m
In TN, Too small: 1103, set the buffer length as 15m
In TN, Too small: 1112, set the buffer length as 15m
In TN, Too small: 1113, set the buffer length as 15m
In TN, Too small: 1116, set the buffer length as 15m
In TN, Too small: 1121, set the buffer length as 15m
In TN, Too small: 1123, set the buffer length as 15m
In TN, Too small: 1127, set the buffer length as 15m
In TN, Too small: 1130, set the buffer length as 15m
In TN, Too small: 1135, set the buffer length as 15m
In TN, Too small: 1136, set the buffer length as 15m
In TN, Too small: 1137, set the buffer length as 15m
In TN, Too small: 1143, set the buffer length as 15m
In TN, Too small: 1145, set the buffer length as 15m
In TN, Too small: 1146, set the buffer length as 15m
In TN, Too small: 1147, set the buffer length as 15m
In TN, Too small: 1152, set the buffer length as 15m
In TN, Too small: 1156, set the buffer length as 15m
In TN, Too small: 1157, set the buffer length as 15m
In TN, Too small: 1160, set the buffer length as 15m
In TN, Too small: 1164, set the buffer length as 15m
In TN, Too small: 1166, set the buffer length as 15m
In TN, Too small: 1169, set the buffer length as 15m
In TN, Too small: 1170, set the buffer length as 15m
In TN, Too small: 1173, set the buffer length as 15m
In TN, Too small: 1174, set the buffer length as 15m
In TN, Too small: 1175, set the buffer length as 15m
In TN, Too small: 1177, set the buffer length as 15m
In TN, Too small: 1178, set the buffer length as 15m
In TN, Too small: 1180, set the buffer length as 15m
In TN, Too small: 1185, set the buffer length as 15m
In TN, Too small: 1186, set the buffer length as 15m
In TN, Too small: 1189, set the buffer length as 15m
In TN, Too small: 1192, set the buffer length as 15m
In TN, Too small: 1196, set the buffer length as 15m
In TN, Too small: 1197, set the buffer length as 15m
In TN, Too small: 1198, set the buffer length as 15m
In TN, Too small: 1200, set the buffer length as 15m
In TN, Too small: 1201, set the buffer length as 15m
In TN, Too small: 1204, set the buffer length as 15m
In TN, Too small: 1206, set the buffer length as 15m
In TN, Too small: 1208, set the buffer length as 15m
In TN, Too small: 1213, set the buffer length as 15m
In TN, Too small: 1215, set the buffer length as 15m
In TN, Too small: 1216, set the buffer length as 15m
In TN, Too small: 1218, set the buffer length as 15m
In TN, Too small: 1219, set the buffer length as 15m
In TN, Too small: 1220, set the buffer length as 15m
In TN, Too small: 1222, set the buffer length as 15m
In TN, Too small: 1223, set the buffer length as 15m
In TN, Too small: 1227, set the buffer length as 15m
In TN, Too small: 1228, set the buffer length as 15m
In TN, Too small: 1229, set the buffer length as 15m
In TN, Too small: 1235, set the buffer length as 15m
In TN, Too small: 1236, set the buffer length as 15m
In TN, Too small: 1239, set the buffer length as 15m
In TN, Too small: 1240, set the buffer length as 15m
In TN, Too small: 1241, set the buffer length as 15m
In TN, Too small: 1242, set the buffer length as 15m
In TN, Too small: 1245, set the buffer length as 15m
In TN, Too small: 1246, set the buffer length as 15m
In TN, Too small: 1247, set the buffer length as 15m
In TN, Too small: 1248, set the buffer length as 15m
In TN, Too small: 1249, set the buffer length as 15m
In TN, Too small: 1250, set the buffer length as 15m
In TN, Too small: 1251, set the buffer length as 15m
In TN, Too small: 1253, set the buffer length as 15m
In TN, Too small: 1255, set the buffer length as 15m
In TN, Too small: 1256, set the buffer length as 15m
In TN, Too small: 1258, set the buffer length as 15m
In TN, Too small: 1261, set the buffer length as 15m
In TN, Too small: 1263, set the buffer length as 15m
In TN, Too small: 1264, set the buffer length as 15m
In TN, Too small: 1265, set the buffer length as 15m
In TN, Too small: 1266, set the buffer length as 15m
In TN, Too small: 1272, set the buffer length as 15m
In TN, Too small: 1276, set the buffer length as 15m
In TN, Too small: 1277, set the buffer length as 15m
In TN, Too small: 1278, set the buffer length as 15m
In TN, Too small: 1279, set the buffer length as 15m
In TN, Too small: 1281, set the buffer length as 15m
In TN, Too small: 1283, set the buffer length as 15m
In TN, Too small: 1286, set the buffer length as 15m
In TN, Too small: 1288, set the buffer length as 15m
In TN, Too small: 1292, set the buffer length as 15m
In TN, Too small: 1293, set the buffer length as 15m
In TN, Too small: 1294, set the buffer length as 15m
In TN, Too small: 1295, set the buffer length as 15m
In TN, Too small: 1296, set the buffer length as 15m
In TN, Too small: 1299, set the buffer length as 15m
In TN, Too small: 1302, set the buffer length as 15m
In TN, Too small: 1313, set the buffer length as 15m
In TN, Too small: 1317, set the buffer length as 15m
In TN, Too small: 1318, set the buffer length as 15m
In TN, Too small: 1319, set the buffer length as 15m
In TN, Too small: 1322, set the buffer length as 15m
In TN, Too small: 1329, set the buffer length as 15m
In TN, Too small: 1332, set the buffer length as 15m
In TN, Too small: 1335, set the buffer length as 15m
In TN, Too small: 1336, set the buffer length as 15m
In TN, Too small: 1338, set the buffer length as 15m
In TN, Too small: 1340, set the buffer length as 15m
In TN, Too small: 1341, set the buffer length as 15m
In TN, Too small: 1342, set the buffer length as 15m
In TN, Too small: 1344, set the buffer length as 15m
In TN, Too small: 1345, set the buffer length as 15m
In TN, Too small: 1346, set the buffer length as 15m
In TN, Too small: 1347, set the buffer length as 15m
In TN, Too small: 1351, set the buffer length as 15m
In TN, Too small: 1353, set the buffer length as 15m
In TN, Too small: 1354, set the buffer length as 15m
In TN, Too small: 1355, set the buffer length as 15m
In TN, Too small: 1356, set the buffer length as 15m
In TN, Too small: 1360, set the buffer length as 15m
In TN, Too small: 1361, set the buffer length as 15m
In TN, Too small: 1363, set the buffer length as 15m
In TN, Too small: 1365, set the buffer length as 15m
In TN, Too small: 1367, set the buffer length as 15m
In TN, Too small: 1369, set the buffer length as 15m
In TN, Too small: 1376, set the buffer length as 15m
In TN, Too small: 1377, set the buffer length as 15m
In TN, Too small: 1379, set the buffer length as 15m
In TN, Too small: 1388, set the buffer length as 15m
In TN, Too small: 1397, set the buffer length as 15m
In TN, Too small: 1399, set the buffer length as 15m
In TN, Too small: 1410, set the buffer length as 15m
In TN, Too small: 1416, set the buffer length as 15m
In TN, Too small: 1420, set the buffer length as 15m
In TN, Too small: 1421, set the buffer length as 15m
In TN, Too small: 1423, set the buffer length as 15m
In TN, Too small: 1424, set the buffer length as 15m
In TN, Too small: 1425, set the buffer length as 15m
In TN, Too small: 1426, set the buffer length as 15m
In TN, Too small: 1427, set the buffer length as 15m
In TN, Too small: 1428, set the buffer length as 15m
In TN, Too small: 1429, set the buffer length as 15m
In TN, Too small: 1431, set the buffer length as 15m
In TN, Too small: 1432, set the buffer length as 15m
In TN, Too small: 1434, set the buffer length as 15m
In TN, Too small: 1435, set the buffer length as 15m
In TN, Too small: 1436, set the buffer length as 15m
In TN, Too small: 1437, set the buffer length as 15m
In TN, Too small: 1438, set the buffer length as 15m
In TN, Too small: 1439, set the buffer length as 15m
In TN, Too small: 1440, set the buffer length as 15m
In TN, Too small: 1444, set the buffer length as 15m
In TN, Too small: 1445, set the buffer length as 15m
In TN, Too small: 1446, set the buffer length as 15m
In TN, Too small: 1447, set the buffer length as 15m
In TN, Too small: 1448, set the buffer length as 15m
In TN, Too small: 1452, set the buffer length as 15m
In TN, Too small: 1454, set the buffer length as 15m
In TN, Too small: 1455, set the buffer length as 15m
In TN, Too small: 1456, set the buffer length as 15m
In TN, Too small: 1457, set the buffer length as 15m
In TN, Too small: 1458, set the buffer length as 15m
In TN, Too small: 1459, set the buffer length as 15m
In TN, Too small: 1460, set the buffer length as 15m
In TN, Too small: 1461, set the buffer length as 15m
In TN, Too small: 1463, set the buffer length as 15m
In TN, Too small: 1464, set the buffer length as 15m
In TN, Too small: 1465, set the buffer length as 15m
In TN, Too small: 1466, set the buffer length as 15m
In TN, Too small: 1467, set the buffer length as 15m
In TN, Too small: 1471, set the buffer length as 15m
In TN, Too small: 1472, set the buffer length as 15m
In TN, Too small: 1474, set the buffer length as 15m
In TN, Too small: 1475, set the buffer length as 15m
In TN, Too small: 1477, set the buffer length as 15m
In TN, Too small: 1478, set the buffer length as 15m
In TN, Too small: 1479, set the buffer length as 15m
In TN, Too small: 1480, set the buffer length as 15m
In TN, Too small: 1483, set the buffer length as 15m
In TN, Too small: 1484, set the buffer length as 15m
In TN, Too small: 1486, set the buffer length as 15m
In TN, Too small: 1487, set the buffer length as 15m
In TN, Too small: 1488, set the buffer length as 15m
In TN, Too small: 1490, set the buffer length as 15m
In TN, Too small: 1491, set the buffer length as 15m
In TN, Too small: 1492, set the buffer length as 15m
In TN, Too small: 1494, set the buffer length as 15m
In TN, Too small: 1495, set the buffer length as 15m
In TN, Too small: 1496, set the buffer length as 15m
In TN, Too small: 1498, set the buffer length as 15m
In TN, Too small: 1500, set the buffer length as 15m
In TN, Too small: 1501, set the buffer length as 15m
In TN, Too small: 1502, set the buffer length as 15m
In TN, Too small: 1504, set the buffer length as 15m
In TN, Too small: 1508, set the buffer length as 15m
In TN, Too small: 1509, set the buffer length as 15m
In TN, Too small: 1513, set the buffer length as 15m
In TN, Too small: 1514, set the buffer length as 15m
In TN, Too small: 1515, set the buffer length as 15m
In TN, Too small: 1517, set the buffer length as 15m
In TN, Too small: 1521, set the buffer length as 15m
In TN, Too small: 1522, set the buffer length as 15m
In TN, Too small: 1524, set the buffer length as 15m
In TN, Too small: 1526, set the buffer length as 15m
In TN, Too small: 1527, set the buffer length as 15m
In TN, Too small: 1529, set the buffer length as 15m
In TN, Too small: 1532, set the buffer length as 15m
In TN, Too small: 1534, set the buffer length as 15m
In TN, Too small: 1537, set the buffer length as 15m
In TN, Too small: 1538, set the buffer length as 15m
In TN, Too small: 1539, set the buffer length as 15m
In TN, Too small: 1540, set the buffer length as 15m
In TN, Too small: 1541, set the buffer length as 15m
In TN, Too small: 1544, set the buffer length as 15m
In TN, Too small: 1545, set the buffer length as 15m
In TN, Too small: 1546, set the buffer length as 15m
In TN, Too small: 1547, set the buffer length as 15m
In TN, Too small: 1549, set the buffer length as 15m
In TN, Too small: 1551, set the buffer length as 15m
In TN, Too small: 1552, set the buffer length as 15m
In TN, Too small: 1558, set the buffer length as 15m
In TN, Too small: 1559, set the buffer length as 15m
In TN, Too small: 1560, set the buffer length as 15m
In TN, Too small: 1561, set the buffer length as 15m
In TN, Too small: 1565, set the buffer length as 15m
In TN, Too small: 1566, set the buffer length as 15m
In TN, Too small: 1568, set the buffer length as 15m
In TN, Too small: 1569, set the buffer length as 15m
In TN, Too small: 1570, set the buffer length as 15m
In TN, Too small: 1572, set the buffer length as 15m
In TN, Too small: 1575, set the buffer length as 15m
In TN, Too small: 1577, set the buffer length as 15m
In TN, Too small: 1580, set the buffer length as 15m
In TN, Too small: 1581, set the buffer length as 15m
In TN, Too small: 1583, set the buffer length as 15m
In TN, Too small: 1585, set the buffer length as 15m
In TN, Too small: 1586, set the buffer length as 15m
In TN, Too small: 1587, set the buffer length as 15m
In TN, Too small: 1589, set the buffer length as 15m
In TN, Too small: 1590, set the buffer length as 15m
In TN, Too small: 1592, set the buffer length as 15m
In TN, Too small: 1593, set the buffer length as 15m
In TN, Too small: 1596, set the buffer length as 15m
In TN, Too small: 1597, set the buffer length as 15m
In TN, Too small: 1598, set the buffer length as 15m
In TN, Too small: 1599, set the buffer length as 15m
In TN, Too small: 1600, set the buffer length as 15m
In TN, Too small: 1601, set the buffer length as 15m
In TN, Too small: 1603, set the buffer length as 15m
In TN, Too small: 1605, set the buffer length as 15m
In TN, Too small: 1607, set the buffer length as 15m
In TN, Too small: 1608, set the buffer length as 15m
In TN, Too small: 1609, set the buffer length as 15m
In TN, Too small: 1611, set the buffer length as 15m
In TN, Too small: 1613, set the buffer length as 15m
In TN, Too small: 1614, set the buffer length as 15m
In TN, Too small: 1616, set the buffer length as 15m
In TN, Too small: 1617, set the buffer length as 15m
In TN, Too small: 1618, set the buffer length as 15m
In TN, Too small: 1619, set the buffer length as 15m
In TN, Too small: 1620, set the buffer length as 15m
In TN, Too small: 1622, set the buffer length as 15m
In TN, Too small: 1623, set the buffer length as 15m
In TN, Too small: 1629, set the buffer length as 15m
In TN, Too small: 1631, set the buffer length as 15m
In TN, Too small: 1634, set the buffer length as 15m
In TN, Too small: 1635, set the buffer length as 15m
In TN, Too small: 1636, set the buffer length as 15m
In TN, Too small: 1639, set the buffer length as 15m
In TN, Too small: 1641, set the buffer length as 15m
In TN, Too small: 1642, set the buffer length as 15m
In TN, Too small: 1647, set the buffer length as 15m
In TN, Too small: 1650, set the buffer length as 15m
In TN, Too small: 1657, set the buffer length as 15m
In TN, Too small: 1660, set the buffer length as 15m
In TN, Too small: 1661, set the buffer length as 15m
In TN, Too small: 1663, set the buffer length as 15m
In TN, Too small: 1664, set the buffer length as 15m
In TN, Too small: 1665, set the buffer length as 15m
In TN, Too small: 1666, set the buffer length as 15m
In TN, Too small: 1667, set the buffer length as 15m
In TN, Too small: 1668, set the buffer length as 15m
In TN, Too small: 1670, set the buffer length as 15m
In TN, Too small: 1672, set the buffer length as 15m
In TN, Too small: 1673, set the buffer length as 15m
In TN, Too small: 1674, set the buffer length as 15m
In TN, Too small: 1675, set the buffer length as 15m
In TN, Too small: 1676, set the buffer length as 15m
In TN, Too small: 1677, set the buffer length as 15m
In TN, Too small: 1678, set the buffer length as 15m
In TN, Too small: 1679, set the buffer length as 15m
In TN, Too small: 1680, set the buffer length as 15m
In TN, Too small: 1681, set the buffer length as 15m
In TN, Too small: 1684, set the buffer length as 15m
In TN, Too small: 1685, set the buffer length as 15m
In TN, Too small: 1686, set the buffer length as 15m
In TN, Too small: 1687, set the buffer length as 15m
In TN, Too small: 1689, set the buffer length as 15m
In TN, Too small: 1691, set the buffer length as 15m
In TN, Too small: 1692, set the buffer length as 15m
In TN, Too small: 1695, set the buffer length as 15m
In TN, Too small: 1696, set the buffer length as 15m
In TN, Too small: 1697, set the buffer length as 15m
In TN, Too small: 1699, set the buffer length as 15m
In TN, Too small: 1700, set the buffer length as 15m
In TN, Too small: 1701, set the buffer length as 15m
In TN, Too small: 1702, set the buffer length as 15m
In TN, Too small: 1703, set the buffer length as 15m
In TN, Too small: 1707, set the buffer length as 15m
In TN, Too small: 1708, set the buffer length as 15m
In TN, Too small: 1709, set the buffer length as 15m
In TN, Too small: 1710, set the buffer length as 15m
In TN, Too small: 1712, set the buffer length as 15m
In TN, Too small: 1714, set the buffer length as 15m
In TN, Too small: 1715, set the buffer length as 15m
In TN, Too small: 1716, set the buffer length as 15m
In TN, Too small: 1717, set the buffer length as 15m
In TN, Too small: 1718, set the buffer length as 15m
In TN, Too small: 1722, set the buffer length as 15m
In TN, Too small: 1723, set the buffer length as 15m
In TN, Too small: 1727, set the buffer length as 15m
In TN, Too small: 1728, set the buffer length as 15m
In TN, Too small: 1729, set the buffer length as 15m
In TN, Too small: 1730, set the buffer length as 15m
In TN, Too small: 1733, set the buffer length as 15m
In TN, Too small: 1735, set the buffer length as 15m
In TN, Too small: 1740, set the buffer length as 15m
In TN, Too small: 1741, set the buffer length as 15m
In TN, Too small: 1745, set the buffer length as 15m
In TN, Too small: 1746, set the buffer length as 15m
In TN, Too small: 1749, set the buffer length as 15m
In TN, Too small: 1751, set the buffer length as 15m
In TN, Too small: 1752, set the buffer length as 15m
In TN, Too small: 1753, set the buffer length as 15m
In TN, Too small: 1755, set the buffer length as 15m
In TN, Too small: 1756, set the buffer length as 15m
In TN, Too small: 1757, set the buffer length as 15m
In TN, Too small: 1758, set the buffer length as 15m
In TN, Too small: 1760, set the buffer length as 15m
In TN, Too small: 1762, set the buffer length as 15m
In TN, Too small: 1763, set the buffer length as 15m
In TN, Too small: 1764, set the buffer length as 15m
In TN, Too small: 1765, set the buffer length as 15m
In TN, Too small: 1766, set the buffer length as 15m
In TN, Too small: 1767, set the buffer length as 15m
In TN, Too small: 1770, set the buffer length as 15m
In TN, Too small: 1772, set the buffer length as 15m
In TN, Too small: 1773, set the buffer length as 15m
In TN, Too small: 1774, set the buffer length as 15m
In TN, Too small: 1775, set the buffer length as 15m
In TN, Too small: 1776, set the buffer length as 15m
In TN, Too small: 1777, set the buffer length as 15m
In TN, Too small: 1779, set the buffer length as 15m
In TN, Too small: 1780, set the buffer length as 15m
In TN, Too small: 1782, set the buffer length as 15m
In TN, Too small: 1783, set the buffer length as 15m
In TN, Too small: 1784, set the buffer length as 15m
In TN, Too small: 1785, set the buffer length as 15m
In TN, Too small: 1786, set the buffer length as 15m
In TN, Too small: 1787, set the buffer length as 15m
In TN, Too small: 1788, set the buffer length as 15m
In TN, Too small: 1789, set the buffer length as 15m
In TN, Too small: 1790, set the buffer length as 15m
In TN, Too small: 1793, set the buffer length as 15m
In TN, Too small: 1794, set the buffer length as 15m
In TN, Too small: 1796, set the buffer length as 15m
In TN, Too small: 1797, set the buffer length as 15m
In TN, Too small: 1798, set the buffer length as 15m
In TN, Too small: 1799, set the buffer length as 15m
In TN, Too small: 1800, set the buffer length as 15m
In TN, Too small: 1801, set the buffer length as 15m
In TN, Too small: 1803, set the buffer length as 15m
In TN, Too small: 1804, set the buffer length as 15m
In TN, Too small: 1805, set the buffer length as 15m
In TN, Too small: 1806, set the buffer length as 15m
In TN, Too small: 1807, set the buffer length as 15m
In TN, Too small: 1808, set the buffer length as 15m
In TN, Too small: 1809, set the buffer length as 15m
In TN, Too small: 1810, set the buffer length as 15m
In TN, Too small: 1811, set the buffer length as 15m
In TN, Too small: 1813, set the buffer length as 15m
In TN, Too small: 1815, set the buffer length as 15m
In TN, Too small: 1816, set the buffer length as 15m
In TN, Too small: 1817, set the buffer length as 15m
In TN, Too small: 1818, set the buffer length as 15m
In TN, Too small: 1820, set the buffer length as 15m
In TN, Too small: 1821, set the buffer length as 15m
In TN, Too small: 1822, set the buffer length as 15m
In TN, Too small: 1824, set the buffer length as 15m
In TN, Too small: 1825, set the buffer length as 15m
In TN, Too small: 1827, set the buffer length as 15m
In TN, Too small: 1828, set the buffer length as 15m
In TN, Too small: 1830, set the buffer length as 15m
In TN, Too small: 1832, set the buffer length as 15m
In TN, Too small: 1833, set the buffer length as 15m
In TN, Too small: 1834, set the buffer length as 15m
In TN, Too small: 1835, set the buffer length as 15m
In TN, Too small: 1837, set the buffer length as 15m
In TN, Too small: 1839, set the buffer length as 15m
In TN, Too small: 1841, set the buffer length as 15m
In TN, Too small: 1842, set the buffer length as 15m
In TN, Too small: 1843, set the buffer length as 15m
In TN, Too small: 1844, set the buffer length as 15m
In TN, Too small: 1845, set the buffer length as 15m
In TN, Too small: 1847, set the buffer length as 15m
In TN, Too small: 1849, set the buffer length as 15m
In TN, Too small: 1852, set the buffer length as 15m
In TN, Too small: 1853, set the buffer length as 15m
In TN, Too small: 1854, set the buffer length as 15m
In TN, Too small: 1855, set the buffer length as 15m
In TN, Too small: 1856, set the buffer length as 15m
In TN, Too small: 1857, set the buffer length as 15m
In TN, Too small: 1861, set the buffer length as 15m
In TN, Too small: 1862, set the buffer length as 15m
In TN, Too small: 1863, set the buffer length as 15m
In TN, Too small: 1866, set the buffer length as 15m
In TN, Too small: 1867, set the buffer length as 15m
In TN, Too small: 1868, set the buffer length as 15m
In TN, Too small: 1870, set the buffer length as 15m
In TN, Too small: 1872, set the buffer length as 15m
In TN, Too small: 1873, set the buffer length as 15m
In TN, Too small: 1875, set the buffer length as 15m
In TN, Too small: 1878, set the buffer length as 15m
In TN, Too small: 1879, set the buffer length as 15m
In TN, Too small: 1881, set the buffer length as 15m
In TN, Too small: 1882, set the buffer length as 15m
In TN, Too small: 1883, set the buffer length as 15m
In TN, Too small: 1886, set the buffer length as 15m
In TN, Too small: 1888, set the buffer length as 15m
In TN, Too small: 1889, set the buffer length as 15m
In TN, Too small: 1890, set the buffer length as 15m
In TN, Too small: 1891, set the buffer length as 15m
In TN, Too small: 1893, set the buffer length as 15m
In TN, Too small: 1894, set the buffer length as 15m
In TN, Too small: 1895, set the buffer length as 15m
In TN, Too small: 1896, set the buffer length as 15m
In TN, Too small: 1897, set the buffer length as 15m
In TN, Too small: 1902, set the buffer length as 15m
In TN, Too small: 1903, set the buffer length as 15m
In TN, Too small: 1905, set the buffer length as 15m
In TN, Too small: 1906, set the buffer length as 15m
In TN, Too small: 1907, set the buffer length as 15m
In TN, Too small: 1910, set the buffer length as 15m
In TN, Too small: 1911, set the buffer length as 15m
In TN, Too small: 1912, set the buffer length as 15m
In TN, Too small: 1913, set the buffer length as 15m
In TN, Too small: 1914, set the buffer length as 15m
In TN, Too small: 1915, set the buffer length as 15m
In TN, Too small: 1917, set the buffer length as 15m
In TN, Too small: 1918, set the buffer length as 15m
In TN, Too small: 1919, set the buffer length as 15m
In TN, Too small: 1921, set the buffer length as 15m
In TN, Too small: 1923, set the buffer length as 15m
In TN, Too small: 1924, set the buffer length as 15m
In TN, Too small: 1925, set the buffer length as 15m
In TN, Too small: 1926, set the buffer length as 15m
In TN, Too small: 1927, set the buffer length as 15m
In TN, Too small: 1928, set the buffer length as 15m
In TN, Too small: 1933, set the buffer length as 15m
In TN, Too small: 1934, set the buffer length as 15m
In TN, Too small: 1936, set the buffer length as 15m
In TN, Too small: 1937, set the buffer length as 15m
In TN, Too small: 1940, set the buffer length as 15m
In TN, Too small: 1941, set the buffer length as 15m
In TN, Too small: 1942, set the buffer length as 15m
In TN, Too small: 1944, set the buffer length as 15m
In TN, Too small: 1945, set the buffer length as 15m
In TN, Too small: 1946, set the buffer length as 15m
In TN, Too small: 1947, set the buffer length as 15m
In TN, Too small: 1948, set the buffer length as 15m
In TN, Too small: 1950, set the buffer length as 15m
In TN, Too small: 1951, set the buffer length as 15m
In TN, Too small: 1952, set the buffer length as 15m
In TN, Too small: 1953, set the buffer length as 15m
In TN, Too small: 1955, set the buffer length as 15m
In TN, Too small: 1956, set the buffer length as 15m
In TN, Too small: 1959, set the buffer length as 15m
In TN, Too small: 1960, set the buffer length as 15m
In TN, Too small: 1961, set the buffer length as 15m
In TN, Too small: 1962, set the buffer length as 15m
In TN, Too small: 1964, set the buffer length as 15m
In TN, Too small: 1965, set the buffer length as 15m
In TN, Too small: 1966, set the buffer length as 15m
In TN, Too small: 1967, set the buffer length as 15m
In TN, Too small: 1968, set the buffer length as 15m
In TN, Too small: 1969, set the buffer length as 15m
In TN, Too small: 1971, set the buffer length as 15m
In TN, Too small: 1973, set the buffer length as 15m
In TN, Too small: 1976, set the buffer length as 15m
In TN, Too small: 1977, set the buffer length as 15m
In TN, Too small: 1978, set the buffer length as 15m
In TN, Too small: 1979, set the buffer length as 15m
In TN, Too small: 1980, set the buffer length as 15m
In TN, Too small: 1982, set the buffer length as 15m
In TN, Too small: 1983, set the buffer length as 15m
In TN, Too small: 1985, set the buffer length as 15m
In TN, Too small: 1986, set the buffer length as 15m
In TN, Too small: 1988, set the buffer length as 15m
In TN, Too small: 1989, set the buffer length as 15m
In TN, Too small: 1990, set the buffer length as 15m
In TN, Too small: 1992, set the buffer length as 15m
In TN, Too small: 1993, set the buffer length as 15m
In TN, Too small: 1994, set the buffer length as 15m
In TN, Too small: 1995, set the buffer length as 15m
In TN, Too small: 1996, set the buffer length as 15m
In TN, Too small: 1998, set the buffer length as 15m
In TN, Too small: 1999, set the buffer length as 15m
In TN, Too small: 2001, set the buffer length as 15m
In TN, Too small: 2002, set the buffer length as 15m
In TN, Too small: 2003, set the buffer length as 15m
In TN, Too small: 2004, set the buffer length as 15m
In TN, Too small: 2006, set the buffer length as 15m
In TN, Too small: 2008, set the buffer length as 15m
In TN, Too small: 2010, set the buffer length as 15m
In TN, Too small: 2011, set the buffer length as 15m
In TN, Too small: 2012, set the buffer length as 15m
In TN, Too small: 2013, set the buffer length as 15m
In TN, Too small: 2014, set the buffer length as 15m
In TN, Too small: 2015, set the buffer length as 15m
In TN, Too small: 2016, set the buffer length as 15m
In TN, Too small: 2017, set the buffer length as 15m
In TN, Too small: 2018, set the buffer length as 15m
In TN, Too small: 2019, set the buffer length as 15m
In TN, Too small: 2020, set the buffer length as 15m
In TN, Too small: 2022, set the buffer length as 15m
In TN, Too small: 2023, set the buffer length as 15m
In TN, Too small: 2024, set the buffer length as 15m
In TN, Too small: 2025, set the buffer length as 15m
In TN, Too small: 2026, set the buffer length as 15m
In TN, Too small: 2027, set the buffer length as 15m
In TN, Too small: 2029, set the buffer length as 15m
In TN, Too small: 2030, set the buffer length as 15m
In TN, Too small: 2031, set the buffer length as 15m
In TN, Too small: 2035, set the buffer length as 15m
In TN, Too small: 2036, set the buffer length as 15m
In TN, Too small: 2037, set the buffer length as 15m
In TN, Too small: 2038, set the buffer length as 15m
In TN, Too small: 2040, set the buffer length as 15m
In TN, Too small: 2051, set the buffer length as 15m
In TN, Too small: 2053, set the buffer length as 15m
In TN, Too small: 2054, set the buffer length as 15m
In TN, Too small: 2055, set the buffer length as 15m
In TN, Too small: 2056, set the buffer length as 15m
In TN, Too small: 2059, set the buffer length as 15m
In TN, Too small: 2062, set the buffer length as 15m
In TN, Too small: 2063, set the buffer length as 15m
In TN, Too small: 2066, set the buffer length as 15m
In TN, Too small: 2072, set the buffer length as 15m
In TN, Too small: 2076, set the buffer length as 15m
In TN, Too small: 2078, set the buffer length as 15m
In TN, Too small: 2079, set the buffer length as 15m
In TN, Too small: 2083, set the buffer length as 15m
In TN, Too small: 2085, set the buffer length as 15m
In TN, Too small: 2087, set the buffer length as 15m
In TN, Too small: 2089, set the buffer length as 15m
In TN, Too small: 2090, set the buffer length as 15m
In TN, Too small: 2091, set the buffer length as 15m
In TN, Too small: 2093, set the buffer length as 15m
In TN, Too small: 2095, set the buffer length as 15m
In TN, Too small: 2096, set the buffer length as 15m
In TN, Too small: 2097, set the buffer length as 15m
In TN, Too small: 2098, set the buffer length as 15m
In TN, Too small: 2099, set the buffer length as 15m
In TN, Too small: 2100, set the buffer length as 15m
In TN, Too small: 2102, set the buffer length as 15m
In TN, Too small: 2105, set the buffer length as 15m
In TN, Too small: 2107, set the buffer length as 15m
In TN, Too small: 2108, set the buffer length as 15m
In TN, Too small: 2109, set the buffer length as 15m
In TN, Too small: 2110, set the buffer length as 15m
In TN, Too small: 2111, set the buffer length as 15m
In TN, Too small: 2112, set the buffer length as 15m
In TN, Too small: 2113, set the buffer length as 15m
In TN, Too small: 2114, set the buffer length as 15m
In TN, Too small: 2115, set the buffer length as 15m
In TN, Too small: 2117, set the buffer length as 15m
In TN, Too small: 2118, set the buffer length as 15m
In TN, Too small: 2119, set the buffer length as 15m
In TN, Too small: 2120, set the buffer length as 15m
In TN, Too small: 2121, set the buffer length as 15m
In TN, Too small: 2122, set the buffer length as 15m
In TN, Too small: 2124, set the buffer length as 15m
In TN, Too small: 2125, set the buffer length as 15m
In TN, Too small: 2126, set the buffer length as 15m
In TN, Too small: 2127, set the buffer length as 15m
In TN, Too small: 2128, set the buffer length as 15m
In TN, Too small: 2131, set the buffer length as 15m
In TN, Too small: 2132, set the buffer length as 15m
In TN, Too small: 2133, set the buffer length as 15m
In TN, Too small: 2134, set the buffer length as 15m
In TN, Too small: 2135, set the buffer length as 15m
In TN, Too small: 2137, set the buffer length as 15m
In TN, Too small: 2138, set the buffer length as 15m
In TN, Too small: 2139, set the buffer length as 15m
In TN, Too small: 2143, set the buffer length as 15m
In TN, Too small: 2145, set the buffer length as 15m
In TN, Too small: 2146, set the buffer length as 15m
In TN, Too small: 2147, set the buffer length as 15m
In TN, Too small: 2149, set the buffer length as 15m
In TN, Too small: 2157, set the buffer length as 15m
In TN, Too small: 2159, set the buffer length as 15m
In TN, Too small: 2162, set the buffer length as 15m
In TN, Too small: 2163, set the buffer length as 15m
In TN, Too small: 2164, set the buffer length as 15m
In TN, Too small: 2167, set the buffer length as 15m
In TN, Too small: 2172, set the buffer length as 15m
In TN, Too small: 2174, set the buffer length as 15m
In TN, Too small: 2175, set the buffer length as 15m
In TN, Too small: 2177, set the buffer length as 15m
In TN, Too small: 2178, set the buffer length as 15m
In TN, Too small: 2179, set the buffer length as 15m
In TN, Too small: 2180, set the buffer length as 15m
In TN, Too small: 2181, set the buffer length as 15m
In TN, Too small: 2183, set the buffer length as 15m
In TN, Too small: 2187, set the buffer length as 15m
In TN, Too small: 2191, set the buffer length as 15m
In TN, Too small: 2193, set the buffer length as 15m
In TN, Too small: 2197, set the buffer length as 15m
In TN, Too small: 2198, set the buffer length as 15m
In TN, Too small: 2199, set the buffer length as 15m
In TN, Too small: 2200, set the buffer length as 15m
In TN, Too small: 2201, set the buffer length as 15m
In TN, Too small: 2202, set the buffer length as 15m
In TN, Too small: 2203, set the buffer length as 15m
In TN, Too small: 2204, set the buffer length as 15m
In TN, Too small: 2205, set the buffer length as 15m
In TN, Too small: 2206, set the buffer length as 15m
In TN, Too small: 2207, set the buffer length as 15m
In TN, Too small: 2209, set the buffer length as 15m
In TN, Too small: 2210, set the buffer length as 15m
In TN, Too small: 2211, set the buffer length as 15m
In TN, Too small: 2213, set the buffer length as 15m
In TN, Too small: 2215, set the buffer length as 15m
In TN, Too small: 2216, set the buffer length as 15m
In TN, Too small: 2219, set the buffer length as 15m
In TN, Too small: 2221, set the buffer length as 15m
In TN, Too small: 2223, set the buffer length as 15m
In TN, Too small: 2225, set the buffer length as 15m
In TN, Too small: 2226, set the buffer length as 15m
In TN, Too small: 2227, set the buffer length as 15m
In TN, Too small: 2230, set the buffer length as 15m
In TN, Too small: 2231, set the buffer length as 15m
In TN, Too small: 2233, set the buffer length as 15m
In TN, Too small: 2235, set the buffer length as 15m
In TN, Too small: 2236, set the buffer length as 15m
In TN, Too small: 2237, set the buffer length as 15m
In TN, Too small: 2238, set the buffer length as 15m
In TN, Too small: 2239, set the buffer length as 15m
In TN, Too small: 2240, set the buffer length as 15m
In TN, Too small: 2242, set the buffer length as 15m
In TN, Too small: 2243, set the buffer length as 15m
In TN, Too small: 2246, set the buffer length as 15m
In TN, Too small: 2247, set the buffer length as 15m
In TN, Too small: 2248, set the buffer length as 15m
In TN, Too small: 2249, set the buffer length as 15m
In TN, Too small: 2252, set the buffer length as 15m
In TN, Too small: 2254, set the buffer length as 15m
In TN, Too small: 2255, set the buffer length as 15m
In TN, Too small: 2256, set the buffer length as 15m
In TN, Too small: 2257, set the buffer length as 15m
In TN, Too small: 2258, set the buffer length as 15m
In TN, Too small: 2259, set the buffer length as 15m
In TN, Too small: 2264, set the buffer length as 15m
In TN, Too small: 2267, set the buffer length as 15m
In TN, Too small: 2269, set the buffer length as 15m
In TN, Too small: 2271, set the buffer length as 15m
In TN, Too small: 2275, set the buffer length as 15m
In TN, Too small: 2278, set the buffer length as 15m
In TN, Too small: 2279, set the buffer length as 15m
In TN, Too small: 2282, set the buffer length as 15m
In TN, Too small: 2284, set the buffer length as 15m
In TN, Too small: 2285, set the buffer length as 15m
In TN, Too small: 2286, set the buffer length as 15m
In TN, Too small: 2287, set the buffer length as 15m
In TN, Too small: 2289, set the buffer length as 15m
In TN, Too small: 2292, set the buffer length as 15m
In TN, Too small: 2293, set the buffer length as 15m
In TN, Too small: 2298, set the buffer length as 15m
In TN, Too small: 2300, set the buffer length as 15m
In TN, Too small: 2301, set the buffer length as 15m
In TN, Too small: 2302, set the buffer length as 15m
In TN, Too small: 2304, set the buffer length as 15m
In TN, Too small: 2305, set the buffer length as 15m
In TN, Too small: 2306, set the buffer length as 15m
In TN, Too small: 2307, set the buffer length as 15m
In TN, Too small: 2308, set the buffer length as 15m
In TN, Too small: 2309, set the buffer length as 15m
In TN, Too small: 2310, set the buffer length as 15m
In TN, Too small: 2311, set the buffer length as 15m
In TN, Too small: 2313, set the buffer length as 15m
In TN, Too small: 2315, set the buffer length as 15m
In TN, Too small: 2316, set the buffer length as 15m
In TN, Too small: 2319, set the buffer length as 15m
In TN, Too small: 2320, set the buffer length as 15m
In TN, Too small: 2321, set the buffer length as 15m
In TN, Too small: 2322, set the buffer length as 15m
In TN, Too small: 2323, set the buffer length as 15m
In TN, Too small: 2325, set the buffer length as 15m
In TN, Too small: 2326, set the buffer length as 15m
In TN, Too small: 2328, set the buffer length as 15m
In TN, Too small: 2329, set the buffer length as 15m
In TN, Too small: 2330, set the buffer length as 15m
In TN, Too small: 2331, set the buffer length as 15m
In TN, Too small: 2332, set the buffer length as 15m
In TN, Too small: 2333, set the buffer length as 15m
In TN, Too small: 2335, set the buffer length as 15m
In TN, Too small: 2336, set the buffer length as 15m
In TN, Too small: 2337, set the buffer length as 15m
In TN, Too small: 2338, set the buffer length as 15m
In TN, Too small: 2339, set the buffer length as 15m
In TN, Too small: 2340, set the buffer length as 15m
In TN, Too small: 2341, set the buffer length as 15m
In TN, Too small: 2343, set the buffer length as 15m
In TN, Too small: 2344, set the buffer length as 15m
In TN, Too small: 2345, set the buffer length as 15m
In TN, Too small: 2347, set the buffer length as 15m
In TN, Too small: 2348, set the buffer length as 15m
In TN, Too small: 2349, set the buffer length as 15m
In TN, Too small: 2352, set the buffer length as 15m
In TN, Too small: 2353, set the buffer length as 15m
In TN, Too small: 2354, set the buffer length as 15m
In TN, Too small: 2355, set the buffer length as 15m
In TN, Too small: 2356, set the buffer length as 15m
In TN, Too small: 2357, set the buffer length as 15m
In TN, Too small: 2358, set the buffer length as 15m
In TN, Too small: 2359, set the buffer length as 15m
In TN, Too small: 2360, set the buffer length as 15m
In TN, Too small: 2361, set the buffer length as 15m
In TN, Too small: 2362, set the buffer length as 15m
In TN, Too small: 2364, set the buffer length as 15m
In TN, Too small: 2365, set the buffer length as 15m
In TN, Too small: 2366, set the buffer length as 15m
In TN, Too small: 2368, set the buffer length as 15m
In TN, Too small: 2369, set the buffer length as 15m
In TN, Too small: 2372, set the buffer length as 15m
In TN, Too small: 2376, set the buffer length as 15m
In TN, Too small: 2377, set the buffer length as 15m
In TN, Too small: 2378, set the buffer length as 15m
In TN, Too small: 2386, set the buffer length as 15m
In TN, Too small: 2387, set the buffer length as 15m
In TN, Too small: 2388, set the buffer length as 15m
In TN, Too small: 2390, set the buffer length as 15m
In TN, Too small: 2391, set the buffer length as 15m
In TN, Too small: 2394, set the buffer length as 15m
In TN, Too small: 2396, set the buffer length as 15m
In TN, Too small: 2397, set the buffer length as 15m
In TN, Too small: 2398, set the buffer length as 15m
In TN, Too small: 2400, set the buffer length as 15m
In TN, Too small: 2401, set the buffer length as 15m
In TN, Too small: 2405, set the buffer length as 15m
In TN, Too small: 2407, set the buffer length as 15m
In TN, Too small: 2409, set the buffer length as 15m
In TN, Too small: 2410, set the buffer length as 15m
In TN, Too small: 2412, set the buffer length as 15m
In TN, Too small: 2413, set the buffer length as 15m
In TN, Too small: 2414, set the buffer length as 15m
In TN, Too small: 2415, set the buffer length as 15m
In TN, Too small: 2416, set the buffer length as 15m
In TN, Too small: 2417, set the buffer length as 15m
In TN, Too small: 2418, set the buffer length as 15m
In TN, Too small: 2419, set the buffer length as 15m
In TN, Too small: 2420, set the buffer length as 15m
In TN, Too small: 2421, set the buffer length as 15m
In TN, Too small: 2422, set the buffer length as 15m
In TN, Too small: 2423, set the buffer length as 15m
In TN, Too small: 2424, set the buffer length as 15m
In TN, Too small: 2426, set the buffer length as 15m
In TN, Too small: 2427, set the buffer length as 15m
In TN, Too small: 2428, set the buffer length as 15m
In TN, Too small: 2431, set the buffer length as 15m
In TN, Too small: 2432, set the buffer length as 15m
In TN, Too small: 2433, set the buffer length as 15m
In TN, Too small: 2434, set the buffer length as 15m
In TN, Too small: 2436, set the buffer length as 15m
In TN, Too small: 2437, set the buffer length as 15m
In TN, Too small: 2438, set the buffer length as 15m
In TN, Too small: 2439, set the buffer length as 15m
File exists.
SC
#Total: 7305
In SC, Too small: 467, set the buffer length as 15m
In SC, Too small: 703, set the buffer length as 15m
In SC, Too small: 706, set the buffer length as 15m
In SC, Too small: 796, set the buffer length as 15m
In SC, Too small: 1019, set the buffer length as 15m
In SC, Too small: 1240, set the buffer length as 15m
In SC, Too small: 1581, set the buffer length as 15m
In SC, Too small: 1830, set the buffer length as 15m
In SC, Too small: 2710, set the buffer length as 15m
In SC, Too small: 2980, set the buffer length as 15m
In SC, Too small: 3417, set the buffer length as 15m
In SC, Too small: 3757, set the buffer length as 15m
In SC, Too small: 3953, set the buffer length as 15m
In SC, Too small: 4660, set the buffer length as 15m
In SC, Too small: 4931, set the buffer length as 15m
In SC, Too small: 4961, set the buffer length as 15m
In SC, Too small: 5011, set the buffer length as 15m
In SC, Too small: 5064, set the buffer length as 15m
In SC, Too small: 5248, set the buffer length as 15m
In SC, Too small: 5269, set the buffer length as 15m
In SC, Too small: 5357, set the buffer length as 15m
In SC, Too small: 5371, set the buffer length as 15m
In SC, Too small: 5815, set the buffer length as 15m
In SC, Too small: 5816, set the buffer length as 15m
In SC, Too small: 6024, set the buffer length as 15m
In SC, Too small: 6339, set the buffer length as 15m
In SC, Too small: 6608, set the buffer length as 15m
In SC, Too small: 6647, set the buffer length as 15m
In SC, Too small: 7104, set the buffer length as 15m
In SC, Too small: 7176, set the buffer length as 15m
In SC, Too small: 7298, set the buffer length as 15m
File exists.
NC
#Total: 763
File exists.
FL
#Total: 24808
File exists.
AL
#Total: 11677
In AL, Too small: 1891, set the buffer length as 15m
In AL, Too small: 2295, set the buffer length as 15m
In AL, Too small: 3424, set the buffer length as 15m
In AL, Too small: 8999, set the buffer length as 15m
In AL, Too small: 11612, set the buffer length as 15m
File exists.
MS
#Total: 3809
File exists.
GA
#Total: 37422
File exists.
TN
#Total: 2198
In TN, Too small: 1, set the buffer length as 15m
In TN, Too small: 2, set the buffer length as 15m
In TN, Too small: 3, set the buffer length as 15m
In TN, Too small: 7, set the buffer length as 15m
In TN, Too small: 9, set the buffer length as 15m
In TN, Too small: 13, set the buffer length as 15m
In TN, Too small: 14, set the buffer length as 15m
In TN, Too small: 15, set the buffer length as 15m
In TN, Too small: 18, set the buffer length as 15m
In TN, Too small: 20, set the buffer length as 15m
In TN, Too small: 21, set the buffer length as 15m
In TN, Too small: 23, set the buffer length as 15m
In TN, Too small: 24, set the buffer length as 15m
In TN, Too small: 25, set the buffer length as 15m
In TN, Too small: 27, set the buffer length as 15m
In TN, Too small: 28, set the buffer length as 15m
In TN, Too small: 29, set the buffer length as 15m
In TN, Too small: 33, set the buffer length as 15m
In TN, Too small: 36, set the buffer length as 15m
In TN, Too small: 37, set the buffer length as 15m
In TN, Too small: 38, set the buffer length as 15m
In TN, Too small: 40, set the buffer length as 15m
In TN, Too small: 41, set the buffer length as 15m
In TN, Too small: 43, set the buffer length as 15m
In TN, Too small: 46, set the buffer length as 15m
In TN, Too small: 47, set the buffer length as 15m
In TN, Too small: 48, set the buffer length as 15m
In TN, Too small: 49, set the buffer length as 15m
In TN, Too small: 51, set the buffer length as 15m
In TN, Too small: 53, set the buffer length as 15m
In TN, Too small: 54, set the buffer length as 15m
In TN, Too small: 55, set the buffer length as 15m
In TN, Too small: 57, set the buffer length as 15m
In TN, Too small: 58, set the buffer length as 15m
In TN, Too small: 62, set the buffer length as 15m
In TN, Too small: 63, set the buffer length as 15m
In TN, Too small: 65, set the buffer length as 15m
In TN, Too small: 66, set the buffer length as 15m
In TN, Too small: 69, set the buffer length as 15m
In TN, Too small: 70, set the buffer length as 15m
In TN, Too small: 73, set the buffer length as 15m
In TN, Too small: 74, set the buffer length as 15m
In TN, Too small: 77, set the buffer length as 15m
In TN, Too small: 79, set the buffer length as 15m
In TN, Too small: 81, set the buffer length as 15m
In TN, Too small: 83, set the buffer length as 15m
In TN, Too small: 85, set the buffer length as 15m
In TN, Too small: 87, set the buffer length as 15m
In TN, Too small: 92, set the buffer length as 15m
In TN, Too small: 93, set the buffer length as 15m
In TN, Too small: 98, set the buffer length as 15m
In TN, Too small: 99, set the buffer length as 15m
In TN, Too small: 101, set the buffer length as 15m
In TN, Too small: 104, set the buffer length as 15m
In TN, Too small: 108, set the buffer length as 15m
In TN, Too small: 112, set the buffer length as 15m
In TN, Too small: 113, set the buffer length as 15m
In TN, Too small: 115, set the buffer length as 15m
In TN, Too small: 116, set the buffer length as 15m
In TN, Too small: 117, set the buffer length as 15m
In TN, Too small: 118, set the buffer length as 15m
In TN, Too small: 126, set the buffer length as 15m
In TN, Too small: 127, set the buffer length as 15m
In TN, Too small: 134, set the buffer length as 15m
In TN, Too small: 135, set the buffer length as 15m
In TN, Too small: 137, set the buffer length as 15m
In TN, Too small: 149, set the buffer length as 15m
In TN, Too small: 151, set the buffer length as 15m
In TN, Too small: 154, set the buffer length as 15m
In TN, Too small: 155, set the buffer length as 15m
In TN, Too small: 156, set the buffer length as 15m
In TN, Too small: 157, set the buffer length as 15m
In TN, Too small: 159, set the buffer length as 15m
In TN, Too small: 161, set the buffer length as 15m
In TN, Too small: 162, set the buffer length as 15m
In TN, Too small: 163, set the buffer length as 15m
In TN, Too small: 164, set the buffer length as 15m
In TN, Too small: 166, set the buffer length as 15m
In TN, Too small: 167, set the buffer length as 15m
In TN, Too small: 168, set the buffer length as 15m
In TN, Too small: 169, set the buffer length as 15m
In TN, Too small: 170, set the buffer length as 15m
In TN, Too small: 175, set the buffer length as 15m
In TN, Too small: 181, set the buffer length as 15m
In TN, Too small: 183, set the buffer length as 15m
In TN, Too small: 187, set the buffer length as 15m
In TN, Too small: 188, set the buffer length as 15m
In TN, Too small: 191, set the buffer length as 15m
In TN, Too small: 194, set the buffer length as 15m
In TN, Too small: 195, set the buffer length as 15m
In TN, Too small: 204, set the buffer length as 15m
In TN, Too small: 210, set the buffer length as 15m
In TN, Too small: 214, set the buffer length as 15m
In TN, Too small: 218, set the buffer length as 15m
In TN, Too small: 221, set the buffer length as 15m
In TN, Too small: 224, set the buffer length as 15m
In TN, Too small: 225, set the buffer length as 15m
In TN, Too small: 226, set the buffer length as 15m
In TN, Too small: 228, set the buffer length as 15m
In TN, Too small: 233, set the buffer length as 15m
In TN, Too small: 235, set the buffer length as 15m
In TN, Too small: 237, set the buffer length as 15m
In TN, Too small: 242, set the buffer length as 15m
In TN, Too small: 246, set the buffer length as 15m
In TN, Too small: 249, set the buffer length as 15m
In TN, Too small: 263, set the buffer length as 15m
In TN, Too small: 264, set the buffer length as 15m
In TN, Too small: 265, set the buffer length as 15m
In TN, Too small: 266, set the buffer length as 15m
In TN, Too small: 267, set the buffer length as 15m
In TN, Too small: 271, set the buffer length as 15m
In TN, Too small: 272, set the buffer length as 15m
In TN, Too small: 275, set the buffer length as 15m
In TN, Too small: 277, set the buffer length as 15m
In TN, Too small: 279, set the buffer length as 15m
In TN, Too small: 280, set the buffer length as 15m
In TN, Too small: 281, set the buffer length as 15m
In TN, Too small: 285, set the buffer length as 15m
In TN, Too small: 288, set the buffer length as 15m
In TN, Too small: 291, set the buffer length as 15m
In TN, Too small: 294, set the buffer length as 15m
In TN, Too small: 296, set the buffer length as 15m
In TN, Too small: 299, set the buffer length as 15m
In TN, Too small: 302, set the buffer length as 15m
In TN, Too small: 308, set the buffer length as 15m
In TN, Too small: 309, set the buffer length as 15m
In TN, Too small: 310, set the buffer length as 15m
In TN, Too small: 312, set the buffer length as 15m
In TN, Too small: 315, set the buffer length as 15m
In TN, Too small: 318, set the buffer length as 15m
In TN, Too small: 321, set the buffer length as 15m
In TN, Too small: 324, set the buffer length as 15m
In TN, Too small: 325, set the buffer length as 15m
In TN, Too small: 327, set the buffer length as 15m
In TN, Too small: 346, set the buffer length as 15m
In TN, Too small: 349, set the buffer length as 15m
In TN, Too small: 357, set the buffer length as 15m
In TN, Too small: 359, set the buffer length as 15m
In TN, Too small: 364, set the buffer length as 15m
In TN, Too small: 372, set the buffer length as 15m
In TN, Too small: 375, set the buffer length as 15m
In TN, Too small: 378, set the buffer length as 15m
In TN, Too small: 394, set the buffer length as 15m
In TN, Too small: 406, set the buffer length as 15m
In TN, Too small: 412, set the buffer length as 15m
In TN, Too small: 420, set the buffer length as 15m
In TN, Too small: 425, set the buffer length as 15m
In TN, Too small: 427, set the buffer length as 15m
In TN, Too small: 429, set the buffer length as 15m
In TN, Too small: 431, set the buffer length as 15m
In TN, Too small: 432, set the buffer length as 15m
In TN, Too small: 434, set the buffer length as 15m
In TN, Too small: 436, set the buffer length as 15m
In TN, Too small: 444, set the buffer length as 15m
In TN, Too small: 445, set the buffer length as 15m
In TN, Too small: 447, set the buffer length as 15m
In TN, Too small: 448, set the buffer length as 15m
In TN, Too small: 450, set the buffer length as 15m
In TN, Too small: 455, set the buffer length as 15m
In TN, Too small: 457, set the buffer length as 15m
In TN, Too small: 460, set the buffer length as 15m
In TN, Too small: 462, set the buffer length as 15m
In TN, Too small: 463, set the buffer length as 15m
In TN, Too small: 467, set the buffer length as 15m
In TN, Too small: 468, set the buffer length as 15m
In TN, Too small: 472, set the buffer length as 15m
In TN, Too small: 475, set the buffer length as 15m
In TN, Too small: 481, set the buffer length as 15m
In TN, Too small: 483, set the buffer length as 15m
In TN, Too small: 485, set the buffer length as 15m
In TN, Too small: 491, set the buffer length as 15m
In TN, Too small: 493, set the buffer length as 15m
In TN, Too small: 495, set the buffer length as 15m
In TN, Too small: 497, set the buffer length as 15m
In TN, Too small: 499, set the buffer length as 15m
In TN, Too small: 500, set the buffer length as 15m
In TN, Too small: 502, set the buffer length as 15m
In TN, Too small: 505, set the buffer length as 15m
In TN, Too small: 521, set the buffer length as 15m
In TN, Too small: 524, set the buffer length as 15m
In TN, Too small: 526, set the buffer length as 15m
In TN, Too small: 529, set the buffer length as 15m
In TN, Too small: 535, set the buffer length as 15m
In TN, Too small: 537, set the buffer length as 15m
In TN, Too small: 538, set the buffer length as 15m
In TN, Too small: 544, set the buffer length as 15m
In TN, Too small: 552, set the buffer length as 15m
In TN, Too small: 555, set the buffer length as 15m
In TN, Too small: 557, set the buffer length as 15m
In TN, Too small: 560, set the buffer length as 15m
In TN, Too small: 565, set the buffer length as 15m
In TN, Too small: 566, set the buffer length as 15m
In TN, Too small: 573, set the buffer length as 15m
In TN, Too small: 575, set the buffer length as 15m
In TN, Too small: 577, set the buffer length as 15m
In TN, Too small: 578, set the buffer length as 15m
In TN, Too small: 586, set the buffer length as 15m
In TN, Too small: 588, set the buffer length as 15m
In TN, Too small: 592, set the buffer length as 15m
In TN, Too small: 595, set the buffer length as 15m
In TN, Too small: 596, set the buffer length as 15m
In TN, Too small: 598, set the buffer length as 15m
In TN, Too small: 603, set the buffer length as 15m
In TN, Too small: 607, set the buffer length as 15m
In TN, Too small: 608, set the buffer length as 15m
In TN, Too small: 612, set the buffer length as 15m
In TN, Too small: 613, set the buffer length as 15m
In TN, Too small: 620, set the buffer length as 15m
In TN, Too small: 622, set the buffer length as 15m
In TN, Too small: 625, set the buffer length as 15m
In TN, Too small: 626, set the buffer length as 15m
In TN, Too small: 627, set the buffer length as 15m
In TN, Too small: 628, set the buffer length as 15m
In TN, Too small: 632, set the buffer length as 15m
In TN, Too small: 633, set the buffer length as 15m
In TN, Too small: 636, set the buffer length as 15m
In TN, Too small: 637, set the buffer length as 15m
In TN, Too small: 639, set the buffer length as 15m
In TN, Too small: 642, set the buffer length as 15m
In TN, Too small: 645, set the buffer length as 15m
In TN, Too small: 646, set the buffer length as 15m
In TN, Too small: 649, set the buffer length as 15m
In TN, Too small: 652, set the buffer length as 15m
In TN, Too small: 656, set the buffer length as 15m
In TN, Too small: 657, set the buffer length as 15m
In TN, Too small: 667, set the buffer length as 15m
In TN, Too small: 670, set the buffer length as 15m
In TN, Too small: 671, set the buffer length as 15m
In TN, Too small: 673, set the buffer length as 15m
In TN, Too small: 674, set the buffer length as 15m
In TN, Too small: 675, set the buffer length as 15m
In TN, Too small: 676, set the buffer length as 15m
In TN, Too small: 681, set the buffer length as 15m
In TN, Too small: 682, set the buffer length as 15m
In TN, Too small: 684, set the buffer length as 15m
In TN, Too small: 685, set the buffer length as 15m
In TN, Too small: 687, set the buffer length as 15m
In TN, Too small: 688, set the buffer length as 15m
In TN, Too small: 689, set the buffer length as 15m
In TN, Too small: 693, set the buffer length as 15m
In TN, Too small: 697, set the buffer length as 15m
In TN, Too small: 699, set the buffer length as 15m
In TN, Too small: 700, set the buffer length as 15m
In TN, Too small: 704, set the buffer length as 15m
In TN, Too small: 706, set the buffer length as 15m
In TN, Too small: 707, set the buffer length as 15m
In TN, Too small: 708, set the buffer length as 15m
In TN, Too small: 710, set the buffer length as 15m
In TN, Too small: 711, set the buffer length as 15m
In TN, Too small: 714, set the buffer length as 15m
In TN, Too small: 715, set the buffer length as 15m
In TN, Too small: 717, set the buffer length as 15m
In TN, Too small: 720, set the buffer length as 15m
In TN, Too small: 723, set the buffer length as 15m
In TN, Too small: 724, set the buffer length as 15m
In TN, Too small: 729, set the buffer length as 15m
In TN, Too small: 730, set the buffer length as 15m
In TN, Too small: 734, set the buffer length as 15m
In TN, Too small: 735, set the buffer length as 15m
In TN, Too small: 738, set the buffer length as 15m
In TN, Too small: 739, set the buffer length as 15m
In TN, Too small: 742, set the buffer length as 15m
In TN, Too small: 743, set the buffer length as 15m
In TN, Too small: 746, set the buffer length as 15m
In TN, Too small: 748, set the buffer length as 15m
In TN, Too small: 749, set the buffer length as 15m
In TN, Too small: 750, set the buffer length as 15m
In TN, Too small: 753, set the buffer length as 15m
In TN, Too small: 757, set the buffer length as 15m
In TN, Too small: 758, set the buffer length as 15m
In TN, Too small: 760, set the buffer length as 15m
In TN, Too small: 761, set the buffer length as 15m
In TN, Too small: 764, set the buffer length as 15m
In TN, Too small: 766, set the buffer length as 15m
In TN, Too small: 768, set the buffer length as 15m
In TN, Too small: 769, set the buffer length as 15m
In TN, Too small: 770, set the buffer length as 15m
In TN, Too small: 772, set the buffer length as 15m
In TN, Too small: 773, set the buffer length as 15m
In TN, Too small: 774, set the buffer length as 15m
In TN, Too small: 775, set the buffer length as 15m
In TN, Too small: 780, set the buffer length as 15m
In TN, Too small: 783, set the buffer length as 15m
In TN, Too small: 784, set the buffer length as 15m
In TN, Too small: 787, set the buffer length as 15m
In TN, Too small: 790, set the buffer length as 15m
In TN, Too small: 792, set the buffer length as 15m
In TN, Too small: 793, set the buffer length as 15m
In TN, Too small: 795, set the buffer length as 15m
In TN, Too small: 796, set the buffer length as 15m
In TN, Too small: 797, set the buffer length as 15m
In TN, Too small: 798, set the buffer length as 15m
In TN, Too small: 799, set the buffer length as 15m
In TN, Too small: 803, set the buffer length as 15m
In TN, Too small: 806, set the buffer length as 15m
In TN, Too small: 807, set the buffer length as 15m
In TN, Too small: 810, set the buffer length as 15m
In TN, Too small: 812, set the buffer length as 15m
In TN, Too small: 813, set the buffer length as 15m
In TN, Too small: 816, set the buffer length as 15m
In TN, Too small: 817, set the buffer length as 15m
In TN, Too small: 820, set the buffer length as 15m
In TN, Too small: 822, set the buffer length as 15m
In TN, Too small: 823, set the buffer length as 15m
In TN, Too small: 828, set the buffer length as 15m
In TN, Too small: 829, set the buffer length as 15m
In TN, Too small: 830, set the buffer length as 15m
In TN, Too small: 831, set the buffer length as 15m
In TN, Too small: 834, set the buffer length as 15m
In TN, Too small: 835, set the buffer length as 15m
In TN, Too small: 836, set the buffer length as 15m
In TN, Too small: 839, set the buffer length as 15m
In TN, Too small: 842, set the buffer length as 15m
In TN, Too small: 844, set the buffer length as 15m
In TN, Too small: 846, set the buffer length as 15m
In TN, Too small: 848, set the buffer length as 15m
In TN, Too small: 853, set the buffer length as 15m
In TN, Too small: 854, set the buffer length as 15m
In TN, Too small: 860, set the buffer length as 15m
In TN, Too small: 862, set the buffer length as 15m
In TN, Too small: 865, set the buffer length as 15m
In TN, Too small: 866, set the buffer length as 15m
In TN, Too small: 867, set the buffer length as 15m
In TN, Too small: 871, set the buffer length as 15m
In TN, Too small: 872, set the buffer length as 15m
In TN, Too small: 874, set the buffer length as 15m
In TN, Too small: 875, set the buffer length as 15m
In TN, Too small: 878, set the buffer length as 15m
In TN, Too small: 879, set the buffer length as 15m
In TN, Too small: 880, set the buffer length as 15m
In TN, Too small: 884, set the buffer length as 15m
In TN, Too small: 885, set the buffer length as 15m
In TN, Too small: 887, set the buffer length as 15m
In TN, Too small: 889, set the buffer length as 15m
In TN, Too small: 891, set the buffer length as 15m
In TN, Too small: 897, set the buffer length as 15m
In TN, Too small: 900, set the buffer length as 15m
In TN, Too small: 905, set the buffer length as 15m
In TN, Too small: 907, set the buffer length as 15m
In TN, Too small: 913, set the buffer length as 15m
In TN, Too small: 914, set the buffer length as 15m
In TN, Too small: 915, set the buffer length as 15m
In TN, Too small: 917, set the buffer length as 15m
In TN, Too small: 923, set the buffer length as 15m
In TN, Too small: 925, set the buffer length as 15m
In TN, Too small: 937, set the buffer length as 15m
In TN, Too small: 941, set the buffer length as 15m
In TN, Too small: 942, set the buffer length as 15m
In TN, Too small: 943, set the buffer length as 15m
In TN, Too small: 945, set the buffer length as 15m
In TN, Too small: 947, set the buffer length as 15m
In TN, Too small: 948, set the buffer length as 15m
In TN, Too small: 951, set the buffer length as 15m
In TN, Too small: 954, set the buffer length as 15m
In TN, Too small: 955, set the buffer length as 15m
In TN, Too small: 956, set the buffer length as 15m
In TN, Too small: 957, set the buffer length as 15m
In TN, Too small: 959, set the buffer length as 15m
In TN, Too small: 962, set the buffer length as 15m
In TN, Too small: 963, set the buffer length as 15m
In TN, Too small: 964, set the buffer length as 15m
In TN, Too small: 966, set the buffer length as 15m
In TN, Too small: 968, set the buffer length as 15m
In TN, Too small: 969, set the buffer length as 15m
In TN, Too small: 970, set the buffer length as 15m
In TN, Too small: 972, set the buffer length as 15m
In TN, Too small: 973, set the buffer length as 15m
In TN, Too small: 975, set the buffer length as 15m
In TN, Too small: 983, set the buffer length as 15m
In TN, Too small: 986, set the buffer length as 15m
In TN, Too small: 995, set the buffer length as 15m
In TN, Too small: 998, set the buffer length as 15m
In TN, Too small: 999, set the buffer length as 15m
In TN, Too small: 1001, set the buffer length as 15m
In TN, Too small: 1002, set the buffer length as 15m
In TN, Too small: 1004, set the buffer length as 15m
In TN, Too small: 1008, set the buffer length as 15m
In TN, Too small: 1010, set the buffer length as 15m
In TN, Too small: 1013, set the buffer length as 15m
In TN, Too small: 1018, set the buffer length as 15m
In TN, Too small: 1020, set the buffer length as 15m
In TN, Too small: 1022, set the buffer length as 15m
In TN, Too small: 1023, set the buffer length as 15m
In TN, Too small: 1029, set the buffer length as 15m
In TN, Too small: 1034, set the buffer length as 15m
In TN, Too small: 1040, set the buffer length as 15m
In TN, Too small: 1043, set the buffer length as 15m
In TN, Too small: 1044, set the buffer length as 15m
In TN, Too small: 1046, set the buffer length as 15m
In TN, Too small: 1047, set the buffer length as 15m
In TN, Too small: 1048, set the buffer length as 15m
In TN, Too small: 1050, set the buffer length as 15m
In TN, Too small: 1051, set the buffer length as 15m
In TN, Too small: 1055, set the buffer length as 15m
In TN, Too small: 1060, set the buffer length as 15m
In TN, Too small: 1061, set the buffer length as 15m
In TN, Too small: 1062, set the buffer length as 15m
In TN, Too small: 1068, set the buffer length as 15m
In TN, Too small: 1073, set the buffer length as 15m
In TN, Too small: 1075, set the buffer length as 15m
In TN, Too small: 1077, set the buffer length as 15m
In TN, Too small: 1086, set the buffer length as 15m
In TN, Too small: 1087, set the buffer length as 15m
In TN, Too small: 1089, set the buffer length as 15m
In TN, Too small: 1092, set the buffer length as 15m
In TN, Too small: 1094, set the buffer length as 15m
In TN, Too small: 1095, set the buffer length as 15m
In TN, Too small: 1101, set the buffer length as 15m
In TN, Too small: 1104, set the buffer length as 15m
In TN, Too small: 1105, set the buffer length as 15m
In TN, Too small: 1110, set the buffer length as 15m
In TN, Too small: 1111, set the buffer length as 15m
In TN, Too small: 1114, set the buffer length as 15m
In TN, Too small: 1119, set the buffer length as 15m
In TN, Too small: 1126, set the buffer length as 15m
In TN, Too small: 1127, set the buffer length as 15m
In TN, Too small: 1131, set the buffer length as 15m
In TN, Too small: 1132, set the buffer length as 15m
In TN, Too small: 1134, set the buffer length as 15m
In TN, Too small: 1135, set the buffer length as 15m
In TN, Too small: 1138, set the buffer length as 15m
In TN, Too small: 1144, set the buffer length as 15m
In TN, Too small: 1148, set the buffer length as 15m
In TN, Too small: 1149, set the buffer length as 15m
In TN, Too small: 1162, set the buffer length as 15m
In TN, Too small: 1165, set the buffer length as 15m
In TN, Too small: 1166, set the buffer length as 15m
In TN, Too small: 1170, set the buffer length as 15m
In TN, Too small: 1172, set the buffer length as 15m
In TN, Too small: 1180, set the buffer length as 15m
In TN, Too small: 1182, set the buffer length as 15m
In TN, Too small: 1185, set the buffer length as 15m
In TN, Too small: 1187, set the buffer length as 15m
In TN, Too small: 1188, set the buffer length as 15m
In TN, Too small: 1193, set the buffer length as 15m
In TN, Too small: 1194, set the buffer length as 15m
In TN, Too small: 1195, set the buffer length as 15m
In TN, Too small: 1198, set the buffer length as 15m
In TN, Too small: 1200, set the buffer length as 15m
In TN, Too small: 1201, set the buffer length as 15m
In TN, Too small: 1203, set the buffer length as 15m
In TN, Too small: 1205, set the buffer length as 15m
In TN, Too small: 1206, set the buffer length as 15m
In TN, Too small: 1207, set the buffer length as 15m
In TN, Too small: 1208, set the buffer length as 15m
In TN, Too small: 1209, set the buffer length as 15m
In TN, Too small: 1213, set the buffer length as 15m
In TN, Too small: 1216, set the buffer length as 15m
In TN, Too small: 1217, set the buffer length as 15m
In TN, Too small: 1220, set the buffer length as 15m
In TN, Too small: 1221, set the buffer length as 15m
In TN, Too small: 1224, set the buffer length as 15m
In TN, Too small: 1226, set the buffer length as 15m
In TN, Too small: 1227, set the buffer length as 15m
In TN, Too small: 1228, set the buffer length as 15m
In TN, Too small: 1229, set the buffer length as 15m
In TN, Too small: 1236, set the buffer length as 15m
In TN, Too small: 1237, set the buffer length as 15m
In TN, Too small: 1238, set the buffer length as 15m
In TN, Too small: 1240, set the buffer length as 15m
In TN, Too small: 1241, set the buffer length as 15m
In TN, Too small: 1243, set the buffer length as 15m
In TN, Too small: 1244, set the buffer length as 15m
In TN, Too small: 1249, set the buffer length as 15m
In TN, Too small: 1250, set the buffer length as 15m
In TN, Too small: 1251, set the buffer length as 15m
In TN, Too small: 1253, set the buffer length as 15m
In TN, Too small: 1254, set the buffer length as 15m
In TN, Too small: 1255, set the buffer length as 15m
In TN, Too small: 1259, set the buffer length as 15m
In TN, Too small: 1262, set the buffer length as 15m
In TN, Too small: 1263, set the buffer length as 15m
In TN, Too small: 1264, set the buffer length as 15m
In TN, Too small: 1267, set the buffer length as 15m
In TN, Too small: 1270, set the buffer length as 15m
In TN, Too small: 1272, set the buffer length as 15m
In TN, Too small: 1276, set the buffer length as 15m
In TN, Too small: 1277, set the buffer length as 15m
In TN, Too small: 1278, set the buffer length as 15m
In TN, Too small: 1279, set the buffer length as 15m
In TN, Too small: 1280, set the buffer length as 15m
In TN, Too small: 1290, set the buffer length as 15m
In TN, Too small: 1291, set the buffer length as 15m
In TN, Too small: 1292, set the buffer length as 15m
In TN, Too small: 1295, set the buffer length as 15m
In TN, Too small: 1297, set the buffer length as 15m
In TN, Too small: 1300, set the buffer length as 15m
In TN, Too small: 1303, set the buffer length as 15m
In TN, Too small: 1308, set the buffer length as 15m
In TN, Too small: 1309, set the buffer length as 15m
In TN, Too small: 1312, set the buffer length as 15m
In TN, Too small: 1314, set the buffer length as 15m
In TN, Too small: 1318, set the buffer length as 15m
In TN, Too small: 1331, set the buffer length as 15m
In TN, Too small: 1332, set the buffer length as 15m
In TN, Too small: 1334, set the buffer length as 15m
In TN, Too small: 1339, set the buffer length as 15m
In TN, Too small: 1340, set the buffer length as 15m
In TN, Too small: 1341, set the buffer length as 15m
In TN, Too small: 1344, set the buffer length as 15m
In TN, Too small: 1346, set the buffer length as 15m
In TN, Too small: 1347, set the buffer length as 15m
In TN, Too small: 1348, set the buffer length as 15m
In TN, Too small: 1353, set the buffer length as 15m
In TN, Too small: 1362, set the buffer length as 15m
In TN, Too small: 1364, set the buffer length as 15m
In TN, Too small: 1368, set the buffer length as 15m
In TN, Too small: 1373, set the buffer length as 15m
In TN, Too small: 1374, set the buffer length as 15m
In TN, Too small: 1378, set the buffer length as 15m
In TN, Too small: 1380, set the buffer length as 15m
In TN, Too small: 1381, set the buffer length as 15m
In TN, Too small: 1382, set the buffer length as 15m
In TN, Too small: 1383, set the buffer length as 15m
In TN, Too small: 1386, set the buffer length as 15m
In TN, Too small: 1388, set the buffer length as 15m
In TN, Too small: 1391, set the buffer length as 15m
In TN, Too small: 1392, set the buffer length as 15m
In TN, Too small: 1394, set the buffer length as 15m
In TN, Too small: 1396, set the buffer length as 15m
In TN, Too small: 1399, set the buffer length as 15m
In TN, Too small: 1406, set the buffer length as 15m
In TN, Too small: 1411, set the buffer length as 15m
In TN, Too small: 1415, set the buffer length as 15m
In TN, Too small: 1421, set the buffer length as 15m
In TN, Too small: 1423, set the buffer length as 15m
In TN, Too small: 1424, set the buffer length as 15m
In TN, Too small: 1426, set the buffer length as 15m
In TN, Too small: 1427, set the buffer length as 15m
In TN, Too small: 1433, set the buffer length as 15m
In TN, Too small: 1434, set the buffer length as 15m
In TN, Too small: 1435, set the buffer length as 15m
In TN, Too small: 1436, set the buffer length as 15m
In TN, Too small: 1437, set the buffer length as 15m
In TN, Too small: 1438, set the buffer length as 15m
In TN, Too small: 1439, set the buffer length as 15m
In TN, Too small: 1446, set the buffer length as 15m
In TN, Too small: 1447, set the buffer length as 15m
In TN, Too small: 1450, set the buffer length as 15m
In TN, Too small: 1458, set the buffer length as 15m
In TN, Too small: 1463, set the buffer length as 15m
In TN, Too small: 1468, set the buffer length as 15m
In TN, Too small: 1470, set the buffer length as 15m
In TN, Too small: 1473, set the buffer length as 15m
In TN, Too small: 1475, set the buffer length as 15m
In TN, Too small: 1477, set the buffer length as 15m
In TN, Too small: 1479, set the buffer length as 15m
In TN, Too small: 1480, set the buffer length as 15m
In TN, Too small: 1483, set the buffer length as 15m
In TN, Too small: 1484, set the buffer length as 15m
In TN, Too small: 1485, set the buffer length as 15m
In TN, Too small: 1486, set the buffer length as 15m
In TN, Too small: 1487, set the buffer length as 15m
In TN, Too small: 1492, set the buffer length as 15m
In TN, Too small: 1493, set the buffer length as 15m
In TN, Too small: 1495, set the buffer length as 15m
In TN, Too small: 1496, set the buffer length as 15m
In TN, Too small: 1497, set the buffer length as 15m
In TN, Too small: 1498, set the buffer length as 15m
In TN, Too small: 1499, set the buffer length as 15m
In TN, Too small: 1502, set the buffer length as 15m
In TN, Too small: 1503, set the buffer length as 15m
In TN, Too small: 1504, set the buffer length as 15m
In TN, Too small: 1506, set the buffer length as 15m
In TN, Too small: 1509, set the buffer length as 15m
In TN, Too small: 1510, set the buffer length as 15m
In TN, Too small: 1511, set the buffer length as 15m
In TN, Too small: 1512, set the buffer length as 15m
In TN, Too small: 1514, set the buffer length as 15m
In TN, Too small: 1515, set the buffer length as 15m
In TN, Too small: 1516, set the buffer length as 15m
In TN, Too small: 1519, set the buffer length as 15m
In TN, Too small: 1521, set the buffer length as 15m
In TN, Too small: 1523, set the buffer length as 15m
In TN, Too small: 1525, set the buffer length as 15m
In TN, Too small: 1527, set the buffer length as 15m
In TN, Too small: 1528, set the buffer length as 15m
In TN, Too small: 1532, set the buffer length as 15m
In TN, Too small: 1534, set the buffer length as 15m
In TN, Too small: 1535, set the buffer length as 15m
In TN, Too small: 1538, set the buffer length as 15m
In TN, Too small: 1539, set the buffer length as 15m
In TN, Too small: 1544, set the buffer length as 15m
In TN, Too small: 1545, set the buffer length as 15m
In TN, Too small: 1546, set the buffer length as 15m
In TN, Too small: 1547, set the buffer length as 15m
In TN, Too small: 1549, set the buffer length as 15m
In TN, Too small: 1550, set the buffer length as 15m
In TN, Too small: 1551, set the buffer length as 15m
In TN, Too small: 1552, set the buffer length as 15m
In TN, Too small: 1553, set the buffer length as 15m
In TN, Too small: 1555, set the buffer length as 15m
In TN, Too small: 1558, set the buffer length as 15m
In TN, Too small: 1559, set the buffer length as 15m
In TN, Too small: 1560, set the buffer length as 15m
In TN, Too small: 1564, set the buffer length as 15m
In TN, Too small: 1565, set the buffer length as 15m
In TN, Too small: 1566, set the buffer length as 15m
In TN, Too small: 1569, set the buffer length as 15m
In TN, Too small: 1572, set the buffer length as 15m
In TN, Too small: 1574, set the buffer length as 15m
In TN, Too small: 1575, set the buffer length as 15m
In TN, Too small: 1577, set the buffer length as 15m
In TN, Too small: 1578, set the buffer length as 15m
In TN, Too small: 1580, set the buffer length as 15m
In TN, Too small: 1583, set the buffer length as 15m
In TN, Too small: 1584, set the buffer length as 15m
In TN, Too small: 1587, set the buffer length as 15m
In TN, Too small: 1588, set the buffer length as 15m
In TN, Too small: 1590, set the buffer length as 15m
In TN, Too small: 1592, set the buffer length as 15m
In TN, Too small: 1593, set the buffer length as 15m
In TN, Too small: 1594, set the buffer length as 15m
In TN, Too small: 1595, set the buffer length as 15m
In TN, Too small: 1597, set the buffer length as 15m
In TN, Too small: 1598, set the buffer length as 15m
In TN, Too small: 1600, set the buffer length as 15m
In TN, Too small: 1602, set the buffer length as 15m
In TN, Too small: 1608, set the buffer length as 15m
In TN, Too small: 1610, set the buffer length as 15m
In TN, Too small: 1614, set the buffer length as 15m
In TN, Too small: 1615, set the buffer length as 15m
In TN, Too small: 1616, set the buffer length as 15m
In TN, Too small: 1617, set the buffer length as 15m
In TN, Too small: 1618, set the buffer length as 15m
In TN, Too small: 1619, set the buffer length as 15m
In TN, Too small: 1620, set the buffer length as 15m
In TN, Too small: 1621, set the buffer length as 15m
In TN, Too small: 1624, set the buffer length as 15m
In TN, Too small: 1628, set the buffer length as 15m
In TN, Too small: 1630, set the buffer length as 15m
In TN, Too small: 1631, set the buffer length as 15m
In TN, Too small: 1633, set the buffer length as 15m
In TN, Too small: 1635, set the buffer length as 15m
In TN, Too small: 1636, set the buffer length as 15m
In TN, Too small: 1637, set the buffer length as 15m
In TN, Too small: 1640, set the buffer length as 15m
In TN, Too small: 1641, set the buffer length as 15m
In TN, Too small: 1643, set the buffer length as 15m
In TN, Too small: 1645, set the buffer length as 15m
In TN, Too small: 1646, set the buffer length as 15m
In TN, Too small: 1647, set the buffer length as 15m
In TN, Too small: 1648, set the buffer length as 15m
In TN, Too small: 1652, set the buffer length as 15m
In TN, Too small: 1653, set the buffer length as 15m
In TN, Too small: 1655, set the buffer length as 15m
In TN, Too small: 1656, set the buffer length as 15m
In TN, Too small: 1657, set the buffer length as 15m
In TN, Too small: 1659, set the buffer length as 15m
In TN, Too small: 1660, set the buffer length as 15m
In TN, Too small: 1661, set the buffer length as 15m
In TN, Too small: 1663, set the buffer length as 15m
In TN, Too small: 1665, set the buffer length as 15m
In TN, Too small: 1667, set the buffer length as 15m
In TN, Too small: 1668, set the buffer length as 15m
In TN, Too small: 1669, set the buffer length as 15m
In TN, Too small: 1670, set the buffer length as 15m
In TN, Too small: 1671, set the buffer length as 15m
In TN, Too small: 1676, set the buffer length as 15m
In TN, Too small: 1678, set the buffer length as 15m
In TN, Too small: 1680, set the buffer length as 15m
In TN, Too small: 1681, set the buffer length as 15m
In TN, Too small: 1682, set the buffer length as 15m
In TN, Too small: 1684, set the buffer length as 15m
In TN, Too small: 1685, set the buffer length as 15m
In TN, Too small: 1686, set the buffer length as 15m
In TN, Too small: 1687, set the buffer length as 15m
In TN, Too small: 1688, set the buffer length as 15m
In TN, Too small: 1689, set the buffer length as 15m
In TN, Too small: 1691, set the buffer length as 15m
In TN, Too small: 1692, set the buffer length as 15m
In TN, Too small: 1693, set the buffer length as 15m
In TN, Too small: 1694, set the buffer length as 15m
In TN, Too small: 1695, set the buffer length as 15m
In TN, Too small: 1696, set the buffer length as 15m
In TN, Too small: 1697, set the buffer length as 15m
In TN, Too small: 1698, set the buffer length as 15m
In TN, Too small: 1699, set the buffer length as 15m
In TN, Too small: 1701, set the buffer length as 15m
In TN, Too small: 1703, set the buffer length as 15m
In TN, Too small: 1704, set the buffer length as 15m
In TN, Too small: 1707, set the buffer length as 15m
In TN, Too small: 1710, set the buffer length as 15m
In TN, Too small: 1711, set the buffer length as 15m
In TN, Too small: 1712, set the buffer length as 15m
In TN, Too small: 1714, set the buffer length as 15m
In TN, Too small: 1715, set the buffer length as 15m
In TN, Too small: 1716, set the buffer length as 15m
In TN, Too small: 1717, set the buffer length as 15m
In TN, Too small: 1719, set the buffer length as 15m
In TN, Too small: 1721, set the buffer length as 15m
In TN, Too small: 1724, set the buffer length as 15m
In TN, Too small: 1725, set the buffer length as 15m
In TN, Too small: 1732, set the buffer length as 15m
In TN, Too small: 1733, set the buffer length as 15m
In TN, Too small: 1734, set the buffer length as 15m
In TN, Too small: 1738, set the buffer length as 15m
In TN, Too small: 1740, set the buffer length as 15m
In TN, Too small: 1743, set the buffer length as 15m
In TN, Too small: 1744, set the buffer length as 15m
In TN, Too small: 1745, set the buffer length as 15m
In TN, Too small: 1746, set the buffer length as 15m
In TN, Too small: 1751, set the buffer length as 15m
In TN, Too small: 1752, set the buffer length as 15m
In TN, Too small: 1753, set the buffer length as 15m
In TN, Too small: 1756, set the buffer length as 15m
In TN, Too small: 1757, set the buffer length as 15m
In TN, Too small: 1760, set the buffer length as 15m
In TN, Too small: 1764, set the buffer length as 15m
In TN, Too small: 1766, set the buffer length as 15m
In TN, Too small: 1767, set the buffer length as 15m
In TN, Too small: 1768, set the buffer length as 15m
In TN, Too small: 1771, set the buffer length as 15m
In TN, Too small: 1774, set the buffer length as 15m
In TN, Too small: 1775, set the buffer length as 15m
In TN, Too small: 1776, set the buffer length as 15m
In TN, Too small: 1777, set the buffer length as 15m
In TN, Too small: 1779, set the buffer length as 15m
In TN, Too small: 1781, set the buffer length as 15m
In TN, Too small: 1784, set the buffer length as 15m
In TN, Too small: 1785, set the buffer length as 15m
In TN, Too small: 1786, set the buffer length as 15m
In TN, Too small: 1787, set the buffer length as 15m
In TN, Too small: 1789, set the buffer length as 15m
In TN, Too small: 1790, set the buffer length as 15m
In TN, Too small: 1791, set the buffer length as 15m
In TN, Too small: 1794, set the buffer length as 15m
In TN, Too small: 1795, set the buffer length as 15m
In TN, Too small: 1799, set the buffer length as 15m
In TN, Too small: 1800, set the buffer length as 15m
In TN, Too small: 1801, set the buffer length as 15m
In TN, Too small: 1803, set the buffer length as 15m
In TN, Too small: 1805, set the buffer length as 15m
In TN, Too small: 1806, set the buffer length as 15m
In TN, Too small: 1807, set the buffer length as 15m
In TN, Too small: 1809, set the buffer length as 15m
In TN, Too small: 1810, set the buffer length as 15m
In TN, Too small: 1811, set the buffer length as 15m
In TN, Too small: 1813, set the buffer length as 15m
In TN, Too small: 1814, set the buffer length as 15m
In TN, Too small: 1815, set the buffer length as 15m
In TN, Too small: 1816, set the buffer length as 15m
In TN, Too small: 1818, set the buffer length as 15m
In TN, Too small: 1819, set the buffer length as 15m
In TN, Too small: 1822, set the buffer length as 15m
In TN, Too small: 1827, set the buffer length as 15m
In TN, Too small: 1829, set the buffer length as 15m
In TN, Too small: 1830, set the buffer length as 15m
In TN, Too small: 1831, set the buffer length as 15m
In TN, Too small: 1832, set the buffer length as 15m
In TN, Too small: 1834, set the buffer length as 15m
In TN, Too small: 1835, set the buffer length as 15m
In TN, Too small: 1837, set the buffer length as 15m
In TN, Too small: 1839, set the buffer length as 15m
In TN, Too small: 1842, set the buffer length as 15m
In TN, Too small: 1844, set the buffer length as 15m
In TN, Too small: 1845, set the buffer length as 15m
In TN, Too small: 1848, set the buffer length as 15m
In TN, Too small: 1850, set the buffer length as 15m
In TN, Too small: 1852, set the buffer length as 15m
In TN, Too small: 1853, set the buffer length as 15m
In TN, Too small: 1854, set the buffer length as 15m
In TN, Too small: 1855, set the buffer length as 15m
In TN, Too small: 1856, set the buffer length as 15m
In TN, Too small: 1857, set the buffer length as 15m
In TN, Too small: 1858, set the buffer length as 15m
In TN, Too small: 1859, set the buffer length as 15m
In TN, Too small: 1860, set the buffer length as 15m
In TN, Too small: 1863, set the buffer length as 15m
In TN, Too small: 1864, set the buffer length as 15m
In TN, Too small: 1865, set the buffer length as 15m
In TN, Too small: 1866, set the buffer length as 15m
In TN, Too small: 1868, set the buffer length as 15m
In TN, Too small: 1869, set the buffer length as 15m
In TN, Too small: 1870, set the buffer length as 15m
In TN, Too small: 1873, set the buffer length as 15m
In TN, Too small: 1874, set the buffer length as 15m
In TN, Too small: 1875, set the buffer length as 15m
In TN, Too small: 1877, set the buffer length as 15m
In TN, Too small: 1878, set the buffer length as 15m
In TN, Too small: 1880, set the buffer length as 15m
In TN, Too small: 1881, set the buffer length as 15m
In TN, Too small: 1882, set the buffer length as 15m
In TN, Too small: 1883, set the buffer length as 15m
In TN, Too small: 1884, set the buffer length as 15m
In TN, Too small: 1889, set the buffer length as 15m
In TN, Too small: 1890, set the buffer length as 15m
In TN, Too small: 1892, set the buffer length as 15m
In TN, Too small: 1893, set the buffer length as 15m
In TN, Too small: 1894, set the buffer length as 15m
In TN, Too small: 1895, set the buffer length as 15m
In TN, Too small: 1896, set the buffer length as 15m
In TN, Too small: 1898, set the buffer length as 15m
In TN, Too small: 1899, set the buffer length as 15m
In TN, Too small: 1901, set the buffer length as 15m
In TN, Too small: 1902, set the buffer length as 15m
In TN, Too small: 1903, set the buffer length as 15m
In TN, Too small: 1904, set the buffer length as 15m
In TN, Too small: 1905, set the buffer length as 15m
In TN, Too small: 1906, set the buffer length as 15m
In TN, Too small: 1908, set the buffer length as 15m
In TN, Too small: 1909, set the buffer length as 15m
In TN, Too small: 1910, set the buffer length as 15m
In TN, Too small: 1911, set the buffer length as 15m
In TN, Too small: 1912, set the buffer length as 15m
In TN, Too small: 1914, set the buffer length as 15m
In TN, Too small: 1915, set the buffer length as 15m
In TN, Too small: 1916, set the buffer length as 15m
In TN, Too small: 1917, set the buffer length as 15m
In TN, Too small: 1920, set the buffer length as 15m
In TN, Too small: 1921, set the buffer length as 15m
In TN, Too small: 1922, set the buffer length as 15m
In TN, Too small: 1923, set the buffer length as 15m
In TN, Too small: 1924, set the buffer length as 15m
In TN, Too small: 1925, set the buffer length as 15m
In TN, Too small: 1926, set the buffer length as 15m
In TN, Too small: 1927, set the buffer length as 15m
In TN, Too small: 1928, set the buffer length as 15m
In TN, Too small: 1929, set the buffer length as 15m
In TN, Too small: 1930, set the buffer length as 15m
In TN, Too small: 1931, set the buffer length as 15m
In TN, Too small: 1932, set the buffer length as 15m
In TN, Too small: 1933, set the buffer length as 15m
In TN, Too small: 1934, set the buffer length as 15m
In TN, Too small: 1935, set the buffer length as 15m
In TN, Too small: 1936, set the buffer length as 15m
In TN, Too small: 1937, set the buffer length as 15m
In TN, Too small: 1938, set the buffer length as 15m
In TN, Too small: 1939, set the buffer length as 15m
In TN, Too small: 1940, set the buffer length as 15m
In TN, Too small: 1942, set the buffer length as 15m
In TN, Too small: 1943, set the buffer length as 15m
In TN, Too small: 1944, set the buffer length as 15m
In TN, Too small: 1945, set the buffer length as 15m
In TN, Too small: 1946, set the buffer length as 15m
In TN, Too small: 1947, set the buffer length as 15m
In TN, Too small: 1949, set the buffer length as 15m
In TN, Too small: 1950, set the buffer length as 15m
In TN, Too small: 1951, set the buffer length as 15m
In TN, Too small: 1952, set the buffer length as 15m
In TN, Too small: 1953, set the buffer length as 15m
In TN, Too small: 1954, set the buffer length as 15m
In TN, Too small: 1956, set the buffer length as 15m
In TN, Too small: 1957, set the buffer length as 15m
In TN, Too small: 1958, set the buffer length as 15m
In TN, Too small: 1961, set the buffer length as 15m
In TN, Too small: 1962, set the buffer length as 15m
In TN, Too small: 1963, set the buffer length as 15m
In TN, Too small: 1964, set the buffer length as 15m
In TN, Too small: 1966, set the buffer length as 15m
In TN, Too small: 1967, set the buffer length as 15m
In TN, Too small: 1968, set the buffer length as 15m
In TN, Too small: 1970, set the buffer length as 15m
In TN, Too small: 1971, set the buffer length as 15m
In TN, Too small: 1972, set the buffer length as 15m
In TN, Too small: 1973, set the buffer length as 15m
In TN, Too small: 1974, set the buffer length as 15m
In TN, Too small: 1976, set the buffer length as 15m
In TN, Too small: 1977, set the buffer length as 15m
In TN, Too small: 1978, set the buffer length as 15m
In TN, Too small: 1979, set the buffer length as 15m
In TN, Too small: 1980, set the buffer length as 15m
In TN, Too small: 1981, set the buffer length as 15m
In TN, Too small: 1982, set the buffer length as 15m
In TN, Too small: 1984, set the buffer length as 15m
In TN, Too small: 1986, set the buffer length as 15m
In TN, Too small: 1987, set the buffer length as 15m
In TN, Too small: 1988, set the buffer length as 15m
In TN, Too small: 1989, set the buffer length as 15m
In TN, Too small: 1990, set the buffer length as 15m
In TN, Too small: 1991, set the buffer length as 15m
In TN, Too small: 1992, set the buffer length as 15m
In TN, Too small: 1994, set the buffer length as 15m
In TN, Too small: 1995, set the buffer length as 15m
In TN, Too small: 1997, set the buffer length as 15m
In TN, Too small: 1999, set the buffer length as 15m
In TN, Too small: 2001, set the buffer length as 15m
In TN, Too small: 2004, set the buffer length as 15m
In TN, Too small: 2005, set the buffer length as 15m
In TN, Too small: 2006, set the buffer length as 15m
In TN, Too small: 2007, set the buffer length as 15m
In TN, Too small: 2009, set the buffer length as 15m
In TN, Too small: 2010, set the buffer length as 15m
In TN, Too small: 2012, set the buffer length as 15m
In TN, Too small: 2013, set the buffer length as 15m
In TN, Too small: 2015, set the buffer length as 15m
In TN, Too small: 2017, set the buffer length as 15m
In TN, Too small: 2018, set the buffer length as 15m
In TN, Too small: 2019, set the buffer length as 15m
In TN, Too small: 2021, set the buffer length as 15m
In TN, Too small: 2022, set the buffer length as 15m
In TN, Too small: 2025, set the buffer length as 15m
In TN, Too small: 2026, set the buffer length as 15m
In TN, Too small: 2028, set the buffer length as 15m
In TN, Too small: 2029, set the buffer length as 15m
In TN, Too small: 2032, set the buffer length as 15m
In TN, Too small: 2033, set the buffer length as 15m
In TN, Too small: 2036, set the buffer length as 15m
In TN, Too small: 2037, set the buffer length as 15m
In TN, Too small: 2040, set the buffer length as 15m
In TN, Too small: 2042, set the buffer length as 15m
In TN, Too small: 2043, set the buffer length as 15m
In TN, Too small: 2045, set the buffer length as 15m
In TN, Too small: 2051, set the buffer length as 15m
In TN, Too small: 2053, set the buffer length as 15m
In TN, Too small: 2057, set the buffer length as 15m
In TN, Too small: 2058, set the buffer length as 15m
In TN, Too small: 2060, set the buffer length as 15m
In TN, Too small: 2067, set the buffer length as 15m
In TN, Too small: 2071, set the buffer length as 15m
In TN, Too small: 2072, set the buffer length as 15m
In TN, Too small: 2075, set the buffer length as 15m
In TN, Too small: 2077, set the buffer length as 15m
In TN, Too small: 2078, set the buffer length as 15m
In TN, Too small: 2080, set the buffer length as 15m
In TN, Too small: 2081, set the buffer length as 15m
In TN, Too small: 2083, set the buffer length as 15m
In TN, Too small: 2085, set the buffer length as 15m
In TN, Too small: 2087, set the buffer length as 15m
In TN, Too small: 2088, set the buffer length as 15m
In TN, Too small: 2089, set the buffer length as 15m
In TN, Too small: 2090, set the buffer length as 15m
In TN, Too small: 2092, set the buffer length as 15m
In TN, Too small: 2093, set the buffer length as 15m
In TN, Too small: 2094, set the buffer length as 15m
In TN, Too small: 2095, set the buffer length as 15m
In TN, Too small: 2096, set the buffer length as 15m
In TN, Too small: 2097, set the buffer length as 15m
In TN, Too small: 2098, set the buffer length as 15m
In TN, Too small: 2099, set the buffer length as 15m
In TN, Too small: 2100, set the buffer length as 15m
In TN, Too small: 2102, set the buffer length as 15m
In TN, Too small: 2103, set the buffer length as 15m
In TN, Too small: 2104, set the buffer length as 15m
In TN, Too small: 2105, set the buffer length as 15m
In TN, Too small: 2106, set the buffer length as 15m
In TN, Too small: 2108, set the buffer length as 15m
In TN, Too small: 2109, set the buffer length as 15m
In TN, Too small: 2110, set the buffer length as 15m
In TN, Too small: 2111, set the buffer length as 15m
In TN, Too small: 2112, set the buffer length as 15m
In TN, Too small: 2113, set the buffer length as 15m
In TN, Too small: 2114, set the buffer length as 15m
In TN, Too small: 2116, set the buffer length as 15m
In TN, Too small: 2117, set the buffer length as 15m
In TN, Too small: 2118, set the buffer length as 15m
In TN, Too small: 2120, set the buffer length as 15m
In TN, Too small: 2121, set the buffer length as 15m
In TN, Too small: 2123, set the buffer length as 15m
In TN, Too small: 2124, set the buffer length as 15m
In TN, Too small: 2127, set the buffer length as 15m
In TN, Too small: 2130, set the buffer length as 15m
In TN, Too small: 2133, set the buffer length as 15m
In TN, Too small: 2134, set the buffer length as 15m
In TN, Too small: 2135, set the buffer length as 15m
In TN, Too small: 2136, set the buffer length as 15m
In TN, Too small: 2137, set the buffer length as 15m
In TN, Too small: 2138, set the buffer length as 15m
In TN, Too small: 2139, set the buffer length as 15m
In TN, Too small: 2140, set the buffer length as 15m
In TN, Too small: 2141, set the buffer length as 15m
In TN, Too small: 2142, set the buffer length as 15m
In TN, Too small: 2143, set the buffer length as 15m
In TN, Too small: 2144, set the buffer length as 15m
In TN, Too small: 2146, set the buffer length as 15m
In TN, Too small: 2148, set the buffer length as 15m
In TN, Too small: 2149, set the buffer length as 15m
In TN, Too small: 2150, set the buffer length as 15m
In TN, Too small: 2151, set the buffer length as 15m
In TN, Too small: 2152, set the buffer length as 15m
In TN, Too small: 2153, set the buffer length as 15m
In TN, Too small: 2154, set the buffer length as 15m
In TN, Too small: 2155, set the buffer length as 15m
In TN, Too small: 2157, set the buffer length as 15m
In TN, Too small: 2158, set the buffer length as 15m
In TN, Too small: 2160, set the buffer length as 15m
In TN, Too small: 2161, set the buffer length as 15m
In TN, Too small: 2162, set the buffer length as 15m
In TN, Too small: 2163, set the buffer length as 15m
In TN, Too small: 2164, set the buffer length as 15m
In TN, Too small: 2166, set the buffer length as 15m
In TN, Too small: 2167, set the buffer length as 15m
In TN, Too small: 2168, set the buffer length as 15m
In TN, Too small: 2170, set the buffer length as 15m
In TN, Too small: 2171, set the buffer length as 15m
In TN, Too small: 2172, set the buffer length as 15m
In TN, Too small: 2174, set the buffer length as 15m
In TN, Too small: 2175, set the buffer length as 15m
In TN, Too small: 2176, set the buffer length as 15m
In TN, Too small: 2177, set the buffer length as 15m
In TN, Too small: 2178, set the buffer length as 15m
In TN, Too small: 2179, set the buffer length as 15m
In TN, Too small: 2180, set the buffer length as 15m
In TN, Too small: 2181, set the buffer length as 15m
In TN, Too small: 2182, set the buffer length as 15m
In TN, Too small: 2184, set the buffer length as 15m
In TN, Too small: 2185, set the buffer length as 15m
In TN, Too small: 2186, set the buffer length as 15m
In TN, Too small: 2187, set the buffer length as 15m
In TN, Too small: 2189, set the buffer length as 15m
In TN, Too small: 2192, set the buffer length as 15m
In TN, Too small: 2193, set the buffer length as 15m
In TN, Too small: 2194, set the buffer length as 15m
In TN, Too small: 2195, set the buffer length as 15m
In TN, Too small: 2197, set the buffer length as 15m
In TN, Too small: 2198, set the buffer length as 15m
File exists.
SC
#Total: 7514
In SC, Too small: 557, set the buffer length as 15m
In SC, Too small: 1677, set the buffer length as 15m
In SC, Too small: 3169, set the buffer length as 15m
In SC, Too small: 4726, set the buffer length as 15m
In SC, Too small: 5244, set the buffer length as 15m
In SC, Too small: 5550, set the buffer length as 15m
In SC, Too small: 6090, set the buffer length as 15m
In SC, Too small: 6347, set the buffer length as 15m
In SC, Too small: 6510, set the buffer length as 15m
In SC, Too small: 6511, set the buffer length as 15m
In SC, Too small: 6534, set the buffer length as 15m
In SC, Too small: 6797, set the buffer length as 15m
In SC, Too small: 6802, set the buffer length as 15m
In SC, Too small: 6806, set the buffer length as 15m
In SC, Too small: 6862, set the buffer length as 15m
In SC, Too small: 6893, set the buffer length as 15m
In SC, Too small: 7010, set the buffer length as 15m
In SC, Too small: 7309, set the buffer length as 15m
In SC, Too small: 7389, set the buffer length as 15m
File exists.
NC
#Total: 889
File exists.
FL
#Total: 14875
File exists.
AL
#Total: 12396
In AL, Too small: 1740, set the buffer length as 15m
In AL, Too small: 1899, set the buffer length as 15m
In AL, Too small: 4805, set the buffer length as 15m
In AL, Too small: 4933, set the buffer length as 15m
In AL, Too small: 5670, set the buffer length as 15m
In AL, Too small: 7607, set the buffer length as 15m
In AL, Too small: 8357, set the buffer length as 15m
In AL, Too small: 8511, set the buffer length as 15m
In AL, Too small: 8644, set the buffer length as 15m
In AL, Too small: 11932, set the buffer length as 15m
File exists.
MS
#Total: 3742
File exists.
GA
#Total: 46356
File exists.
TN
#Total: 2850
In TN, Too small: 1, set the buffer length as 15m
In TN, Too small: 2, set the buffer length as 15m
In TN, Too small: 3, set the buffer length as 15m
In TN, Too small: 4, set the buffer length as 15m
In TN, Too small: 6, set the buffer length as 15m
In TN, Too small: 8, set the buffer length as 15m
In TN, Too small: 9, set the buffer length as 15m
In TN, Too small: 10, set the buffer length as 15m
In TN, Too small: 11, set the buffer length as 15m
In TN, Too small: 12, set the buffer length as 15m
In TN, Too small: 13, set the buffer length as 15m
In TN, Too small: 14, set the buffer length as 15m
In TN, Too small: 15, set the buffer length as 15m
In TN, Too small: 16, set the buffer length as 15m
In TN, Too small: 17, set the buffer length as 15m
In TN, Too small: 18, set the buffer length as 15m
In TN, Too small: 19, set the buffer length as 15m
In TN, Too small: 20, set the buffer length as 15m
In TN, Too small: 21, set the buffer length as 15m
In TN, Too small: 22, set the buffer length as 15m
In TN, Too small: 24, set the buffer length as 15m
In TN, Too small: 25, set the buffer length as 15m
In TN, Too small: 27, set the buffer length as 15m
In TN, Too small: 28, set the buffer length as 15m
In TN, Too small: 29, set the buffer length as 15m
In TN, Too small: 31, set the buffer length as 15m
In TN, Too small: 32, set the buffer length as 15m
In TN, Too small: 33, set the buffer length as 15m
In TN, Too small: 34, set the buffer length as 15m
In TN, Too small: 35, set the buffer length as 15m
In TN, Too small: 37, set the buffer length as 15m
In TN, Too small: 38, set the buffer length as 15m
In TN, Too small: 40, set the buffer length as 15m
In TN, Too small: 42, set the buffer length as 15m
In TN, Too small: 43, set the buffer length as 15m
In TN, Too small: 44, set the buffer length as 15m
In TN, Too small: 45, set the buffer length as 15m
In TN, Too small: 46, set the buffer length as 15m
In TN, Too small: 47, set the buffer length as 15m
In TN, Too small: 48, set the buffer length as 15m
In TN, Too small: 49, set the buffer length as 15m
In TN, Too small: 50, set the buffer length as 15m
In TN, Too small: 51, set the buffer length as 15m
In TN, Too small: 52, set the buffer length as 15m
In TN, Too small: 53, set the buffer length as 15m
In TN, Too small: 55, set the buffer length as 15m
In TN, Too small: 56, set the buffer length as 15m
In TN, Too small: 57, set the buffer length as 15m
In TN, Too small: 59, set the buffer length as 15m
In TN, Too small: 60, set the buffer length as 15m
In TN, Too small: 61, set the buffer length as 15m
In TN, Too small: 62, set the buffer length as 15m
In TN, Too small: 63, set the buffer length as 15m
In TN, Too small: 64, set the buffer length as 15m
In TN, Too small: 66, set the buffer length as 15m
In TN, Too small: 67, set the buffer length as 15m
In TN, Too small: 68, set the buffer length as 15m
In TN, Too small: 69, set the buffer length as 15m
In TN, Too small: 70, set the buffer length as 15m
In TN, Too small: 71, set the buffer length as 15m
In TN, Too small: 72, set the buffer length as 15m
In TN, Too small: 73, set the buffer length as 15m
In TN, Too small: 74, set the buffer length as 15m
In TN, Too small: 77, set the buffer length as 15m
In TN, Too small: 78, set the buffer length as 15m
In TN, Too small: 79, set the buffer length as 15m
In TN, Too small: 80, set the buffer length as 15m
In TN, Too small: 81, set the buffer length as 15m
In TN, Too small: 82, set the buffer length as 15m
In TN, Too small: 83, set the buffer length as 15m
In TN, Too small: 84, set the buffer length as 15m
In TN, Too small: 85, set the buffer length as 15m
In TN, Too small: 86, set the buffer length as 15m
In TN, Too small: 87, set the buffer length as 15m
In TN, Too small: 88, set the buffer length as 15m
In TN, Too small: 89, set the buffer length as 15m
In TN, Too small: 91, set the buffer length as 15m
In TN, Too small: 92, set the buffer length as 15m
In TN, Too small: 95, set the buffer length as 15m
In TN, Too small: 96, set the buffer length as 15m
In TN, Too small: 97, set the buffer length as 15m
In TN, Too small: 98, set the buffer length as 15m
In TN, Too small: 100, set the buffer length as 15m
In TN, Too small: 102, set the buffer length as 15m
In TN, Too small: 105, set the buffer length as 15m
In TN, Too small: 106, set the buffer length as 15m
In TN, Too small: 107, set the buffer length as 15m
In TN, Too small: 108, set the buffer length as 15m
In TN, Too small: 109, set the buffer length as 15m
In TN, Too small: 111, set the buffer length as 15m
In TN, Too small: 112, set the buffer length as 15m
In TN, Too small: 113, set the buffer length as 15m
In TN, Too small: 114, set the buffer length as 15m
In TN, Too small: 115, set the buffer length as 15m
In TN, Too small: 116, set the buffer length as 15m
In TN, Too small: 118, set the buffer length as 15m
In TN, Too small: 120, set the buffer length as 15m
In TN, Too small: 121, set the buffer length as 15m
In TN, Too small: 122, set the buffer length as 15m
In TN, Too small: 123, set the buffer length as 15m
In TN, Too small: 124, set the buffer length as 15m
In TN, Too small: 126, set the buffer length as 15m
In TN, Too small: 129, set the buffer length as 15m
In TN, Too small: 130, set the buffer length as 15m
In TN, Too small: 131, set the buffer length as 15m
In TN, Too small: 136, set the buffer length as 15m
In TN, Too small: 139, set the buffer length as 15m
In TN, Too small: 141, set the buffer length as 15m
In TN, Too small: 142, set the buffer length as 15m
In TN, Too small: 148, set the buffer length as 15m
In TN, Too small: 150, set the buffer length as 15m
In TN, Too small: 152, set the buffer length as 15m
In TN, Too small: 153, set the buffer length as 15m
In TN, Too small: 154, set the buffer length as 15m
In TN, Too small: 155, set the buffer length as 15m
In TN, Too small: 156, set the buffer length as 15m
In TN, Too small: 157, set the buffer length as 15m
In TN, Too small: 159, set the buffer length as 15m
In TN, Too small: 160, set the buffer length as 15m
In TN, Too small: 170, set the buffer length as 15m
In TN, Too small: 173, set the buffer length as 15m
In TN, Too small: 174, set the buffer length as 15m
In TN, Too small: 177, set the buffer length as 15m
In TN, Too small: 178, set the buffer length as 15m
In TN, Too small: 179, set the buffer length as 15m
In TN, Too small: 180, set the buffer length as 15m
In TN, Too small: 181, set the buffer length as 15m
In TN, Too small: 187, set the buffer length as 15m
In TN, Too small: 189, set the buffer length as 15m
In TN, Too small: 191, set the buffer length as 15m
In TN, Too small: 192, set the buffer length as 15m
In TN, Too small: 193, set the buffer length as 15m
In TN, Too small: 194, set the buffer length as 15m
In TN, Too small: 196, set the buffer length as 15m
In TN, Too small: 197, set the buffer length as 15m
In TN, Too small: 199, set the buffer length as 15m
In TN, Too small: 203, set the buffer length as 15m
In TN, Too small: 204, set the buffer length as 15m
In TN, Too small: 205, set the buffer length as 15m
In TN, Too small: 207, set the buffer length as 15m
In TN, Too small: 209, set the buffer length as 15m
In TN, Too small: 210, set the buffer length as 15m
In TN, Too small: 211, set the buffer length as 15m
In TN, Too small: 213, set the buffer length as 15m
In TN, Too small: 216, set the buffer length as 15m
In TN, Too small: 217, set the buffer length as 15m
In TN, Too small: 220, set the buffer length as 15m
In TN, Too small: 221, set the buffer length as 15m
In TN, Too small: 224, set the buffer length as 15m
In TN, Too small: 226, set the buffer length as 15m
In TN, Too small: 227, set the buffer length as 15m
In TN, Too small: 229, set the buffer length as 15m
In TN, Too small: 231, set the buffer length as 15m
In TN, Too small: 233, set the buffer length as 15m
In TN, Too small: 236, set the buffer length as 15m
In TN, Too small: 237, set the buffer length as 15m
In TN, Too small: 240, set the buffer length as 15m
In TN, Too small: 241, set the buffer length as 15m
In TN, Too small: 242, set the buffer length as 15m
In TN, Too small: 243, set the buffer length as 15m
In TN, Too small: 245, set the buffer length as 15m
In TN, Too small: 251, set the buffer length as 15m
In TN, Too small: 254, set the buffer length as 15m
In TN, Too small: 255, set the buffer length as 15m
In TN, Too small: 260, set the buffer length as 15m
In TN, Too small: 261, set the buffer length as 15m
In TN, Too small: 263, set the buffer length as 15m
In TN, Too small: 264, set the buffer length as 15m
In TN, Too small: 266, set the buffer length as 15m
In TN, Too small: 267, set the buffer length as 15m
In TN, Too small: 269, set the buffer length as 15m
In TN, Too small: 270, set the buffer length as 15m
In TN, Too small: 271, set the buffer length as 15m
In TN, Too small: 272, set the buffer length as 15m
In TN, Too small: 274, set the buffer length as 15m
In TN, Too small: 280, set the buffer length as 15m
In TN, Too small: 281, set the buffer length as 15m
In TN, Too small: 282, set the buffer length as 15m
In TN, Too small: 286, set the buffer length as 15m
In TN, Too small: 288, set the buffer length as 15m
In TN, Too small: 289, set the buffer length as 15m
In TN, Too small: 298, set the buffer length as 15m
In TN, Too small: 304, set the buffer length as 15m
In TN, Too small: 305, set the buffer length as 15m
In TN, Too small: 307, set the buffer length as 15m
In TN, Too small: 311, set the buffer length as 15m
In TN, Too small: 313, set the buffer length as 15m
In TN, Too small: 314, set the buffer length as 15m
In TN, Too small: 315, set the buffer length as 15m
In TN, Too small: 316, set the buffer length as 15m
In TN, Too small: 317, set the buffer length as 15m
In TN, Too small: 319, set the buffer length as 15m
In TN, Too small: 321, set the buffer length as 15m
In TN, Too small: 326, set the buffer length as 15m
In TN, Too small: 327, set the buffer length as 15m
In TN, Too small: 331, set the buffer length as 15m
In TN, Too small: 332, set the buffer length as 15m
In TN, Too small: 334, set the buffer length as 15m
In TN, Too small: 336, set the buffer length as 15m
In TN, Too small: 337, set the buffer length as 15m
In TN, Too small: 338, set the buffer length as 15m
In TN, Too small: 343, set the buffer length as 15m
In TN, Too small: 344, set the buffer length as 15m
In TN, Too small: 345, set the buffer length as 15m
In TN, Too small: 346, set the buffer length as 15m
In TN, Too small: 355, set the buffer length as 15m
In TN, Too small: 359, set the buffer length as 15m
In TN, Too small: 363, set the buffer length as 15m
In TN, Too small: 367, set the buffer length as 15m
In TN, Too small: 371, set the buffer length as 15m
In TN, Too small: 373, set the buffer length as 15m
In TN, Too small: 374, set the buffer length as 15m
In TN, Too small: 377, set the buffer length as 15m
In TN, Too small: 378, set the buffer length as 15m
In TN, Too small: 379, set the buffer length as 15m
In TN, Too small: 383, set the buffer length as 15m
In TN, Too small: 384, set the buffer length as 15m
In TN, Too small: 390, set the buffer length as 15m
In TN, Too small: 391, set the buffer length as 15m
In TN, Too small: 397, set the buffer length as 15m
In TN, Too small: 398, set the buffer length as 15m
In TN, Too small: 401, set the buffer length as 15m
In TN, Too small: 403, set the buffer length as 15m
In TN, Too small: 404, set the buffer length as 15m
In TN, Too small: 405, set the buffer length as 15m
In TN, Too small: 408, set the buffer length as 15m
In TN, Too small: 413, set the buffer length as 15m
In TN, Too small: 418, set the buffer length as 15m
In TN, Too small: 419, set the buffer length as 15m
In TN, Too small: 420, set the buffer length as 15m
In TN, Too small: 421, set the buffer length as 15m
In TN, Too small: 422, set the buffer length as 15m
In TN, Too small: 423, set the buffer length as 15m
In TN, Too small: 427, set the buffer length as 15m
In TN, Too small: 428, set the buffer length as 15m
In TN, Too small: 429, set the buffer length as 15m
In TN, Too small: 430, set the buffer length as 15m
In TN, Too small: 431, set the buffer length as 15m
In TN, Too small: 434, set the buffer length as 15m
In TN, Too small: 436, set the buffer length as 15m
In TN, Too small: 440, set the buffer length as 15m
In TN, Too small: 443, set the buffer length as 15m
In TN, Too small: 444, set the buffer length as 15m
In TN, Too small: 449, set the buffer length as 15m
In TN, Too small: 452, set the buffer length as 15m
In TN, Too small: 453, set the buffer length as 15m
In TN, Too small: 454, set the buffer length as 15m
In TN, Too small: 455, set the buffer length as 15m
In TN, Too small: 457, set the buffer length as 15m
In TN, Too small: 458, set the buffer length as 15m
In TN, Too small: 459, set the buffer length as 15m
In TN, Too small: 460, set the buffer length as 15m
In TN, Too small: 461, set the buffer length as 15m
In TN, Too small: 462, set the buffer length as 15m
In TN, Too small: 465, set the buffer length as 15m
In TN, Too small: 467, set the buffer length as 15m
In TN, Too small: 470, set the buffer length as 15m
In TN, Too small: 471, set the buffer length as 15m
In TN, Too small: 474, set the buffer length as 15m
In TN, Too small: 475, set the buffer length as 15m
In TN, Too small: 476, set the buffer length as 15m
In TN, Too small: 484, set the buffer length as 15m
In TN, Too small: 488, set the buffer length as 15m
In TN, Too small: 490, set the buffer length as 15m
In TN, Too small: 491, set the buffer length as 15m
In TN, Too small: 493, set the buffer length as 15m
In TN, Too small: 494, set the buffer length as 15m
In TN, Too small: 495, set the buffer length as 15m
In TN, Too small: 497, set the buffer length as 15m
In TN, Too small: 499, set the buffer length as 15m
In TN, Too small: 500, set the buffer length as 15m
In TN, Too small: 508, set the buffer length as 15m
In TN, Too small: 509, set the buffer length as 15m
In TN, Too small: 510, set the buffer length as 15m
In TN, Too small: 512, set the buffer length as 15m
In TN, Too small: 513, set the buffer length as 15m
In TN, Too small: 516, set the buffer length as 15m
In TN, Too small: 517, set the buffer length as 15m
In TN, Too small: 518, set the buffer length as 15m
In TN, Too small: 523, set the buffer length as 15m
In TN, Too small: 524, set the buffer length as 15m
In TN, Too small: 525, set the buffer length as 15m
In TN, Too small: 526, set the buffer length as 15m
In TN, Too small: 527, set the buffer length as 15m
In TN, Too small: 529, set the buffer length as 15m
In TN, Too small: 535, set the buffer length as 15m
In TN, Too small: 540, set the buffer length as 15m
In TN, Too small: 541, set the buffer length as 15m
In TN, Too small: 542, set the buffer length as 15m
In TN, Too small: 545, set the buffer length as 15m
In TN, Too small: 547, set the buffer length as 15m
In TN, Too small: 553, set the buffer length as 15m
In TN, Too small: 555, set the buffer length as 15m
In TN, Too small: 556, set the buffer length as 15m
In TN, Too small: 562, set the buffer length as 15m
In TN, Too small: 563, set the buffer length as 15m
In TN, Too small: 565, set the buffer length as 15m
In TN, Too small: 568, set the buffer length as 15m
In TN, Too small: 570, set the buffer length as 15m
In TN, Too small: 573, set the buffer length as 15m
In TN, Too small: 574, set the buffer length as 15m
In TN, Too small: 577, set the buffer length as 15m
In TN, Too small: 581, set the buffer length as 15m
In TN, Too small: 582, set the buffer length as 15m
In TN, Too small: 583, set the buffer length as 15m
In TN, Too small: 585, set the buffer length as 15m
In TN, Too small: 588, set the buffer length as 15m
In TN, Too small: 591, set the buffer length as 15m
In TN, Too small: 594, set the buffer length as 15m
In TN, Too small: 595, set the buffer length as 15m
In TN, Too small: 599, set the buffer length as 15m
In TN, Too small: 600, set the buffer length as 15m
In TN, Too small: 601, set the buffer length as 15m
In TN, Too small: 604, set the buffer length as 15m
In TN, Too small: 607, set the buffer length as 15m
In TN, Too small: 608, set the buffer length as 15m
In TN, Too small: 610, set the buffer length as 15m
In TN, Too small: 614, set the buffer length as 15m
In TN, Too small: 619, set the buffer length as 15m
In TN, Too small: 621, set the buffer length as 15m
In TN, Too small: 625, set the buffer length as 15m
In TN, Too small: 626, set the buffer length as 15m
In TN, Too small: 632, set the buffer length as 15m
In TN, Too small: 633, set the buffer length as 15m
In TN, Too small: 635, set the buffer length as 15m
In TN, Too small: 638, set the buffer length as 15m
In TN, Too small: 639, set the buffer length as 15m
In TN, Too small: 641, set the buffer length as 15m
In TN, Too small: 645, set the buffer length as 15m
In TN, Too small: 646, set the buffer length as 15m
In TN, Too small: 648, set the buffer length as 15m
In TN, Too small: 651, set the buffer length as 15m
In TN, Too small: 654, set the buffer length as 15m
In TN, Too small: 655, set the buffer length as 15m
In TN, Too small: 659, set the buffer length as 15m
In TN, Too small: 660, set the buffer length as 15m
In TN, Too small: 665, set the buffer length as 15m
In TN, Too small: 667, set the buffer length as 15m
In TN, Too small: 669, set the buffer length as 15m
In TN, Too small: 671, set the buffer length as 15m
In TN, Too small: 672, set the buffer length as 15m
In TN, Too small: 675, set the buffer length as 15m
In TN, Too small: 680, set the buffer length as 15m
In TN, Too small: 681, set the buffer length as 15m
In TN, Too small: 684, set the buffer length as 15m
In TN, Too small: 687, set the buffer length as 15m
In TN, Too small: 691, set the buffer length as 15m
In TN, Too small: 692, set the buffer length as 15m
In TN, Too small: 694, set the buffer length as 15m
In TN, Too small: 699, set the buffer length as 15m
In TN, Too small: 700, set the buffer length as 15m
In TN, Too small: 704, set the buffer length as 15m
In TN, Too small: 706, set the buffer length as 15m
In TN, Too small: 708, set the buffer length as 15m
In TN, Too small: 709, set the buffer length as 15m
In TN, Too small: 710, set the buffer length as 15m
In TN, Too small: 711, set the buffer length as 15m
In TN, Too small: 713, set the buffer length as 15m
In TN, Too small: 715, set the buffer length as 15m
In TN, Too small: 717, set the buffer length as 15m
In TN, Too small: 720, set the buffer length as 15m
In TN, Too small: 721, set the buffer length as 15m
In TN, Too small: 722, set the buffer length as 15m
In TN, Too small: 728, set the buffer length as 15m
In TN, Too small: 729, set the buffer length as 15m
In TN, Too small: 732, set the buffer length as 15m
In TN, Too small: 733, set the buffer length as 15m
In TN, Too small: 738, set the buffer length as 15m
In TN, Too small: 742, set the buffer length as 15m
In TN, Too small: 743, set the buffer length as 15m
In TN, Too small: 745, set the buffer length as 15m
In TN, Too small: 747, set the buffer length as 15m
In TN, Too small: 748, set the buffer length as 15m
In TN, Too small: 751, set the buffer length as 15m
In TN, Too small: 752, set the buffer length as 15m
In TN, Too small: 753, set the buffer length as 15m
In TN, Too small: 754, set the buffer length as 15m
In TN, Too small: 760, set the buffer length as 15m
In TN, Too small: 762, set the buffer length as 15m
In TN, Too small: 763, set the buffer length as 15m
In TN, Too small: 767, set the buffer length as 15m
In TN, Too small: 771, set the buffer length as 15m
In TN, Too small: 774, set the buffer length as 15m
In TN, Too small: 775, set the buffer length as 15m
In TN, Too small: 777, set the buffer length as 15m
In TN, Too small: 778, set the buffer length as 15m
In TN, Too small: 779, set the buffer length as 15m
In TN, Too small: 781, set the buffer length as 15m
In TN, Too small: 782, set the buffer length as 15m
In TN, Too small: 783, set the buffer length as 15m
In TN, Too small: 784, set the buffer length as 15m
In TN, Too small: 786, set the buffer length as 15m
In TN, Too small: 788, set the buffer length as 15m
In TN, Too small: 789, set the buffer length as 15m
In TN, Too small: 790, set the buffer length as 15m
In TN, Too small: 791, set the buffer length as 15m
In TN, Too small: 792, set the buffer length as 15m
In TN, Too small: 793, set the buffer length as 15m
In TN, Too small: 796, set the buffer length as 15m
In TN, Too small: 800, set the buffer length as 15m
In TN, Too small: 801, set the buffer length as 15m
In TN, Too small: 802, set the buffer length as 15m
In TN, Too small: 803, set the buffer length as 15m
In TN, Too small: 804, set the buffer length as 15m
In TN, Too small: 806, set the buffer length as 15m
In TN, Too small: 807, set the buffer length as 15m
In TN, Too small: 808, set the buffer length as 15m
In TN, Too small: 809, set the buffer length as 15m
In TN, Too small: 810, set the buffer length as 15m
In TN, Too small: 811, set the buffer length as 15m
In TN, Too small: 812, set the buffer length as 15m
In TN, Too small: 813, set the buffer length as 15m
In TN, Too small: 815, set the buffer length as 15m
In TN, Too small: 816, set the buffer length as 15m
In TN, Too small: 817, set the buffer length as 15m
In TN, Too small: 818, set the buffer length as 15m
In TN, Too small: 819, set the buffer length as 15m
In TN, Too small: 820, set the buffer length as 15m
In TN, Too small: 822, set the buffer length as 15m
In TN, Too small: 823, set the buffer length as 15m
In TN, Too small: 824, set the buffer length as 15m
In TN, Too small: 825, set the buffer length as 15m
In TN, Too small: 826, set the buffer length as 15m
In TN, Too small: 827, set the buffer length as 15m
In TN, Too small: 828, set the buffer length as 15m
In TN, Too small: 829, set the buffer length as 15m
In TN, Too small: 830, set the buffer length as 15m
In TN, Too small: 832, set the buffer length as 15m
In TN, Too small: 833, set the buffer length as 15m
In TN, Too small: 834, set the buffer length as 15m
In TN, Too small: 835, set the buffer length as 15m
In TN, Too small: 837, set the buffer length as 15m
In TN, Too small: 839, set the buffer length as 15m
In TN, Too small: 840, set the buffer length as 15m
In TN, Too small: 841, set the buffer length as 15m
In TN, Too small: 842, set the buffer length as 15m
In TN, Too small: 844, set the buffer length as 15m
In TN, Too small: 845, set the buffer length as 15m
In TN, Too small: 847, set the buffer length as 15m
In TN, Too small: 849, set the buffer length as 15m
In TN, Too small: 850, set the buffer length as 15m
In TN, Too small: 852, set the buffer length as 15m
In TN, Too small: 854, set the buffer length as 15m
In TN, Too small: 857, set the buffer length as 15m
In TN, Too small: 858, set the buffer length as 15m
In TN, Too small: 860, set the buffer length as 15m
In TN, Too small: 861, set the buffer length as 15m
In TN, Too small: 863, set the buffer length as 15m
In TN, Too small: 866, set the buffer length as 15m
In TN, Too small: 867, set the buffer length as 15m
In TN, Too small: 868, set the buffer length as 15m
In TN, Too small: 869, set the buffer length as 15m
In TN, Too small: 873, set the buffer length as 15m
In TN, Too small: 875, set the buffer length as 15m
In TN, Too small: 876, set the buffer length as 15m
In TN, Too small: 877, set the buffer length as 15m
In TN, Too small: 880, set the buffer length as 15m
In TN, Too small: 881, set the buffer length as 15m
In TN, Too small: 882, set the buffer length as 15m
In TN, Too small: 885, set the buffer length as 15m
In TN, Too small: 887, set the buffer length as 15m
In TN, Too small: 889, set the buffer length as 15m
In TN, Too small: 890, set the buffer length as 15m
In TN, Too small: 895, set the buffer length as 15m
In TN, Too small: 896, set the buffer length as 15m
In TN, Too small: 900, set the buffer length as 15m
In TN, Too small: 903, set the buffer length as 15m
In TN, Too small: 904, set the buffer length as 15m
In TN, Too small: 908, set the buffer length as 15m
In TN, Too small: 912, set the buffer length as 15m
In TN, Too small: 916, set the buffer length as 15m
In TN, Too small: 917, set the buffer length as 15m
In TN, Too small: 918, set the buffer length as 15m
In TN, Too small: 920, set the buffer length as 15m
In TN, Too small: 925, set the buffer length as 15m
In TN, Too small: 927, set the buffer length as 15m
In TN, Too small: 928, set the buffer length as 15m
In TN, Too small: 930, set the buffer length as 15m
In TN, Too small: 932, set the buffer length as 15m
In TN, Too small: 934, set the buffer length as 15m
In TN, Too small: 936, set the buffer length as 15m
In TN, Too small: 937, set the buffer length as 15m
In TN, Too small: 938, set the buffer length as 15m
In TN, Too small: 939, set the buffer length as 15m
In TN, Too small: 941, set the buffer length as 15m
In TN, Too small: 942, set the buffer length as 15m
In TN, Too small: 944, set the buffer length as 15m
In TN, Too small: 947, set the buffer length as 15m
In TN, Too small: 948, set the buffer length as 15m
In TN, Too small: 951, set the buffer length as 15m
In TN, Too small: 953, set the buffer length as 15m
In TN, Too small: 959, set the buffer length as 15m
In TN, Too small: 962, set the buffer length as 15m
In TN, Too small: 966, set the buffer length as 15m
In TN, Too small: 967, set the buffer length as 15m
In TN, Too small: 969, set the buffer length as 15m
In TN, Too small: 977, set the buffer length as 15m
In TN, Too small: 979, set the buffer length as 15m
In TN, Too small: 982, set the buffer length as 15m
In TN, Too small: 984, set the buffer length as 15m
In TN, Too small: 987, set the buffer length as 15m
In TN, Too small: 992, set the buffer length as 15m
In TN, Too small: 994, set the buffer length as 15m
In TN, Too small: 999, set the buffer length as 15m
In TN, Too small: 1010, set the buffer length as 15m
In TN, Too small: 1019, set the buffer length as 15m
In TN, Too small: 1028, set the buffer length as 15m
In TN, Too small: 1030, set the buffer length as 15m
In TN, Too small: 1031, set the buffer length as 15m
In TN, Too small: 1032, set the buffer length as 15m
In TN, Too small: 1034, set the buffer length as 15m
In TN, Too small: 1039, set the buffer length as 15m
In TN, Too small: 1044, set the buffer length as 15m
In TN, Too small: 1054, set the buffer length as 15m
In TN, Too small: 1069, set the buffer length as 15m
In TN, Too small: 1070, set the buffer length as 15m
In TN, Too small: 1076, set the buffer length as 15m
In TN, Too small: 1081, set the buffer length as 15m
In TN, Too small: 1086, set the buffer length as 15m
In TN, Too small: 1088, set the buffer length as 15m
In TN, Too small: 1097, set the buffer length as 15m
In TN, Too small: 1098, set the buffer length as 15m
In TN, Too small: 1100, set the buffer length as 15m
In TN, Too small: 1103, set the buffer length as 15m
In TN, Too small: 1105, set the buffer length as 15m
In TN, Too small: 1106, set the buffer length as 15m
In TN, Too small: 1107, set the buffer length as 15m
In TN, Too small: 1108, set the buffer length as 15m
In TN, Too small: 1109, set the buffer length as 15m
In TN, Too small: 1110, set the buffer length as 15m
In TN, Too small: 1113, set the buffer length as 15m
In TN, Too small: 1114, set the buffer length as 15m
In TN, Too small: 1115, set the buffer length as 15m
In TN, Too small: 1118, set the buffer length as 15m
In TN, Too small: 1119, set the buffer length as 15m
In TN, Too small: 1123, set the buffer length as 15m
In TN, Too small: 1126, set the buffer length as 15m
In TN, Too small: 1127, set the buffer length as 15m
In TN, Too small: 1128, set the buffer length as 15m
In TN, Too small: 1130, set the buffer length as 15m
In TN, Too small: 1133, set the buffer length as 15m
In TN, Too small: 1135, set the buffer length as 15m
In TN, Too small: 1141, set the buffer length as 15m
In TN, Too small: 1143, set the buffer length as 15m
In TN, Too small: 1145, set the buffer length as 15m
In TN, Too small: 1152, set the buffer length as 15m
In TN, Too small: 1156, set the buffer length as 15m
In TN, Too small: 1158, set the buffer length as 15m
In TN, Too small: 1164, set the buffer length as 15m
In TN, Too small: 1169, set the buffer length as 15m
In TN, Too small: 1170, set the buffer length as 15m
In TN, Too small: 1171, set the buffer length as 15m
In TN, Too small: 1174, set the buffer length as 15m
In TN, Too small: 1175, set the buffer length as 15m
In TN, Too small: 1181, set the buffer length as 15m
In TN, Too small: 1184, set the buffer length as 15m
In TN, Too small: 1185, set the buffer length as 15m
In TN, Too small: 1186, set the buffer length as 15m
In TN, Too small: 1189, set the buffer length as 15m
In TN, Too small: 1191, set the buffer length as 15m
In TN, Too small: 1192, set the buffer length as 15m
In TN, Too small: 1193, set the buffer length as 15m
In TN, Too small: 1194, set the buffer length as 15m
In TN, Too small: 1199, set the buffer length as 15m
In TN, Too small: 1203, set the buffer length as 15m
In TN, Too small: 1206, set the buffer length as 15m
In TN, Too small: 1211, set the buffer length as 15m
In TN, Too small: 1212, set the buffer length as 15m
In TN, Too small: 1213, set the buffer length as 15m
In TN, Too small: 1219, set the buffer length as 15m
In TN, Too small: 1221, set the buffer length as 15m
In TN, Too small: 1226, set the buffer length as 15m
In TN, Too small: 1227, set the buffer length as 15m
In TN, Too small: 1231, set the buffer length as 15m
In TN, Too small: 1233, set the buffer length as 15m
In TN, Too small: 1235, set the buffer length as 15m
In TN, Too small: 1236, set the buffer length as 15m
In TN, Too small: 1237, set the buffer length as 15m
In TN, Too small: 1240, set the buffer length as 15m
In TN, Too small: 1243, set the buffer length as 15m
In TN, Too small: 1244, set the buffer length as 15m
In TN, Too small: 1249, set the buffer length as 15m
In TN, Too small: 1251, set the buffer length as 15m
In TN, Too small: 1255, set the buffer length as 15m
In TN, Too small: 1258, set the buffer length as 15m
In TN, Too small: 1259, set the buffer length as 15m
In TN, Too small: 1262, set the buffer length as 15m
In TN, Too small: 1263, set the buffer length as 15m
In TN, Too small: 1266, set the buffer length as 15m
In TN, Too small: 1270, set the buffer length as 15m
In TN, Too small: 1271, set the buffer length as 15m
In TN, Too small: 1273, set the buffer length as 15m
In TN, Too small: 1277, set the buffer length as 15m
In TN, Too small: 1278, set the buffer length as 15m
In TN, Too small: 1283, set the buffer length as 15m
In TN, Too small: 1287, set the buffer length as 15m
In TN, Too small: 1289, set the buffer length as 15m
In TN, Too small: 1293, set the buffer length as 15m
In TN, Too small: 1296, set the buffer length as 15m
In TN, Too small: 1298, set the buffer length as 15m
In TN, Too small: 1302, set the buffer length as 15m
In TN, Too small: 1310, set the buffer length as 15m
In TN, Too small: 1316, set the buffer length as 15m
In TN, Too small: 1317, set the buffer length as 15m
In TN, Too small: 1320, set the buffer length as 15m
In TN, Too small: 1324, set the buffer length as 15m
In TN, Too small: 1325, set the buffer length as 15m
In TN, Too small: 1326, set the buffer length as 15m
In TN, Too small: 1327, set the buffer length as 15m
In TN, Too small: 1330, set the buffer length as 15m
In TN, Too small: 1334, set the buffer length as 15m
In TN, Too small: 1337, set the buffer length as 15m
In TN, Too small: 1338, set the buffer length as 15m
In TN, Too small: 1339, set the buffer length as 15m
In TN, Too small: 1340, set the buffer length as 15m
In TN, Too small: 1341, set the buffer length as 15m
In TN, Too small: 1343, set the buffer length as 15m
In TN, Too small: 1346, set the buffer length as 15m
In TN, Too small: 1350, set the buffer length as 15m
In TN, Too small: 1352, set the buffer length as 15m
In TN, Too small: 1354, set the buffer length as 15m
In TN, Too small: 1355, set the buffer length as 15m
In TN, Too small: 1362, set the buffer length as 15m
In TN, Too small: 1367, set the buffer length as 15m
In TN, Too small: 1368, set the buffer length as 15m
In TN, Too small: 1369, set the buffer length as 15m
In TN, Too small: 1370, set the buffer length as 15m
In TN, Too small: 1371, set the buffer length as 15m
In TN, Too small: 1373, set the buffer length as 15m
In TN, Too small: 1375, set the buffer length as 15m
In TN, Too small: 1378, set the buffer length as 15m
In TN, Too small: 1379, set the buffer length as 15m
In TN, Too small: 1381, set the buffer length as 15m
In TN, Too small: 1384, set the buffer length as 15m
In TN, Too small: 1388, set the buffer length as 15m
In TN, Too small: 1389, set the buffer length as 15m
In TN, Too small: 1390, set the buffer length as 15m
In TN, Too small: 1392, set the buffer length as 15m
In TN, Too small: 1393, set the buffer length as 15m
In TN, Too small: 1394, set the buffer length as 15m
In TN, Too small: 1396, set the buffer length as 15m
In TN, Too small: 1398, set the buffer length as 15m
In TN, Too small: 1400, set the buffer length as 15m
In TN, Too small: 1401, set the buffer length as 15m
In TN, Too small: 1402, set the buffer length as 15m
In TN, Too small: 1404, set the buffer length as 15m
In TN, Too small: 1405, set the buffer length as 15m
In TN, Too small: 1413, set the buffer length as 15m
In TN, Too small: 1415, set the buffer length as 15m
In TN, Too small: 1416, set the buffer length as 15m
In TN, Too small: 1418, set the buffer length as 15m
In TN, Too small: 1419, set the buffer length as 15m
In TN, Too small: 1420, set the buffer length as 15m
In TN, Too small: 1421, set the buffer length as 15m
In TN, Too small: 1422, set the buffer length as 15m
In TN, Too small: 1423, set the buffer length as 15m
In TN, Too small: 1424, set the buffer length as 15m
In TN, Too small: 1425, set the buffer length as 15m
In TN, Too small: 1426, set the buffer length as 15m
In TN, Too small: 1430, set the buffer length as 15m
In TN, Too small: 1431, set the buffer length as 15m
In TN, Too small: 1432, set the buffer length as 15m
In TN, Too small: 1435, set the buffer length as 15m
In TN, Too small: 1437, set the buffer length as 15m
In TN, Too small: 1438, set the buffer length as 15m
In TN, Too small: 1441, set the buffer length as 15m
In TN, Too small: 1444, set the buffer length as 15m
In TN, Too small: 1445, set the buffer length as 15m
In TN, Too small: 1447, set the buffer length as 15m
In TN, Too small: 1449, set the buffer length as 15m
In TN, Too small: 1450, set the buffer length as 15m
In TN, Too small: 1451, set the buffer length as 15m
In TN, Too small: 1452, set the buffer length as 15m
In TN, Too small: 1455, set the buffer length as 15m
In TN, Too small: 1458, set the buffer length as 15m
In TN, Too small: 1459, set the buffer length as 15m
In TN, Too small: 1460, set the buffer length as 15m
In TN, Too small: 1461, set the buffer length as 15m
In TN, Too small: 1462, set the buffer length as 15m
In TN, Too small: 1464, set the buffer length as 15m
In TN, Too small: 1465, set the buffer length as 15m
In TN, Too small: 1467, set the buffer length as 15m
In TN, Too small: 1469, set the buffer length as 15m
In TN, Too small: 1471, set the buffer length as 15m
In TN, Too small: 1472, set the buffer length as 15m
In TN, Too small: 1475, set the buffer length as 15m
In TN, Too small: 1478, set the buffer length as 15m
In TN, Too small: 1479, set the buffer length as 15m
In TN, Too small: 1480, set the buffer length as 15m
In TN, Too small: 1482, set the buffer length as 15m
In TN, Too small: 1483, set the buffer length as 15m
In TN, Too small: 1486, set the buffer length as 15m
In TN, Too small: 1488, set the buffer length as 15m
In TN, Too small: 1490, set the buffer length as 15m
In TN, Too small: 1495, set the buffer length as 15m
In TN, Too small: 1496, set the buffer length as 15m
In TN, Too small: 1498, set the buffer length as 15m
In TN, Too small: 1500, set the buffer length as 15m
In TN, Too small: 1502, set the buffer length as 15m
In TN, Too small: 1503, set the buffer length as 15m
In TN, Too small: 1504, set the buffer length as 15m
In TN, Too small: 1507, set the buffer length as 15m
In TN, Too small: 1508, set the buffer length as 15m
In TN, Too small: 1510, set the buffer length as 15m
In TN, Too small: 1511, set the buffer length as 15m
In TN, Too small: 1512, set the buffer length as 15m
In TN, Too small: 1518, set the buffer length as 15m
In TN, Too small: 1521, set the buffer length as 15m
In TN, Too small: 1522, set the buffer length as 15m
In TN, Too small: 1525, set the buffer length as 15m
In TN, Too small: 1527, set the buffer length as 15m
In TN, Too small: 1529, set the buffer length as 15m
In TN, Too small: 1533, set the buffer length as 15m
In TN, Too small: 1534, set the buffer length as 15m
In TN, Too small: 1540, set the buffer length as 15m
In TN, Too small: 1543, set the buffer length as 15m
In TN, Too small: 1546, set the buffer length as 15m
In TN, Too small: 1548, set the buffer length as 15m
In TN, Too small: 1551, set the buffer length as 15m
In TN, Too small: 1558, set the buffer length as 15m
In TN, Too small: 1560, set the buffer length as 15m
In TN, Too small: 1561, set the buffer length as 15m
In TN, Too small: 1562, set the buffer length as 15m
In TN, Too small: 1564, set the buffer length as 15m
In TN, Too small: 1565, set the buffer length as 15m
In TN, Too small: 1566, set the buffer length as 15m
In TN, Too small: 1569, set the buffer length as 15m
In TN, Too small: 1577, set the buffer length as 15m
In TN, Too small: 1579, set the buffer length as 15m
In TN, Too small: 1580, set the buffer length as 15m
In TN, Too small: 1581, set the buffer length as 15m
In TN, Too small: 1583, set the buffer length as 15m
In TN, Too small: 1588, set the buffer length as 15m
In TN, Too small: 1591, set the buffer length as 15m
In TN, Too small: 1593, set the buffer length as 15m
In TN, Too small: 1595, set the buffer length as 15m
In TN, Too small: 1597, set the buffer length as 15m
In TN, Too small: 1598, set the buffer length as 15m
In TN, Too small: 1600, set the buffer length as 15m
In TN, Too small: 1601, set the buffer length as 15m
In TN, Too small: 1603, set the buffer length as 15m
In TN, Too small: 1604, set the buffer length as 15m
In TN, Too small: 1609, set the buffer length as 15m
In TN, Too small: 1622, set the buffer length as 15m
In TN, Too small: 1628, set the buffer length as 15m
In TN, Too small: 1631, set the buffer length as 15m
In TN, Too small: 1632, set the buffer length as 15m
In TN, Too small: 1633, set the buffer length as 15m
In TN, Too small: 1637, set the buffer length as 15m
In TN, Too small: 1638, set the buffer length as 15m
In TN, Too small: 1639, set the buffer length as 15m
In TN, Too small: 1640, set the buffer length as 15m
In TN, Too small: 1648, set the buffer length as 15m
In TN, Too small: 1649, set the buffer length as 15m
In TN, Too small: 1655, set the buffer length as 15m
In TN, Too small: 1666, set the buffer length as 15m
In TN, Too small: 1667, set the buffer length as 15m
In TN, Too small: 1668, set the buffer length as 15m
In TN, Too small: 1669, set the buffer length as 15m
In TN, Too small: 1673, set the buffer length as 15m
In TN, Too small: 1674, set the buffer length as 15m
In TN, Too small: 1681, set the buffer length as 15m
In TN, Too small: 1683, set the buffer length as 15m
In TN, Too small: 1684, set the buffer length as 15m
In TN, Too small: 1685, set the buffer length as 15m
In TN, Too small: 1688, set the buffer length as 15m
In TN, Too small: 1691, set the buffer length as 15m
In TN, Too small: 1693, set the buffer length as 15m
In TN, Too small: 1695, set the buffer length as 15m
In TN, Too small: 1696, set the buffer length as 15m
In TN, Too small: 1699, set the buffer length as 15m
In TN, Too small: 1700, set the buffer length as 15m
In TN, Too small: 1702, set the buffer length as 15m
In TN, Too small: 1703, set the buffer length as 15m
In TN, Too small: 1705, set the buffer length as 15m
In TN, Too small: 1706, set the buffer length as 15m
In TN, Too small: 1708, set the buffer length as 15m
In TN, Too small: 1709, set the buffer length as 15m
In TN, Too small: 1712, set the buffer length as 15m
In TN, Too small: 1713, set the buffer length as 15m
In TN, Too small: 1714, set the buffer length as 15m
In TN, Too small: 1719, set the buffer length as 15m
In TN, Too small: 1724, set the buffer length as 15m
In TN, Too small: 1726, set the buffer length as 15m
In TN, Too small: 1730, set the buffer length as 15m
In TN, Too small: 1735, set the buffer length as 15m
In TN, Too small: 1737, set the buffer length as 15m
In TN, Too small: 1746, set the buffer length as 15m
In TN, Too small: 1751, set the buffer length as 15m
In TN, Too small: 1766, set the buffer length as 15m
In TN, Too small: 1771, set the buffer length as 15m
In TN, Too small: 1774, set the buffer length as 15m
In TN, Too small: 1775, set the buffer length as 15m
In TN, Too small: 1776, set the buffer length as 15m
In TN, Too small: 1778, set the buffer length as 15m
In TN, Too small: 1779, set the buffer length as 15m
In TN, Too small: 1780, set the buffer length as 15m
In TN, Too small: 1781, set the buffer length as 15m
In TN, Too small: 1782, set the buffer length as 15m
In TN, Too small: 1783, set the buffer length as 15m
In TN, Too small: 1785, set the buffer length as 15m
In TN, Too small: 1787, set the buffer length as 15m
In TN, Too small: 1791, set the buffer length as 15m
In TN, Too small: 1795, set the buffer length as 15m
In TN, Too small: 1797, set the buffer length as 15m
In TN, Too small: 1798, set the buffer length as 15m
In TN, Too small: 1799, set the buffer length as 15m
In TN, Too small: 1801, set the buffer length as 15m
In TN, Too small: 1802, set the buffer length as 15m
In TN, Too small: 1803, set the buffer length as 15m
In TN, Too small: 1805, set the buffer length as 15m
In TN, Too small: 1806, set the buffer length as 15m
In TN, Too small: 1807, set the buffer length as 15m
In TN, Too small: 1811, set the buffer length as 15m
In TN, Too small: 1813, set the buffer length as 15m
In TN, Too small: 1814, set the buffer length as 15m
In TN, Too small: 1815, set the buffer length as 15m
In TN, Too small: 1816, set the buffer length as 15m
In TN, Too small: 1817, set the buffer length as 15m
In TN, Too small: 1818, set the buffer length as 15m
In TN, Too small: 1819, set the buffer length as 15m
In TN, Too small: 1821, set the buffer length as 15m
In TN, Too small: 1825, set the buffer length as 15m
In TN, Too small: 1826, set the buffer length as 15m
In TN, Too small: 1827, set the buffer length as 15m
In TN, Too small: 1829, set the buffer length as 15m
In TN, Too small: 1830, set the buffer length as 15m
In TN, Too small: 1831, set the buffer length as 15m
In TN, Too small: 1832, set the buffer length as 15m
In TN, Too small: 1833, set the buffer length as 15m
In TN, Too small: 1834, set the buffer length as 15m
In TN, Too small: 1837, set the buffer length as 15m
In TN, Too small: 1839, set the buffer length as 15m
In TN, Too small: 1841, set the buffer length as 15m
In TN, Too small: 1842, set the buffer length as 15m
In TN, Too small: 1846, set the buffer length as 15m
In TN, Too small: 1849, set the buffer length as 15m
In TN, Too small: 1850, set the buffer length as 15m
In TN, Too small: 1851, set the buffer length as 15m
In TN, Too small: 1852, set the buffer length as 15m
In TN, Too small: 1854, set the buffer length as 15m
In TN, Too small: 1858, set the buffer length as 15m
In TN, Too small: 1859, set the buffer length as 15m
In TN, Too small: 1860, set the buffer length as 15m
In TN, Too small: 1863, set the buffer length as 15m
In TN, Too small: 1864, set the buffer length as 15m
In TN, Too small: 1865, set the buffer length as 15m
In TN, Too small: 1871, set the buffer length as 15m
In TN, Too small: 1872, set the buffer length as 15m
In TN, Too small: 1876, set the buffer length as 15m
In TN, Too small: 1877, set the buffer length as 15m
In TN, Too small: 1878, set the buffer length as 15m
In TN, Too small: 1879, set the buffer length as 15m
In TN, Too small: 1881, set the buffer length as 15m
In TN, Too small: 1882, set the buffer length as 15m
In TN, Too small: 1883, set the buffer length as 15m
In TN, Too small: 1885, set the buffer length as 15m
In TN, Too small: 1886, set the buffer length as 15m
In TN, Too small: 1887, set the buffer length as 15m
In TN, Too small: 1888, set the buffer length as 15m
In TN, Too small: 1890, set the buffer length as 15m
In TN, Too small: 1892, set the buffer length as 15m
In TN, Too small: 1894, set the buffer length as 15m
In TN, Too small: 1895, set the buffer length as 15m
In TN, Too small: 1897, set the buffer length as 15m
In TN, Too small: 1898, set the buffer length as 15m
In TN, Too small: 1899, set the buffer length as 15m
In TN, Too small: 1901, set the buffer length as 15m
In TN, Too small: 1902, set the buffer length as 15m
In TN, Too small: 1903, set the buffer length as 15m
In TN, Too small: 1905, set the buffer length as 15m
In TN, Too small: 1906, set the buffer length as 15m
In TN, Too small: 1908, set the buffer length as 15m
In TN, Too small: 1909, set the buffer length as 15m
In TN, Too small: 1912, set the buffer length as 15m
In TN, Too small: 1914, set the buffer length as 15m
In TN, Too small: 1916, set the buffer length as 15m
In TN, Too small: 1917, set the buffer length as 15m
In TN, Too small: 1918, set the buffer length as 15m
In TN, Too small: 1919, set the buffer length as 15m
In TN, Too small: 1920, set the buffer length as 15m
In TN, Too small: 1921, set the buffer length as 15m
In TN, Too small: 1922, set the buffer length as 15m
In TN, Too small: 1923, set the buffer length as 15m
In TN, Too small: 1925, set the buffer length as 15m
In TN, Too small: 1927, set the buffer length as 15m
In TN, Too small: 1931, set the buffer length as 15m
In TN, Too small: 1932, set the buffer length as 15m
In TN, Too small: 1937, set the buffer length as 15m
In TN, Too small: 1938, set the buffer length as 15m
In TN, Too small: 1941, set the buffer length as 15m
In TN, Too small: 1943, set the buffer length as 15m
In TN, Too small: 1944, set the buffer length as 15m
In TN, Too small: 1945, set the buffer length as 15m
In TN, Too small: 1947, set the buffer length as 15m
In TN, Too small: 1949, set the buffer length as 15m
In TN, Too small: 1953, set the buffer length as 15m
In TN, Too small: 1955, set the buffer length as 15m
In TN, Too small: 1957, set the buffer length as 15m
In TN, Too small: 1958, set the buffer length as 15m
In TN, Too small: 1959, set the buffer length as 15m
In TN, Too small: 1960, set the buffer length as 15m
In TN, Too small: 1961, set the buffer length as 15m
In TN, Too small: 1962, set the buffer length as 15m
In TN, Too small: 1963, set the buffer length as 15m
In TN, Too small: 1964, set the buffer length as 15m
In TN, Too small: 1965, set the buffer length as 15m
In TN, Too small: 1969, set the buffer length as 15m
In TN, Too small: 1970, set the buffer length as 15m
In TN, Too small: 1972, set the buffer length as 15m
In TN, Too small: 1974, set the buffer length as 15m
In TN, Too small: 1976, set the buffer length as 15m
In TN, Too small: 1977, set the buffer length as 15m
In TN, Too small: 1981, set the buffer length as 15m
In TN, Too small: 1983, set the buffer length as 15m
In TN, Too small: 1986, set the buffer length as 15m
In TN, Too small: 1987, set the buffer length as 15m
In TN, Too small: 1989, set the buffer length as 15m
In TN, Too small: 1993, set the buffer length as 15m
In TN, Too small: 1996, set the buffer length as 15m
In TN, Too small: 1998, set the buffer length as 15m
In TN, Too small: 2001, set the buffer length as 15m
In TN, Too small: 2003, set the buffer length as 15m
In TN, Too small: 2005, set the buffer length as 15m
In TN, Too small: 2007, set the buffer length as 15m
In TN, Too small: 2008, set the buffer length as 15m
In TN, Too small: 2009, set the buffer length as 15m
In TN, Too small: 2010, set the buffer length as 15m
In TN, Too small: 2011, set the buffer length as 15m
In TN, Too small: 2012, set the buffer length as 15m
In TN, Too small: 2013, set the buffer length as 15m
In TN, Too small: 2014, set the buffer length as 15m
In TN, Too small: 2015, set the buffer length as 15m
In TN, Too small: 2016, set the buffer length as 15m
In TN, Too small: 2017, set the buffer length as 15m
In TN, Too small: 2018, set the buffer length as 15m
In TN, Too small: 2019, set the buffer length as 15m
In TN, Too small: 2020, set the buffer length as 15m
In TN, Too small: 2022, set the buffer length as 15m
In TN, Too small: 2024, set the buffer length as 15m
In TN, Too small: 2025, set the buffer length as 15m
In TN, Too small: 2026, set the buffer length as 15m
In TN, Too small: 2027, set the buffer length as 15m
In TN, Too small: 2029, set the buffer length as 15m
In TN, Too small: 2030, set the buffer length as 15m
In TN, Too small: 2031, set the buffer length as 15m
In TN, Too small: 2033, set the buffer length as 15m
In TN, Too small: 2034, set the buffer length as 15m
In TN, Too small: 2035, set the buffer length as 15m
In TN, Too small: 2036, set the buffer length as 15m
In TN, Too small: 2037, set the buffer length as 15m
In TN, Too small: 2039, set the buffer length as 15m
In TN, Too small: 2040, set the buffer length as 15m
In TN, Too small: 2042, set the buffer length as 15m
In TN, Too small: 2044, set the buffer length as 15m
In TN, Too small: 2045, set the buffer length as 15m
In TN, Too small: 2046, set the buffer length as 15m
In TN, Too small: 2048, set the buffer length as 15m
In TN, Too small: 2050, set the buffer length as 15m
In TN, Too small: 2052, set the buffer length as 15m
In TN, Too small: 2054, set the buffer length as 15m
In TN, Too small: 2057, set the buffer length as 15m
In TN, Too small: 2059, set the buffer length as 15m
In TN, Too small: 2060, set the buffer length as 15m
In TN, Too small: 2061, set the buffer length as 15m
In TN, Too small: 2062, set the buffer length as 15m
In TN, Too small: 2063, set the buffer length as 15m
In TN, Too small: 2066, set the buffer length as 15m
In TN, Too small: 2067, set the buffer length as 15m
In TN, Too small: 2068, set the buffer length as 15m
In TN, Too small: 2069, set the buffer length as 15m
In TN, Too small: 2070, set the buffer length as 15m
In TN, Too small: 2071, set the buffer length as 15m
In TN, Too small: 2072, set the buffer length as 15m
In TN, Too small: 2073, set the buffer length as 15m
In TN, Too small: 2074, set the buffer length as 15m
In TN, Too small: 2075, set the buffer length as 15m
In TN, Too small: 2076, set the buffer length as 15m
In TN, Too small: 2078, set the buffer length as 15m
In TN, Too small: 2079, set the buffer length as 15m
In TN, Too small: 2080, set the buffer length as 15m
In TN, Too small: 2082, set the buffer length as 15m
In TN, Too small: 2083, set the buffer length as 15m
In TN, Too small: 2084, set the buffer length as 15m
In TN, Too small: 2089, set the buffer length as 15m
In TN, Too small: 2090, set the buffer length as 15m
In TN, Too small: 2091, set the buffer length as 15m
In TN, Too small: 2093, set the buffer length as 15m
In TN, Too small: 2095, set the buffer length as 15m
In TN, Too small: 2096, set the buffer length as 15m
In TN, Too small: 2099, set the buffer length as 15m
In TN, Too small: 2102, set the buffer length as 15m
In TN, Too small: 2104, set the buffer length as 15m
In TN, Too small: 2105, set the buffer length as 15m
In TN, Too small: 2107, set the buffer length as 15m
In TN, Too small: 2108, set the buffer length as 15m
In TN, Too small: 2109, set the buffer length as 15m
In TN, Too small: 2110, set the buffer length as 15m
In TN, Too small: 2111, set the buffer length as 15m
In TN, Too small: 2113, set the buffer length as 15m
In TN, Too small: 2114, set the buffer length as 15m
In TN, Too small: 2115, set the buffer length as 15m
In TN, Too small: 2116, set the buffer length as 15m
In TN, Too small: 2118, set the buffer length as 15m
In TN, Too small: 2121, set the buffer length as 15m
In TN, Too small: 2122, set the buffer length as 15m
In TN, Too small: 2124, set the buffer length as 15m
In TN, Too small: 2125, set the buffer length as 15m
In TN, Too small: 2126, set the buffer length as 15m
In TN, Too small: 2127, set the buffer length as 15m
In TN, Too small: 2128, set the buffer length as 15m
In TN, Too small: 2129, set the buffer length as 15m
In TN, Too small: 2130, set the buffer length as 15m
In TN, Too small: 2131, set the buffer length as 15m
In TN, Too small: 2133, set the buffer length as 15m
In TN, Too small: 2135, set the buffer length as 15m
In TN, Too small: 2138, set the buffer length as 15m
In TN, Too small: 2139, set the buffer length as 15m
In TN, Too small: 2140, set the buffer length as 15m
In TN, Too small: 2141, set the buffer length as 15m
In TN, Too small: 2143, set the buffer length as 15m
In TN, Too small: 2144, set the buffer length as 15m
In TN, Too small: 2145, set the buffer length as 15m
In TN, Too small: 2146, set the buffer length as 15m
In TN, Too small: 2148, set the buffer length as 15m
In TN, Too small: 2149, set the buffer length as 15m
In TN, Too small: 2150, set the buffer length as 15m
In TN, Too small: 2151, set the buffer length as 15m
In TN, Too small: 2152, set the buffer length as 15m
In TN, Too small: 2153, set the buffer length as 15m
In TN, Too small: 2155, set the buffer length as 15m
In TN, Too small: 2158, set the buffer length as 15m
In TN, Too small: 2159, set the buffer length as 15m
In TN, Too small: 2161, set the buffer length as 15m
In TN, Too small: 2162, set the buffer length as 15m
In TN, Too small: 2163, set the buffer length as 15m
In TN, Too small: 2164, set the buffer length as 15m
In TN, Too small: 2167, set the buffer length as 15m
In TN, Too small: 2168, set the buffer length as 15m
In TN, Too small: 2169, set the buffer length as 15m
In TN, Too small: 2171, set the buffer length as 15m
In TN, Too small: 2172, set the buffer length as 15m
In TN, Too small: 2173, set the buffer length as 15m
In TN, Too small: 2175, set the buffer length as 15m
In TN, Too small: 2176, set the buffer length as 15m
In TN, Too small: 2178, set the buffer length as 15m
In TN, Too small: 2179, set the buffer length as 15m
In TN, Too small: 2181, set the buffer length as 15m
In TN, Too small: 2182, set the buffer length as 15m
In TN, Too small: 2186, set the buffer length as 15m
In TN, Too small: 2187, set the buffer length as 15m
In TN, Too small: 2188, set the buffer length as 15m
In TN, Too small: 2189, set the buffer length as 15m
In TN, Too small: 2190, set the buffer length as 15m
In TN, Too small: 2193, set the buffer length as 15m
In TN, Too small: 2194, set the buffer length as 15m
In TN, Too small: 2195, set the buffer length as 15m
In TN, Too small: 2196, set the buffer length as 15m
In TN, Too small: 2197, set the buffer length as 15m
In TN, Too small: 2199, set the buffer length as 15m
In TN, Too small: 2200, set the buffer length as 15m
In TN, Too small: 2202, set the buffer length as 15m
In TN, Too small: 2203, set the buffer length as 15m
In TN, Too small: 2204, set the buffer length as 15m
In TN, Too small: 2205, set the buffer length as 15m
In TN, Too small: 2206, set the buffer length as 15m
In TN, Too small: 2209, set the buffer length as 15m
In TN, Too small: 2210, set the buffer length as 15m
In TN, Too small: 2212, set the buffer length as 15m
In TN, Too small: 2214, set the buffer length as 15m
In TN, Too small: 2217, set the buffer length as 15m
In TN, Too small: 2218, set the buffer length as 15m
In TN, Too small: 2219, set the buffer length as 15m
In TN, Too small: 2221, set the buffer length as 15m
In TN, Too small: 2223, set the buffer length as 15m
In TN, Too small: 2226, set the buffer length as 15m
In TN, Too small: 2227, set the buffer length as 15m
In TN, Too small: 2228, set the buffer length as 15m
In TN, Too small: 2231, set the buffer length as 15m
In TN, Too small: 2232, set the buffer length as 15m
In TN, Too small: 2233, set the buffer length as 15m
In TN, Too small: 2234, set the buffer length as 15m
In TN, Too small: 2235, set the buffer length as 15m
In TN, Too small: 2236, set the buffer length as 15m
In TN, Too small: 2240, set the buffer length as 15m
In TN, Too small: 2241, set the buffer length as 15m
In TN, Too small: 2242, set the buffer length as 15m
In TN, Too small: 2244, set the buffer length as 15m
In TN, Too small: 2247, set the buffer length as 15m
In TN, Too small: 2248, set the buffer length as 15m
In TN, Too small: 2250, set the buffer length as 15m
In TN, Too small: 2251, set the buffer length as 15m
In TN, Too small: 2252, set the buffer length as 15m
In TN, Too small: 2253, set the buffer length as 15m
In TN, Too small: 2254, set the buffer length as 15m
In TN, Too small: 2255, set the buffer length as 15m
In TN, Too small: 2256, set the buffer length as 15m
In TN, Too small: 2257, set the buffer length as 15m
In TN, Too small: 2258, set the buffer length as 15m
In TN, Too small: 2261, set the buffer length as 15m
In TN, Too small: 2262, set the buffer length as 15m
In TN, Too small: 2264, set the buffer length as 15m
In TN, Too small: 2265, set the buffer length as 15m
In TN, Too small: 2266, set the buffer length as 15m
In TN, Too small: 2268, set the buffer length as 15m
In TN, Too small: 2270, set the buffer length as 15m
In TN, Too small: 2271, set the buffer length as 15m
In TN, Too small: 2273, set the buffer length as 15m
In TN, Too small: 2276, set the buffer length as 15m
In TN, Too small: 2277, set the buffer length as 15m
In TN, Too small: 2278, set the buffer length as 15m
In TN, Too small: 2279, set the buffer length as 15m
In TN, Too small: 2282, set the buffer length as 15m
In TN, Too small: 2283, set the buffer length as 15m
In TN, Too small: 2284, set the buffer length as 15m
In TN, Too small: 2285, set the buffer length as 15m
In TN, Too small: 2287, set the buffer length as 15m
In TN, Too small: 2288, set the buffer length as 15m
In TN, Too small: 2290, set the buffer length as 15m
In TN, Too small: 2292, set the buffer length as 15m
In TN, Too small: 2293, set the buffer length as 15m
In TN, Too small: 2294, set the buffer length as 15m
In TN, Too small: 2297, set the buffer length as 15m
In TN, Too small: 2298, set the buffer length as 15m
In TN, Too small: 2299, set the buffer length as 15m
In TN, Too small: 2300, set the buffer length as 15m
In TN, Too small: 2301, set the buffer length as 15m
In TN, Too small: 2302, set the buffer length as 15m
In TN, Too small: 2303, set the buffer length as 15m
In TN, Too small: 2304, set the buffer length as 15m
In TN, Too small: 2305, set the buffer length as 15m
In TN, Too small: 2306, set the buffer length as 15m
In TN, Too small: 2307, set the buffer length as 15m
In TN, Too small: 2308, set the buffer length as 15m
In TN, Too small: 2310, set the buffer length as 15m
In TN, Too small: 2311, set the buffer length as 15m
In TN, Too small: 2313, set the buffer length as 15m
In TN, Too small: 2315, set the buffer length as 15m
In TN, Too small: 2318, set the buffer length as 15m
In TN, Too small: 2319, set the buffer length as 15m
In TN, Too small: 2320, set the buffer length as 15m
In TN, Too small: 2321, set the buffer length as 15m
In TN, Too small: 2323, set the buffer length as 15m
In TN, Too small: 2324, set the buffer length as 15m
In TN, Too small: 2326, set the buffer length as 15m
In TN, Too small: 2327, set the buffer length as 15m
In TN, Too small: 2331, set the buffer length as 15m
In TN, Too small: 2332, set the buffer length as 15m
In TN, Too small: 2333, set the buffer length as 15m
In TN, Too small: 2334, set the buffer length as 15m
In TN, Too small: 2335, set the buffer length as 15m
In TN, Too small: 2337, set the buffer length as 15m
In TN, Too small: 2338, set the buffer length as 15m
In TN, Too small: 2339, set the buffer length as 15m
In TN, Too small: 2340, set the buffer length as 15m
In TN, Too small: 2341, set the buffer length as 15m
In TN, Too small: 2343, set the buffer length as 15m
In TN, Too small: 2346, set the buffer length as 15m
In TN, Too small: 2347, set the buffer length as 15m
In TN, Too small: 2348, set the buffer length as 15m
In TN, Too small: 2349, set the buffer length as 15m
In TN, Too small: 2350, set the buffer length as 15m
In TN, Too small: 2351, set the buffer length as 15m
In TN, Too small: 2352, set the buffer length as 15m
In TN, Too small: 2353, set the buffer length as 15m
In TN, Too small: 2354, set the buffer length as 15m
In TN, Too small: 2355, set the buffer length as 15m
In TN, Too small: 2356, set the buffer length as 15m
In TN, Too small: 2357, set the buffer length as 15m
In TN, Too small: 2359, set the buffer length as 15m
In TN, Too small: 2360, set the buffer length as 15m
In TN, Too small: 2361, set the buffer length as 15m
In TN, Too small: 2362, set the buffer length as 15m
In TN, Too small: 2363, set the buffer length as 15m
In TN, Too small: 2364, set the buffer length as 15m
In TN, Too small: 2366, set the buffer length as 15m
In TN, Too small: 2367, set the buffer length as 15m
In TN, Too small: 2368, set the buffer length as 15m
In TN, Too small: 2371, set the buffer length as 15m
In TN, Too small: 2372, set the buffer length as 15m
In TN, Too small: 2373, set the buffer length as 15m
In TN, Too small: 2374, set the buffer length as 15m
In TN, Too small: 2376, set the buffer length as 15m
In TN, Too small: 2377, set the buffer length as 15m
In TN, Too small: 2378, set the buffer length as 15m
In TN, Too small: 2379, set the buffer length as 15m
In TN, Too small: 2380, set the buffer length as 15m
In TN, Too small: 2381, set the buffer length as 15m
In TN, Too small: 2382, set the buffer length as 15m
In TN, Too small: 2384, set the buffer length as 15m
In TN, Too small: 2386, set the buffer length as 15m
In TN, Too small: 2390, set the buffer length as 15m
In TN, Too small: 2392, set the buffer length as 15m
In TN, Too small: 2393, set the buffer length as 15m
In TN, Too small: 2396, set the buffer length as 15m
In TN, Too small: 2399, set the buffer length as 15m
In TN, Too small: 2402, set the buffer length as 15m
In TN, Too small: 2403, set the buffer length as 15m
In TN, Too small: 2404, set the buffer length as 15m
In TN, Too small: 2407, set the buffer length as 15m
In TN, Too small: 2408, set the buffer length as 15m
In TN, Too small: 2409, set the buffer length as 15m
In TN, Too small: 2410, set the buffer length as 15m
In TN, Too small: 2412, set the buffer length as 15m
In TN, Too small: 2413, set the buffer length as 15m
In TN, Too small: 2414, set the buffer length as 15m
In TN, Too small: 2415, set the buffer length as 15m
In TN, Too small: 2416, set the buffer length as 15m
In TN, Too small: 2417, set the buffer length as 15m
In TN, Too small: 2418, set the buffer length as 15m
In TN, Too small: 2422, set the buffer length as 15m
In TN, Too small: 2423, set the buffer length as 15m
In TN, Too small: 2424, set the buffer length as 15m
In TN, Too small: 2426, set the buffer length as 15m
In TN, Too small: 2427, set the buffer length as 15m
In TN, Too small: 2428, set the buffer length as 15m
In TN, Too small: 2429, set the buffer length as 15m
In TN, Too small: 2432, set the buffer length as 15m
In TN, Too small: 2433, set the buffer length as 15m
In TN, Too small: 2435, set the buffer length as 15m
In TN, Too small: 2436, set the buffer length as 15m
In TN, Too small: 2438, set the buffer length as 15m
In TN, Too small: 2440, set the buffer length as 15m
In TN, Too small: 2441, set the buffer length as 15m
In TN, Too small: 2442, set the buffer length as 15m
In TN, Too small: 2443, set the buffer length as 15m
In TN, Too small: 2444, set the buffer length as 15m
In TN, Too small: 2445, set the buffer length as 15m
In TN, Too small: 2446, set the buffer length as 15m
In TN, Too small: 2447, set the buffer length as 15m
In TN, Too small: 2449, set the buffer length as 15m
In TN, Too small: 2452, set the buffer length as 15m
In TN, Too small: 2453, set the buffer length as 15m
In TN, Too small: 2455, set the buffer length as 15m
In TN, Too small: 2456, set the buffer length as 15m
In TN, Too small: 2457, set the buffer length as 15m
In TN, Too small: 2458, set the buffer length as 15m
In TN, Too small: 2459, set the buffer length as 15m
In TN, Too small: 2460, set the buffer length as 15m
In TN, Too small: 2462, set the buffer length as 15m
In TN, Too small: 2463, set the buffer length as 15m
In TN, Too small: 2464, set the buffer length as 15m
In TN, Too small: 2466, set the buffer length as 15m
In TN, Too small: 2468, set the buffer length as 15m
In TN, Too small: 2469, set the buffer length as 15m
In TN, Too small: 2471, set the buffer length as 15m
In TN, Too small: 2472, set the buffer length as 15m
In TN, Too small: 2473, set the buffer length as 15m
In TN, Too small: 2476, set the buffer length as 15m
In TN, Too small: 2477, set the buffer length as 15m
In TN, Too small: 2478, set the buffer length as 15m
In TN, Too small: 2479, set the buffer length as 15m
In TN, Too small: 2482, set the buffer length as 15m
In TN, Too small: 2484, set the buffer length as 15m
In TN, Too small: 2485, set the buffer length as 15m
In TN, Too small: 2489, set the buffer length as 15m
In TN, Too small: 2490, set the buffer length as 15m
In TN, Too small: 2492, set the buffer length as 15m
In TN, Too small: 2497, set the buffer length as 15m
In TN, Too small: 2499, set the buffer length as 15m
In TN, Too small: 2500, set the buffer length as 15m
In TN, Too small: 2501, set the buffer length as 15m
In TN, Too small: 2502, set the buffer length as 15m
In TN, Too small: 2505, set the buffer length as 15m
In TN, Too small: 2509, set the buffer length as 15m
In TN, Too small: 2512, set the buffer length as 15m
In TN, Too small: 2513, set the buffer length as 15m
In TN, Too small: 2516, set the buffer length as 15m
In TN, Too small: 2517, set the buffer length as 15m
In TN, Too small: 2518, set the buffer length as 15m
In TN, Too small: 2519, set the buffer length as 15m
In TN, Too small: 2520, set the buffer length as 15m
In TN, Too small: 2523, set the buffer length as 15m
In TN, Too small: 2524, set the buffer length as 15m
In TN, Too small: 2526, set the buffer length as 15m
In TN, Too small: 2528, set the buffer length as 15m
In TN, Too small: 2531, set the buffer length as 15m
In TN, Too small: 2532, set the buffer length as 15m
In TN, Too small: 2533, set the buffer length as 15m
In TN, Too small: 2535, set the buffer length as 15m
In TN, Too small: 2536, set the buffer length as 15m
In TN, Too small: 2538, set the buffer length as 15m
In TN, Too small: 2542, set the buffer length as 15m
In TN, Too small: 2544, set the buffer length as 15m
In TN, Too small: 2545, set the buffer length as 15m
In TN, Too small: 2547, set the buffer length as 15m
In TN, Too small: 2548, set the buffer length as 15m
In TN, Too small: 2551, set the buffer length as 15m
In TN, Too small: 2553, set the buffer length as 15m
In TN, Too small: 2555, set the buffer length as 15m
In TN, Too small: 2557, set the buffer length as 15m
In TN, Too small: 2558, set the buffer length as 15m
In TN, Too small: 2559, set the buffer length as 15m
In TN, Too small: 2560, set the buffer length as 15m
In TN, Too small: 2562, set the buffer length as 15m
In TN, Too small: 2563, set the buffer length as 15m
In TN, Too small: 2564, set the buffer length as 15m
In TN, Too small: 2565, set the buffer length as 15m
In TN, Too small: 2567, set the buffer length as 15m
In TN, Too small: 2569, set the buffer length as 15m
In TN, Too small: 2570, set the buffer length as 15m
In TN, Too small: 2572, set the buffer length as 15m
In TN, Too small: 2574, set the buffer length as 15m
In TN, Too small: 2575, set the buffer length as 15m
In TN, Too small: 2579, set the buffer length as 15m
In TN, Too small: 2580, set the buffer length as 15m
In TN, Too small: 2581, set the buffer length as 15m
In TN, Too small: 2582, set the buffer length as 15m
In TN, Too small: 2583, set the buffer length as 15m
In TN, Too small: 2587, set the buffer length as 15m
In TN, Too small: 2588, set the buffer length as 15m
In TN, Too small: 2589, set the buffer length as 15m
In TN, Too small: 2590, set the buffer length as 15m
In TN, Too small: 2591, set the buffer length as 15m
In TN, Too small: 2592, set the buffer length as 15m
In TN, Too small: 2596, set the buffer length as 15m
In TN, Too small: 2597, set the buffer length as 15m
In TN, Too small: 2598, set the buffer length as 15m
In TN, Too small: 2599, set the buffer length as 15m
In TN, Too small: 2606, set the buffer length as 15m
In TN, Too small: 2607, set the buffer length as 15m
In TN, Too small: 2609, set the buffer length as 15m
In TN, Too small: 2610, set the buffer length as 15m
In TN, Too small: 2613, set the buffer length as 15m
In TN, Too small: 2614, set the buffer length as 15m
In TN, Too small: 2617, set the buffer length as 15m
In TN, Too small: 2618, set the buffer length as 15m
In TN, Too small: 2620, set the buffer length as 15m
In TN, Too small: 2622, set the buffer length as 15m
In TN, Too small: 2624, set the buffer length as 15m
In TN, Too small: 2625, set the buffer length as 15m
In TN, Too small: 2629, set the buffer length as 15m
In TN, Too small: 2630, set the buffer length as 15m
In TN, Too small: 2632, set the buffer length as 15m
In TN, Too small: 2636, set the buffer length as 15m
In TN, Too small: 2639, set the buffer length as 15m
In TN, Too small: 2640, set the buffer length as 15m
In TN, Too small: 2641, set the buffer length as 15m
In TN, Too small: 2643, set the buffer length as 15m
In TN, Too small: 2644, set the buffer length as 15m
In TN, Too small: 2645, set the buffer length as 15m
In TN, Too small: 2646, set the buffer length as 15m
In TN, Too small: 2649, set the buffer length as 15m
In TN, Too small: 2651, set the buffer length as 15m
In TN, Too small: 2652, set the buffer length as 15m
In TN, Too small: 2654, set the buffer length as 15m
In TN, Too small: 2656, set the buffer length as 15m
In TN, Too small: 2658, set the buffer length as 15m
In TN, Too small: 2659, set the buffer length as 15m
In TN, Too small: 2662, set the buffer length as 15m
In TN, Too small: 2663, set the buffer length as 15m
In TN, Too small: 2664, set the buffer length as 15m
In TN, Too small: 2665, set the buffer length as 15m
In TN, Too small: 2666, set the buffer length as 15m
In TN, Too small: 2669, set the buffer length as 15m
In TN, Too small: 2670, set the buffer length as 15m
In TN, Too small: 2671, set the buffer length as 15m
In TN, Too small: 2672, set the buffer length as 15m
In TN, Too small: 2674, set the buffer length as 15m
In TN, Too small: 2675, set the buffer length as 15m
In TN, Too small: 2676, set the buffer length as 15m
In TN, Too small: 2677, set the buffer length as 15m
In TN, Too small: 2678, set the buffer length as 15m
In TN, Too small: 2679, set the buffer length as 15m
In TN, Too small: 2680, set the buffer length as 15m
In TN, Too small: 2682, set the buffer length as 15m
In TN, Too small: 2683, set the buffer length as 15m
In TN, Too small: 2685, set the buffer length as 15m
In TN, Too small: 2687, set the buffer length as 15m
In TN, Too small: 2688, set the buffer length as 15m
In TN, Too small: 2689, set the buffer length as 15m
In TN, Too small: 2691, set the buffer length as 15m
In TN, Too small: 2692, set the buffer length as 15m
In TN, Too small: 2694, set the buffer length as 15m
In TN, Too small: 2696, set the buffer length as 15m
In TN, Too small: 2697, set the buffer length as 15m
In TN, Too small: 2698, set the buffer length as 15m
In TN, Too small: 2699, set the buffer length as 15m
In TN, Too small: 2700, set the buffer length as 15m
In TN, Too small: 2703, set the buffer length as 15m
In TN, Too small: 2705, set the buffer length as 15m
In TN, Too small: 2706, set the buffer length as 15m
In TN, Too small: 2707, set the buffer length as 15m
In TN, Too small: 2708, set the buffer length as 15m
In TN, Too small: 2709, set the buffer length as 15m
In TN, Too small: 2710, set the buffer length as 15m
In TN, Too small: 2712, set the buffer length as 15m
In TN, Too small: 2714, set the buffer length as 15m
In TN, Too small: 2715, set the buffer length as 15m
In TN, Too small: 2717, set the buffer length as 15m
In TN, Too small: 2718, set the buffer length as 15m
In TN, Too small: 2720, set the buffer length as 15m
In TN, Too small: 2721, set the buffer length as 15m
In TN, Too small: 2722, set the buffer length as 15m
In TN, Too small: 2723, set the buffer length as 15m
In TN, Too small: 2724, set the buffer length as 15m
In TN, Too small: 2725, set the buffer length as 15m
In TN, Too small: 2726, set the buffer length as 15m
In TN, Too small: 2727, set the buffer length as 15m
In TN, Too small: 2728, set the buffer length as 15m
In TN, Too small: 2729, set the buffer length as 15m
In TN, Too small: 2730, set the buffer length as 15m
In TN, Too small: 2731, set the buffer length as 15m
In TN, Too small: 2735, set the buffer length as 15m
In TN, Too small: 2739, set the buffer length as 15m
In TN, Too small: 2740, set the buffer length as 15m
In TN, Too small: 2742, set the buffer length as 15m
In TN, Too small: 2746, set the buffer length as 15m
In TN, Too small: 2748, set the buffer length as 15m
In TN, Too small: 2749, set the buffer length as 15m
In TN, Too small: 2750, set the buffer length as 15m
In TN, Too small: 2751, set the buffer length as 15m
In TN, Too small: 2752, set the buffer length as 15m
In TN, Too small: 2753, set the buffer length as 15m
In TN, Too small: 2754, set the buffer length as 15m
In TN, Too small: 2755, set the buffer length as 15m
In TN, Too small: 2758, set the buffer length as 15m
In TN, Too small: 2760, set the buffer length as 15m
In TN, Too small: 2762, set the buffer length as 15m
In TN, Too small: 2764, set the buffer length as 15m
In TN, Too small: 2765, set the buffer length as 15m
In TN, Too small: 2771, set the buffer length as 15m
In TN, Too small: 2772, set the buffer length as 15m
In TN, Too small: 2775, set the buffer length as 15m
In TN, Too small: 2778, set the buffer length as 15m
In TN, Too small: 2783, set the buffer length as 15m
In TN, Too small: 2788, set the buffer length as 15m
In TN, Too small: 2793, set the buffer length as 15m
In TN, Too small: 2794, set the buffer length as 15m
In TN, Too small: 2795, set the buffer length as 15m
In TN, Too small: 2798, set the buffer length as 15m
In TN, Too small: 2800, set the buffer length as 15m
In TN, Too small: 2802, set the buffer length as 15m
In TN, Too small: 2803, set the buffer length as 15m
In TN, Too small: 2804, set the buffer length as 15m
In TN, Too small: 2805, set the buffer length as 15m
In TN, Too small: 2806, set the buffer length as 15m
In TN, Too small: 2807, set the buffer length as 15m
In TN, Too small: 2809, set the buffer length as 15m
In TN, Too small: 2811, set the buffer length as 15m
In TN, Too small: 2812, set the buffer length as 15m
In TN, Too small: 2813, set the buffer length as 15m
In TN, Too small: 2814, set the buffer length as 15m
In TN, Too small: 2815, set the buffer length as 15m
In TN, Too small: 2816, set the buffer length as 15m
In TN, Too small: 2817, set the buffer length as 15m
In TN, Too small: 2819, set the buffer length as 15m
In TN, Too small: 2820, set the buffer length as 15m
In TN, Too small: 2821, set the buffer length as 15m
In TN, Too small: 2822, set the buffer length as 15m
In TN, Too small: 2823, set the buffer length as 15m
In TN, Too small: 2824, set the buffer length as 15m
In TN, Too small: 2825, set the buffer length as 15m
In TN, Too small: 2826, set the buffer length as 15m
In TN, Too small: 2827, set the buffer length as 15m
In TN, Too small: 2829, set the buffer length as 15m
In TN, Too small: 2830, set the buffer length as 15m
In TN, Too small: 2831, set the buffer length as 15m
In TN, Too small: 2832, set the buffer length as 15m
In TN, Too small: 2834, set the buffer length as 15m
In TN, Too small: 2835, set the buffer length as 15m
In TN, Too small: 2836, set the buffer length as 15m
In TN, Too small: 2838, set the buffer length as 15m
In TN, Too small: 2839, set the buffer length as 15m
In TN, Too small: 2840, set the buffer length as 15m
In TN, Too small: 2841, set the buffer length as 15m
In TN, Too small: 2842, set the buffer length as 15m
In TN, Too small: 2844, set the buffer length as 15m
In TN, Too small: 2845, set the buffer length as 15m
In TN, Too small: 2846, set the buffer length as 15m
In TN, Too small: 2847, set the buffer length as 15m
In TN, Too small: 2848, set the buffer length as 15m
In TN, Too small: 2849, set the buffer length as 15m
In TN, Too small: 2850, set the buffer length as 15m
File exists.
SC
#Total: 9139
In SC, Too small: 50, set the buffer length as 15m
In SC, Too small: 3368, set the buffer length as 15m
In SC, Too small: 3558, set the buffer length as 15m
In SC, Too small: 3841, set the buffer length as 15m
In SC, Too small: 4087, set the buffer length as 15m
In SC, Too small: 4483, set the buffer length as 15m
In SC, Too small: 4509, set the buffer length as 15m
In SC, Too small: 4725, set the buffer length as 15m
In SC, Too small: 4760, set the buffer length as 15m
In SC, Too small: 4767, set the buffer length as 15m
In SC, Too small: 5051, set the buffer length as 15m
In SC, Too small: 5608, set the buffer length as 15m
In SC, Too small: 5781, set the buffer length as 15m
In SC, Too small: 6636, set the buffer length as 15m
In SC, Too small: 6663, set the buffer length as 15m
In SC, Too small: 6997, set the buffer length as 15m
In SC, Too small: 7195, set the buffer length as 15m
In SC, Too small: 7622, set the buffer length as 15m
In SC, Too small: 7851, set the buffer length as 15m
In SC, Too small: 7914, set the buffer length as 15m
In SC, Too small: 7944, set the buffer length as 15m
In SC, Too small: 8113, set the buffer length as 15m
In SC, Too small: 8180, set the buffer length as 15m
In SC, Too small: 8369, set the buffer length as 15m
In SC, Too small: 9001, set the buffer length as 15m
File exists.
NC
#Total: 933
File exists.
FL
#Total: 21259
File exists.
AL
#Total: 11937
In AL, Too small: 1645, set the buffer length as 15m
In AL, Too small: 9573, set the buffer length as 15m
In AL, Too small: 10539, set the buffer length as 15m
In AL, Too small: 10864, set the buffer length as 15m
File exists.
MS
#Total: 3148
File exists.
GA
#Total: 42981
File exists.
TN
#Total: 2001
In TN, Too small: 1, set the buffer length as 15m
In TN, Too small: 2, set the buffer length as 15m
In TN, Too small: 3, set the buffer length as 15m
In TN, Too small: 4, set the buffer length as 15m
In TN, Too small: 5, set the buffer length as 15m
In TN, Too small: 7, set the buffer length as 15m
In TN, Too small: 8, set the buffer length as 15m
In TN, Too small: 9, set the buffer length as 15m
In TN, Too small: 10, set the buffer length as 15m
In TN, Too small: 11, set the buffer length as 15m
In TN, Too small: 12, set the buffer length as 15m
In TN, Too small: 13, set the buffer length as 15m
In TN, Too small: 14, set the buffer length as 15m
In TN, Too small: 16, set the buffer length as 15m
In TN, Too small: 17, set the buffer length as 15m
In TN, Too small: 18, set the buffer length as 15m
In TN, Too small: 24, set the buffer length as 15m
In TN, Too small: 26, set the buffer length as 15m
In TN, Too small: 27, set the buffer length as 15m
In TN, Too small: 28, set the buffer length as 15m
In TN, Too small: 30, set the buffer length as 15m
In TN, Too small: 32, set the buffer length as 15m
In TN, Too small: 35, set the buffer length as 15m
In TN, Too small: 38, set the buffer length as 15m
In TN, Too small: 40, set the buffer length as 15m
In TN, Too small: 42, set the buffer length as 15m
In TN, Too small: 47, set the buffer length as 15m
In TN, Too small: 48, set the buffer length as 15m
In TN, Too small: 49, set the buffer length as 15m
In TN, Too small: 50, set the buffer length as 15m
In TN, Too small: 51, set the buffer length as 15m
In TN, Too small: 52, set the buffer length as 15m
In TN, Too small: 53, set the buffer length as 15m
In TN, Too small: 54, set the buffer length as 15m
In TN, Too small: 55, set the buffer length as 15m
In TN, Too small: 56, set the buffer length as 15m
In TN, Too small: 57, set the buffer length as 15m
In TN, Too small: 58, set the buffer length as 15m
In TN, Too small: 60, set the buffer length as 15m
In TN, Too small: 61, set the buffer length as 15m
In TN, Too small: 62, set the buffer length as 15m
In TN, Too small: 63, set the buffer length as 15m
In TN, Too small: 64, set the buffer length as 15m
In TN, Too small: 65, set the buffer length as 15m
In TN, Too small: 66, set the buffer length as 15m
In TN, Too small: 68, set the buffer length as 15m
In TN, Too small: 69, set the buffer length as 15m
In TN, Too small: 70, set the buffer length as 15m
In TN, Too small: 71, set the buffer length as 15m
In TN, Too small: 72, set the buffer length as 15m
In TN, Too small: 73, set the buffer length as 15m
In TN, Too small: 74, set the buffer length as 15m
In TN, Too small: 75, set the buffer length as 15m
In TN, Too small: 79, set the buffer length as 15m
In TN, Too small: 81, set the buffer length as 15m
In TN, Too small: 84, set the buffer length as 15m
In TN, Too small: 89, set the buffer length as 15m
In TN, Too small: 90, set the buffer length as 15m
In TN, Too small: 92, set the buffer length as 15m
In TN, Too small: 94, set the buffer length as 15m
In TN, Too small: 97, set the buffer length as 15m
In TN, Too small: 99, set the buffer length as 15m
In TN, Too small: 101, set the buffer length as 15m
In TN, Too small: 102, set the buffer length as 15m
In TN, Too small: 103, set the buffer length as 15m
In TN, Too small: 105, set the buffer length as 15m
In TN, Too small: 106, set the buffer length as 15m
In TN, Too small: 107, set the buffer length as 15m
In TN, Too small: 108, set the buffer length as 15m
In TN, Too small: 110, set the buffer length as 15m
In TN, Too small: 115, set the buffer length as 15m
In TN, Too small: 116, set the buffer length as 15m
In TN, Too small: 120, set the buffer length as 15m
In TN, Too small: 121, set the buffer length as 15m
In TN, Too small: 124, set the buffer length as 15m
In TN, Too small: 127, set the buffer length as 15m
In TN, Too small: 129, set the buffer length as 15m
In TN, Too small: 130, set the buffer length as 15m
In TN, Too small: 131, set the buffer length as 15m
In TN, Too small: 133, set the buffer length as 15m
In TN, Too small: 136, set the buffer length as 15m
In TN, Too small: 142, set the buffer length as 15m
In TN, Too small: 145, set the buffer length as 15m
In TN, Too small: 146, set the buffer length as 15m
In TN, Too small: 150, set the buffer length as 15m
In TN, Too small: 151, set the buffer length as 15m
In TN, Too small: 157, set the buffer length as 15m
In TN, Too small: 158, set the buffer length as 15m
In TN, Too small: 160, set the buffer length as 15m
In TN, Too small: 162, set the buffer length as 15m
In TN, Too small: 165, set the buffer length as 15m
In TN, Too small: 169, set the buffer length as 15m
In TN, Too small: 180, set the buffer length as 15m
In TN, Too small: 184, set the buffer length as 15m
In TN, Too small: 185, set the buffer length as 15m
In TN, Too small: 187, set the buffer length as 15m
In TN, Too small: 191, set the buffer length as 15m
In TN, Too small: 192, set the buffer length as 15m
In TN, Too small: 198, set the buffer length as 15m
In TN, Too small: 199, set the buffer length as 15m
In TN, Too small: 202, set the buffer length as 15m
In TN, Too small: 205, set the buffer length as 15m
In TN, Too small: 206, set the buffer length as 15m
In TN, Too small: 207, set the buffer length as 15m
In TN, Too small: 208, set the buffer length as 15m
In TN, Too small: 209, set the buffer length as 15m
In TN, Too small: 212, set the buffer length as 15m
In TN, Too small: 214, set the buffer length as 15m
In TN, Too small: 215, set the buffer length as 15m
In TN, Too small: 219, set the buffer length as 15m
In TN, Too small: 220, set the buffer length as 15m
In TN, Too small: 221, set the buffer length as 15m
In TN, Too small: 223, set the buffer length as 15m
In TN, Too small: 224, set the buffer length as 15m
In TN, Too small: 225, set the buffer length as 15m
In TN, Too small: 228, set the buffer length as 15m
In TN, Too small: 230, set the buffer length as 15m
In TN, Too small: 231, set the buffer length as 15m
In TN, Too small: 234, set the buffer length as 15m
In TN, Too small: 236, set the buffer length as 15m
In TN, Too small: 239, set the buffer length as 15m
In TN, Too small: 245, set the buffer length as 15m
In TN, Too small: 248, set the buffer length as 15m
In TN, Too small: 249, set the buffer length as 15m
In TN, Too small: 250, set the buffer length as 15m
In TN, Too small: 251, set the buffer length as 15m
In TN, Too small: 252, set the buffer length as 15m
In TN, Too small: 253, set the buffer length as 15m
In TN, Too small: 254, set the buffer length as 15m
In TN, Too small: 255, set the buffer length as 15m
In TN, Too small: 256, set the buffer length as 15m
In TN, Too small: 258, set the buffer length as 15m
In TN, Too small: 259, set the buffer length as 15m
In TN, Too small: 261, set the buffer length as 15m
In TN, Too small: 263, set the buffer length as 15m
In TN, Too small: 264, set the buffer length as 15m
In TN, Too small: 265, set the buffer length as 15m
In TN, Too small: 267, set the buffer length as 15m
In TN, Too small: 268, set the buffer length as 15m
In TN, Too small: 270, set the buffer length as 15m
In TN, Too small: 271, set the buffer length as 15m
In TN, Too small: 272, set the buffer length as 15m
In TN, Too small: 274, set the buffer length as 15m
In TN, Too small: 275, set the buffer length as 15m
In TN, Too small: 277, set the buffer length as 15m
In TN, Too small: 279, set the buffer length as 15m
In TN, Too small: 280, set the buffer length as 15m
In TN, Too small: 281, set the buffer length as 15m
In TN, Too small: 282, set the buffer length as 15m
In TN, Too small: 283, set the buffer length as 15m
In TN, Too small: 284, set the buffer length as 15m
In TN, Too small: 287, set the buffer length as 15m
In TN, Too small: 288, set the buffer length as 15m
In TN, Too small: 289, set the buffer length as 15m
In TN, Too small: 290, set the buffer length as 15m
In TN, Too small: 291, set the buffer length as 15m
In TN, Too small: 292, set the buffer length as 15m
In TN, Too small: 293, set the buffer length as 15m
In TN, Too small: 295, set the buffer length as 15m
In TN, Too small: 297, set the buffer length as 15m
In TN, Too small: 298, set the buffer length as 15m
In TN, Too small: 299, set the buffer length as 15m
In TN, Too small: 300, set the buffer length as 15m
In TN, Too small: 301, set the buffer length as 15m
In TN, Too small: 303, set the buffer length as 15m
In TN, Too small: 308, set the buffer length as 15m
In TN, Too small: 309, set the buffer length as 15m
In TN, Too small: 310, set the buffer length as 15m
In TN, Too small: 312, set the buffer length as 15m
In TN, Too small: 315, set the buffer length as 15m
In TN, Too small: 316, set the buffer length as 15m
In TN, Too small: 317, set the buffer length as 15m
In TN, Too small: 320, set the buffer length as 15m
In TN, Too small: 322, set the buffer length as 15m
In TN, Too small: 323, set the buffer length as 15m
In TN, Too small: 324, set the buffer length as 15m
In TN, Too small: 325, set the buffer length as 15m
In TN, Too small: 327, set the buffer length as 15m
In TN, Too small: 332, set the buffer length as 15m
In TN, Too small: 335, set the buffer length as 15m
In TN, Too small: 336, set the buffer length as 15m
In TN, Too small: 337, set the buffer length as 15m
In TN, Too small: 338, set the buffer length as 15m
In TN, Too small: 340, set the buffer length as 15m
In TN, Too small: 341, set the buffer length as 15m
In TN, Too small: 343, set the buffer length as 15m
In TN, Too small: 344, set the buffer length as 15m
In TN, Too small: 348, set the buffer length as 15m
In TN, Too small: 353, set the buffer length as 15m
In TN, Too small: 355, set the buffer length as 15m
In TN, Too small: 357, set the buffer length as 15m
In TN, Too small: 360, set the buffer length as 15m
In TN, Too small: 361, set the buffer length as 15m
In TN, Too small: 362, set the buffer length as 15m
In TN, Too small: 368, set the buffer length as 15m
In TN, Too small: 371, set the buffer length as 15m
In TN, Too small: 374, set the buffer length as 15m
In TN, Too small: 377, set the buffer length as 15m
In TN, Too small: 379, set the buffer length as 15m
In TN, Too small: 380, set the buffer length as 15m
In TN, Too small: 388, set the buffer length as 15m
In TN, Too small: 389, set the buffer length as 15m
In TN, Too small: 392, set the buffer length as 15m
In TN, Too small: 395, set the buffer length as 15m
In TN, Too small: 396, set the buffer length as 15m
In TN, Too small: 397, set the buffer length as 15m
In TN, Too small: 401, set the buffer length as 15m
In TN, Too small: 404, set the buffer length as 15m
In TN, Too small: 406, set the buffer length as 15m
In TN, Too small: 409, set the buffer length as 15m
In TN, Too small: 413, set the buffer length as 15m
In TN, Too small: 416, set the buffer length as 15m
In TN, Too small: 417, set the buffer length as 15m
In TN, Too small: 420, set the buffer length as 15m
In TN, Too small: 421, set the buffer length as 15m
In TN, Too small: 430, set the buffer length as 15m
In TN, Too small: 431, set the buffer length as 15m
In TN, Too small: 433, set the buffer length as 15m
In TN, Too small: 434, set the buffer length as 15m
In TN, Too small: 438, set the buffer length as 15m
In TN, Too small: 439, set the buffer length as 15m
In TN, Too small: 441, set the buffer length as 15m
In TN, Too small: 442, set the buffer length as 15m
In TN, Too small: 445, set the buffer length as 15m
In TN, Too small: 448, set the buffer length as 15m
In TN, Too small: 451, set the buffer length as 15m
In TN, Too small: 453, set the buffer length as 15m
In TN, Too small: 456, set the buffer length as 15m
In TN, Too small: 457, set the buffer length as 15m
In TN, Too small: 459, set the buffer length as 15m
In TN, Too small: 460, set the buffer length as 15m
In TN, Too small: 463, set the buffer length as 15m
In TN, Too small: 464, set the buffer length as 15m
In TN, Too small: 471, set the buffer length as 15m
In TN, Too small: 472, set the buffer length as 15m
In TN, Too small: 474, set the buffer length as 15m
In TN, Too small: 476, set the buffer length as 15m
In TN, Too small: 477, set the buffer length as 15m
In TN, Too small: 479, set the buffer length as 15m
In TN, Too small: 480, set the buffer length as 15m
In TN, Too small: 482, set the buffer length as 15m
In TN, Too small: 485, set the buffer length as 15m
In TN, Too small: 487, set the buffer length as 15m
In TN, Too small: 488, set the buffer length as 15m
In TN, Too small: 496, set the buffer length as 15m
In TN, Too small: 497, set the buffer length as 15m
In TN, Too small: 498, set the buffer length as 15m
In TN, Too small: 501, set the buffer length as 15m
In TN, Too small: 502, set the buffer length as 15m
In TN, Too small: 503, set the buffer length as 15m
In TN, Too small: 504, set the buffer length as 15m
In TN, Too small: 506, set the buffer length as 15m
In TN, Too small: 512, set the buffer length as 15m
In TN, Too small: 514, set the buffer length as 15m
In TN, Too small: 516, set the buffer length as 15m
In TN, Too small: 517, set the buffer length as 15m
In TN, Too small: 518, set the buffer length as 15m
In TN, Too small: 519, set the buffer length as 15m
In TN, Too small: 520, set the buffer length as 15m
In TN, Too small: 521, set the buffer length as 15m
In TN, Too small: 524, set the buffer length as 15m
In TN, Too small: 527, set the buffer length as 15m
In TN, Too small: 530, set the buffer length as 15m
In TN, Too small: 531, set the buffer length as 15m
In TN, Too small: 535, set the buffer length as 15m
In TN, Too small: 538, set the buffer length as 15m
In TN, Too small: 541, set the buffer length as 15m
In TN, Too small: 543, set the buffer length as 15m
In TN, Too small: 545, set the buffer length as 15m
In TN, Too small: 547, set the buffer length as 15m
In TN, Too small: 548, set the buffer length as 15m
In TN, Too small: 550, set the buffer length as 15m
In TN, Too small: 551, set the buffer length as 15m
In TN, Too small: 552, set the buffer length as 15m
In TN, Too small: 554, set the buffer length as 15m
In TN, Too small: 555, set the buffer length as 15m
In TN, Too small: 560, set the buffer length as 15m
In TN, Too small: 571, set the buffer length as 15m
In TN, Too small: 572, set the buffer length as 15m
In TN, Too small: 576, set the buffer length as 15m
In TN, Too small: 578, set the buffer length as 15m
In TN, Too small: 592, set the buffer length as 15m
In TN, Too small: 593, set the buffer length as 15m
In TN, Too small: 595, set the buffer length as 15m
In TN, Too small: 606, set the buffer length as 15m
In TN, Too small: 608, set the buffer length as 15m
In TN, Too small: 615, set the buffer length as 15m
In TN, Too small: 619, set the buffer length as 15m
In TN, Too small: 620, set the buffer length as 15m
In TN, Too small: 621, set the buffer length as 15m
In TN, Too small: 624, set the buffer length as 15m
In TN, Too small: 631, set the buffer length as 15m
In TN, Too small: 635, set the buffer length as 15m
In TN, Too small: 644, set the buffer length as 15m
In TN, Too small: 648, set the buffer length as 15m
In TN, Too small: 653, set the buffer length as 15m
In TN, Too small: 654, set the buffer length as 15m
In TN, Too small: 655, set the buffer length as 15m
In TN, Too small: 656, set the buffer length as 15m
In TN, Too small: 657, set the buffer length as 15m
In TN, Too small: 658, set the buffer length as 15m
In TN, Too small: 660, set the buffer length as 15m
In TN, Too small: 661, set the buffer length as 15m
In TN, Too small: 664, set the buffer length as 15m
In TN, Too small: 665, set the buffer length as 15m
In TN, Too small: 666, set the buffer length as 15m
In TN, Too small: 673, set the buffer length as 15m
In TN, Too small: 675, set the buffer length as 15m
In TN, Too small: 676, set the buffer length as 15m
In TN, Too small: 678, set the buffer length as 15m
In TN, Too small: 681, set the buffer length as 15m
In TN, Too small: 686, set the buffer length as 15m
In TN, Too small: 687, set the buffer length as 15m
In TN, Too small: 698, set the buffer length as 15m
In TN, Too small: 701, set the buffer length as 15m
In TN, Too small: 704, set the buffer length as 15m
In TN, Too small: 707, set the buffer length as 15m
In TN, Too small: 714, set the buffer length as 15m
In TN, Too small: 724, set the buffer length as 15m
In TN, Too small: 727, set the buffer length as 15m
In TN, Too small: 728, set the buffer length as 15m
In TN, Too small: 732, set the buffer length as 15m
In TN, Too small: 733, set the buffer length as 15m
In TN, Too small: 737, set the buffer length as 15m
In TN, Too small: 746, set the buffer length as 15m
In TN, Too small: 748, set the buffer length as 15m
In TN, Too small: 749, set the buffer length as 15m
In TN, Too small: 752, set the buffer length as 15m
In TN, Too small: 754, set the buffer length as 15m
In TN, Too small: 755, set the buffer length as 15m
In TN, Too small: 757, set the buffer length as 15m
In TN, Too small: 759, set the buffer length as 15m
In TN, Too small: 761, set the buffer length as 15m
In TN, Too small: 763, set the buffer length as 15m
In TN, Too small: 766, set the buffer length as 15m
In TN, Too small: 768, set the buffer length as 15m
In TN, Too small: 772, set the buffer length as 15m
In TN, Too small: 775, set the buffer length as 15m
In TN, Too small: 778, set the buffer length as 15m
In TN, Too small: 780, set the buffer length as 15m
In TN, Too small: 787, set the buffer length as 15m
In TN, Too small: 788, set the buffer length as 15m
In TN, Too small: 789, set the buffer length as 15m
In TN, Too small: 792, set the buffer length as 15m
In TN, Too small: 795, set the buffer length as 15m
In TN, Too small: 796, set the buffer length as 15m
In TN, Too small: 799, set the buffer length as 15m
In TN, Too small: 801, set the buffer length as 15m
In TN, Too small: 802, set the buffer length as 15m
In TN, Too small: 813, set the buffer length as 15m
In TN, Too small: 815, set the buffer length as 15m
In TN, Too small: 818, set the buffer length as 15m
In TN, Too small: 821, set the buffer length as 15m
In TN, Too small: 822, set the buffer length as 15m
In TN, Too small: 826, set the buffer length as 15m
In TN, Too small: 829, set the buffer length as 15m
In TN, Too small: 831, set the buffer length as 15m
In TN, Too small: 838, set the buffer length as 15m
In TN, Too small: 845, set the buffer length as 15m
In TN, Too small: 847, set the buffer length as 15m
In TN, Too small: 848, set the buffer length as 15m
In TN, Too small: 850, set the buffer length as 15m
In TN, Too small: 854, set the buffer length as 15m
In TN, Too small: 858, set the buffer length as 15m
In TN, Too small: 860, set the buffer length as 15m
In TN, Too small: 862, set the buffer length as 15m
In TN, Too small: 863, set the buffer length as 15m
In TN, Too small: 864, set the buffer length as 15m
In TN, Too small: 866, set the buffer length as 15m
In TN, Too small: 867, set the buffer length as 15m
In TN, Too small: 870, set the buffer length as 15m
In TN, Too small: 872, set the buffer length as 15m
In TN, Too small: 874, set the buffer length as 15m
In TN, Too small: 878, set the buffer length as 15m
In TN, Too small: 886, set the buffer length as 15m
In TN, Too small: 889, set the buffer length as 15m
In TN, Too small: 890, set the buffer length as 15m
In TN, Too small: 891, set the buffer length as 15m
In TN, Too small: 894, set the buffer length as 15m
In TN, Too small: 895, set the buffer length as 15m
In TN, Too small: 897, set the buffer length as 15m
In TN, Too small: 901, set the buffer length as 15m
In TN, Too small: 902, set the buffer length as 15m
In TN, Too small: 911, set the buffer length as 15m
In TN, Too small: 915, set the buffer length as 15m
In TN, Too small: 917, set the buffer length as 15m
In TN, Too small: 918, set the buffer length as 15m
In TN, Too small: 921, set the buffer length as 15m
In TN, Too small: 922, set the buffer length as 15m
In TN, Too small: 923, set the buffer length as 15m
In TN, Too small: 924, set the buffer length as 15m
In TN, Too small: 925, set the buffer length as 15m
In TN, Too small: 926, set the buffer length as 15m
In TN, Too small: 927, set the buffer length as 15m
In TN, Too small: 928, set the buffer length as 15m
In TN, Too small: 929, set the buffer length as 15m
In TN, Too small: 930, set the buffer length as 15m
In TN, Too small: 933, set the buffer length as 15m
In TN, Too small: 935, set the buffer length as 15m
In TN, Too small: 936, set the buffer length as 15m
In TN, Too small: 939, set the buffer length as 15m
In TN, Too small: 940, set the buffer length as 15m
In TN, Too small: 945, set the buffer length as 15m
In TN, Too small: 946, set the buffer length as 15m
In TN, Too small: 947, set the buffer length as 15m
In TN, Too small: 958, set the buffer length as 15m
In TN, Too small: 959, set the buffer length as 15m
In TN, Too small: 961, set the buffer length as 15m
In TN, Too small: 962, set the buffer length as 15m
In TN, Too small: 968, set the buffer length as 15m
In TN, Too small: 969, set the buffer length as 15m
In TN, Too small: 970, set the buffer length as 15m
In TN, Too small: 972, set the buffer length as 15m
In TN, Too small: 973, set the buffer length as 15m
In TN, Too small: 974, set the buffer length as 15m
In TN, Too small: 978, set the buffer length as 15m
In TN, Too small: 979, set the buffer length as 15m
In TN, Too small: 981, set the buffer length as 15m
In TN, Too small: 985, set the buffer length as 15m
In TN, Too small: 986, set the buffer length as 15m
In TN, Too small: 987, set the buffer length as 15m
In TN, Too small: 993, set the buffer length as 15m
In TN, Too small: 994, set the buffer length as 15m
In TN, Too small: 995, set the buffer length as 15m
In TN, Too small: 997, set the buffer length as 15m
In TN, Too small: 998, set the buffer length as 15m
In TN, Too small: 999, set the buffer length as 15m
In TN, Too small: 1001, set the buffer length as 15m
In TN, Too small: 1005, set the buffer length as 15m
In TN, Too small: 1009, set the buffer length as 15m
In TN, Too small: 1016, set the buffer length as 15m
In TN, Too small: 1020, set the buffer length as 15m
In TN, Too small: 1021, set the buffer length as 15m
In TN, Too small: 1027, set the buffer length as 15m
In TN, Too small: 1030, set the buffer length as 15m
In TN, Too small: 1038, set the buffer length as 15m
In TN, Too small: 1039, set the buffer length as 15m
In TN, Too small: 1040, set the buffer length as 15m
In TN, Too small: 1041, set the buffer length as 15m
In TN, Too small: 1044, set the buffer length as 15m
In TN, Too small: 1045, set the buffer length as 15m
In TN, Too small: 1048, set the buffer length as 15m
In TN, Too small: 1049, set the buffer length as 15m
In TN, Too small: 1050, set the buffer length as 15m
In TN, Too small: 1052, set the buffer length as 15m
In TN, Too small: 1053, set the buffer length as 15m
In TN, Too small: 1057, set the buffer length as 15m
In TN, Too small: 1058, set the buffer length as 15m
In TN, Too small: 1059, set the buffer length as 15m
In TN, Too small: 1060, set the buffer length as 15m
In TN, Too small: 1061, set the buffer length as 15m
In TN, Too small: 1062, set the buffer length as 15m
In TN, Too small: 1063, set the buffer length as 15m
In TN, Too small: 1065, set the buffer length as 15m
In TN, Too small: 1067, set the buffer length as 15m
In TN, Too small: 1069, set the buffer length as 15m
In TN, Too small: 1070, set the buffer length as 15m
In TN, Too small: 1071, set the buffer length as 15m
In TN, Too small: 1072, set the buffer length as 15m
In TN, Too small: 1073, set the buffer length as 15m
In TN, Too small: 1076, set the buffer length as 15m
In TN, Too small: 1078, set the buffer length as 15m
In TN, Too small: 1084, set the buffer length as 15m
In TN, Too small: 1085, set the buffer length as 15m
In TN, Too small: 1086, set the buffer length as 15m
In TN, Too small: 1087, set the buffer length as 15m
In TN, Too small: 1089, set the buffer length as 15m
In TN, Too small: 1092, set the buffer length as 15m
In TN, Too small: 1096, set the buffer length as 15m
In TN, Too small: 1097, set the buffer length as 15m
In TN, Too small: 1099, set the buffer length as 15m
In TN, Too small: 1101, set the buffer length as 15m
In TN, Too small: 1103, set the buffer length as 15m
In TN, Too small: 1105, set the buffer length as 15m
In TN, Too small: 1107, set the buffer length as 15m
In TN, Too small: 1109, set the buffer length as 15m
In TN, Too small: 1111, set the buffer length as 15m
In TN, Too small: 1112, set the buffer length as 15m
In TN, Too small: 1113, set the buffer length as 15m
In TN, Too small: 1115, set the buffer length as 15m
In TN, Too small: 1116, set the buffer length as 15m
In TN, Too small: 1121, set the buffer length as 15m
In TN, Too small: 1126, set the buffer length as 15m
In TN, Too small: 1128, set the buffer length as 15m
In TN, Too small: 1132, set the buffer length as 15m
In TN, Too small: 1134, set the buffer length as 15m
In TN, Too small: 1136, set the buffer length as 15m
In TN, Too small: 1138, set the buffer length as 15m
In TN, Too small: 1150, set the buffer length as 15m
In TN, Too small: 1152, set the buffer length as 15m
In TN, Too small: 1153, set the buffer length as 15m
In TN, Too small: 1155, set the buffer length as 15m
In TN, Too small: 1163, set the buffer length as 15m
In TN, Too small: 1165, set the buffer length as 15m
In TN, Too small: 1166, set the buffer length as 15m
In TN, Too small: 1168, set the buffer length as 15m
In TN, Too small: 1176, set the buffer length as 15m
In TN, Too small: 1177, set the buffer length as 15m
In TN, Too small: 1181, set the buffer length as 15m
In TN, Too small: 1196, set the buffer length as 15m
In TN, Too small: 1199, set the buffer length as 15m
In TN, Too small: 1215, set the buffer length as 15m
In TN, Too small: 1219, set the buffer length as 15m
In TN, Too small: 1221, set the buffer length as 15m
In TN, Too small: 1225, set the buffer length as 15m
In TN, Too small: 1226, set the buffer length as 15m
In TN, Too small: 1230, set the buffer length as 15m
In TN, Too small: 1235, set the buffer length as 15m
In TN, Too small: 1238, set the buffer length as 15m
In TN, Too small: 1239, set the buffer length as 15m
In TN, Too small: 1240, set the buffer length as 15m
In TN, Too small: 1241, set the buffer length as 15m
In TN, Too small: 1246, set the buffer length as 15m
In TN, Too small: 1247, set the buffer length as 15m
In TN, Too small: 1248, set the buffer length as 15m
In TN, Too small: 1251, set the buffer length as 15m
In TN, Too small: 1255, set the buffer length as 15m
In TN, Too small: 1258, set the buffer length as 15m
In TN, Too small: 1260, set the buffer length as 15m
In TN, Too small: 1263, set the buffer length as 15m
In TN, Too small: 1265, set the buffer length as 15m
In TN, Too small: 1269, set the buffer length as 15m
In TN, Too small: 1276, set the buffer length as 15m
In TN, Too small: 1283, set the buffer length as 15m
In TN, Too small: 1286, set the buffer length as 15m
In TN, Too small: 1288, set the buffer length as 15m
In TN, Too small: 1293, set the buffer length as 15m
In TN, Too small: 1295, set the buffer length as 15m
In TN, Too small: 1298, set the buffer length as 15m
In TN, Too small: 1304, set the buffer length as 15m
In TN, Too small: 1305, set the buffer length as 15m
In TN, Too small: 1309, set the buffer length as 15m
In TN, Too small: 1311, set the buffer length as 15m
In TN, Too small: 1316, set the buffer length as 15m
In TN, Too small: 1319, set the buffer length as 15m
In TN, Too small: 1321, set the buffer length as 15m
In TN, Too small: 1326, set the buffer length as 15m
In TN, Too small: 1330, set the buffer length as 15m
In TN, Too small: 1332, set the buffer length as 15m
In TN, Too small: 1333, set the buffer length as 15m
In TN, Too small: 1336, set the buffer length as 15m
In TN, Too small: 1337, set the buffer length as 15m
In TN, Too small: 1341, set the buffer length as 15m
In TN, Too small: 1343, set the buffer length as 15m
In TN, Too small: 1345, set the buffer length as 15m
In TN, Too small: 1352, set the buffer length as 15m
In TN, Too small: 1353, set the buffer length as 15m
In TN, Too small: 1355, set the buffer length as 15m
In TN, Too small: 1357, set the buffer length as 15m
In TN, Too small: 1358, set the buffer length as 15m
In TN, Too small: 1362, set the buffer length as 15m
In TN, Too small: 1363, set the buffer length as 15m
In TN, Too small: 1364, set the buffer length as 15m
In TN, Too small: 1365, set the buffer length as 15m
In TN, Too small: 1370, set the buffer length as 15m
In TN, Too small: 1371, set the buffer length as 15m
In TN, Too small: 1372, set the buffer length as 15m
In TN, Too small: 1373, set the buffer length as 15m
In TN, Too small: 1374, set the buffer length as 15m
In TN, Too small: 1377, set the buffer length as 15m
In TN, Too small: 1378, set the buffer length as 15m
In TN, Too small: 1383, set the buffer length as 15m
In TN, Too small: 1385, set the buffer length as 15m
In TN, Too small: 1386, set the buffer length as 15m
In TN, Too small: 1390, set the buffer length as 15m
In TN, Too small: 1391, set the buffer length as 15m
In TN, Too small: 1397, set the buffer length as 15m
In TN, Too small: 1398, set the buffer length as 15m
In TN, Too small: 1405, set the buffer length as 15m
In TN, Too small: 1407, set the buffer length as 15m
In TN, Too small: 1410, set the buffer length as 15m
In TN, Too small: 1411, set the buffer length as 15m
In TN, Too small: 1418, set the buffer length as 15m
In TN, Too small: 1419, set the buffer length as 15m
In TN, Too small: 1422, set the buffer length as 15m
In TN, Too small: 1423, set the buffer length as 15m
In TN, Too small: 1427, set the buffer length as 15m
In TN, Too small: 1428, set the buffer length as 15m
In TN, Too small: 1429, set the buffer length as 15m
In TN, Too small: 1432, set the buffer length as 15m
In TN, Too small: 1433, set the buffer length as 15m
In TN, Too small: 1434, set the buffer length as 15m
In TN, Too small: 1435, set the buffer length as 15m
In TN, Too small: 1437, set the buffer length as 15m
In TN, Too small: 1438, set the buffer length as 15m
In TN, Too small: 1440, set the buffer length as 15m
In TN, Too small: 1442, set the buffer length as 15m
In TN, Too small: 1447, set the buffer length as 15m
In TN, Too small: 1449, set the buffer length as 15m
In TN, Too small: 1450, set the buffer length as 15m
In TN, Too small: 1452, set the buffer length as 15m
In TN, Too small: 1455, set the buffer length as 15m
In TN, Too small: 1456, set the buffer length as 15m
In TN, Too small: 1460, set the buffer length as 15m
In TN, Too small: 1461, set the buffer length as 15m
In TN, Too small: 1462, set the buffer length as 15m
In TN, Too small: 1464, set the buffer length as 15m
In TN, Too small: 1465, set the buffer length as 15m
In TN, Too small: 1466, set the buffer length as 15m
In TN, Too small: 1468, set the buffer length as 15m
In TN, Too small: 1474, set the buffer length as 15m
In TN, Too small: 1475, set the buffer length as 15m
In TN, Too small: 1476, set the buffer length as 15m
In TN, Too small: 1478, set the buffer length as 15m
In TN, Too small: 1481, set the buffer length as 15m
In TN, Too small: 1482, set the buffer length as 15m
In TN, Too small: 1484, set the buffer length as 15m
In TN, Too small: 1485, set the buffer length as 15m
In TN, Too small: 1489, set the buffer length as 15m
In TN, Too small: 1490, set the buffer length as 15m
In TN, Too small: 1491, set the buffer length as 15m
In TN, Too small: 1492, set the buffer length as 15m
In TN, Too small: 1494, set the buffer length as 15m
In TN, Too small: 1504, set the buffer length as 15m
In TN, Too small: 1505, set the buffer length as 15m
In TN, Too small: 1506, set the buffer length as 15m
In TN, Too small: 1509, set the buffer length as 15m
In TN, Too small: 1510, set the buffer length as 15m
In TN, Too small: 1511, set the buffer length as 15m
In TN, Too small: 1513, set the buffer length as 15m
In TN, Too small: 1515, set the buffer length as 15m
In TN, Too small: 1517, set the buffer length as 15m
In TN, Too small: 1518, set the buffer length as 15m
In TN, Too small: 1520, set the buffer length as 15m
In TN, Too small: 1522, set the buffer length as 15m
In TN, Too small: 1530, set the buffer length as 15m
In TN, Too small: 1531, set the buffer length as 15m
In TN, Too small: 1532, set the buffer length as 15m
In TN, Too small: 1535, set the buffer length as 15m
In TN, Too small: 1536, set the buffer length as 15m
In TN, Too small: 1537, set the buffer length as 15m
In TN, Too small: 1540, set the buffer length as 15m
In TN, Too small: 1541, set the buffer length as 15m
In TN, Too small: 1543, set the buffer length as 15m
In TN, Too small: 1544, set the buffer length as 15m
In TN, Too small: 1546, set the buffer length as 15m
In TN, Too small: 1547, set the buffer length as 15m
In TN, Too small: 1548, set the buffer length as 15m
In TN, Too small: 1549, set the buffer length as 15m
In TN, Too small: 1551, set the buffer length as 15m
In TN, Too small: 1554, set the buffer length as 15m
In TN, Too small: 1555, set the buffer length as 15m
In TN, Too small: 1556, set the buffer length as 15m
In TN, Too small: 1557, set the buffer length as 15m
In TN, Too small: 1560, set the buffer length as 15m
In TN, Too small: 1561, set the buffer length as 15m
In TN, Too small: 1563, set the buffer length as 15m
In TN, Too small: 1564, set the buffer length as 15m
In TN, Too small: 1566, set the buffer length as 15m
In TN, Too small: 1567, set the buffer length as 15m
In TN, Too small: 1569, set the buffer length as 15m
In TN, Too small: 1570, set the buffer length as 15m
In TN, Too small: 1572, set the buffer length as 15m
In TN, Too small: 1573, set the buffer length as 15m
In TN, Too small: 1574, set the buffer length as 15m
In TN, Too small: 1576, set the buffer length as 15m
In TN, Too small: 1577, set the buffer length as 15m
In TN, Too small: 1578, set the buffer length as 15m
In TN, Too small: 1580, set the buffer length as 15m
In TN, Too small: 1581, set the buffer length as 15m
In TN, Too small: 1584, set the buffer length as 15m
In TN, Too small: 1585, set the buffer length as 15m
In TN, Too small: 1587, set the buffer length as 15m
In TN, Too small: 1589, set the buffer length as 15m
In TN, Too small: 1590, set the buffer length as 15m
In TN, Too small: 1591, set the buffer length as 15m
In TN, Too small: 1592, set the buffer length as 15m
In TN, Too small: 1593, set the buffer length as 15m
In TN, Too small: 1598, set the buffer length as 15m
In TN, Too small: 1599, set the buffer length as 15m
In TN, Too small: 1600, set the buffer length as 15m
In TN, Too small: 1603, set the buffer length as 15m
In TN, Too small: 1604, set the buffer length as 15m
In TN, Too small: 1605, set the buffer length as 15m
In TN, Too small: 1606, set the buffer length as 15m
In TN, Too small: 1607, set the buffer length as 15m
In TN, Too small: 1609, set the buffer length as 15m
In TN, Too small: 1610, set the buffer length as 15m
In TN, Too small: 1612, set the buffer length as 15m
In TN, Too small: 1613, set the buffer length as 15m
In TN, Too small: 1614, set the buffer length as 15m
In TN, Too small: 1615, set the buffer length as 15m
In TN, Too small: 1617, set the buffer length as 15m
In TN, Too small: 1620, set the buffer length as 15m
In TN, Too small: 1621, set the buffer length as 15m
In TN, Too small: 1622, set the buffer length as 15m
In TN, Too small: 1624, set the buffer length as 15m
In TN, Too small: 1627, set the buffer length as 15m
In TN, Too small: 1628, set the buffer length as 15m
In TN, Too small: 1629, set the buffer length as 15m
In TN, Too small: 1631, set the buffer length as 15m
In TN, Too small: 1632, set the buffer length as 15m
In TN, Too small: 1633, set the buffer length as 15m
In TN, Too small: 1634, set the buffer length as 15m
In TN, Too small: 1635, set the buffer length as 15m
In TN, Too small: 1636, set the buffer length as 15m
In TN, Too small: 1637, set the buffer length as 15m
In TN, Too small: 1640, set the buffer length as 15m
In TN, Too small: 1642, set the buffer length as 15m
In TN, Too small: 1643, set the buffer length as 15m
In TN, Too small: 1644, set the buffer length as 15m
In TN, Too small: 1646, set the buffer length as 15m
In TN, Too small: 1648, set the buffer length as 15m
In TN, Too small: 1649, set the buffer length as 15m
In TN, Too small: 1651, set the buffer length as 15m
In TN, Too small: 1652, set the buffer length as 15m
In TN, Too small: 1653, set the buffer length as 15m
In TN, Too small: 1654, set the buffer length as 15m
In TN, Too small: 1655, set the buffer length as 15m
In TN, Too small: 1656, set the buffer length as 15m
In TN, Too small: 1658, set the buffer length as 15m
In TN, Too small: 1659, set the buffer length as 15m
In TN, Too small: 1661, set the buffer length as 15m
In TN, Too small: 1663, set the buffer length as 15m
In TN, Too small: 1665, set the buffer length as 15m
In TN, Too small: 1666, set the buffer length as 15m
In TN, Too small: 1668, set the buffer length as 15m
In TN, Too small: 1669, set the buffer length as 15m
In TN, Too small: 1672, set the buffer length as 15m
In TN, Too small: 1673, set the buffer length as 15m
In TN, Too small: 1674, set the buffer length as 15m
In TN, Too small: 1675, set the buffer length as 15m
In TN, Too small: 1676, set the buffer length as 15m
In TN, Too small: 1677, set the buffer length as 15m
In TN, Too small: 1678, set the buffer length as 15m
In TN, Too small: 1679, set the buffer length as 15m
In TN, Too small: 1680, set the buffer length as 15m
In TN, Too small: 1681, set the buffer length as 15m
In TN, Too small: 1682, set the buffer length as 15m
In TN, Too small: 1684, set the buffer length as 15m
In TN, Too small: 1685, set the buffer length as 15m
In TN, Too small: 1686, set the buffer length as 15m
In TN, Too small: 1687, set the buffer length as 15m
In TN, Too small: 1688, set the buffer length as 15m
In TN, Too small: 1689, set the buffer length as 15m
In TN, Too small: 1690, set the buffer length as 15m
In TN, Too small: 1691, set the buffer length as 15m
In TN, Too small: 1692, set the buffer length as 15m
In TN, Too small: 1693, set the buffer length as 15m
In TN, Too small: 1694, set the buffer length as 15m
In TN, Too small: 1695, set the buffer length as 15m
In TN, Too small: 1696, set the buffer length as 15m
In TN, Too small: 1697, set the buffer length as 15m
In TN, Too small: 1698, set the buffer length as 15m
In TN, Too small: 1699, set the buffer length as 15m
In TN, Too small: 1700, set the buffer length as 15m
In TN, Too small: 1701, set the buffer length as 15m
In TN, Too small: 1702, set the buffer length as 15m
In TN, Too small: 1703, set the buffer length as 15m
In TN, Too small: 1704, set the buffer length as 15m
In TN, Too small: 1706, set the buffer length as 15m
In TN, Too small: 1707, set the buffer length as 15m
In TN, Too small: 1708, set the buffer length as 15m
In TN, Too small: 1710, set the buffer length as 15m
In TN, Too small: 1713, set the buffer length as 15m
In TN, Too small: 1714, set the buffer length as 15m
In TN, Too small: 1718, set the buffer length as 15m
In TN, Too small: 1719, set the buffer length as 15m
In TN, Too small: 1720, set the buffer length as 15m
In TN, Too small: 1721, set the buffer length as 15m
In TN, Too small: 1722, set the buffer length as 15m
In TN, Too small: 1723, set the buffer length as 15m
In TN, Too small: 1724, set the buffer length as 15m
In TN, Too small: 1725, set the buffer length as 15m
In TN, Too small: 1727, set the buffer length as 15m
In TN, Too small: 1728, set the buffer length as 15m
In TN, Too small: 1729, set the buffer length as 15m
In TN, Too small: 1731, set the buffer length as 15m
In TN, Too small: 1733, set the buffer length as 15m
In TN, Too small: 1734, set the buffer length as 15m
In TN, Too small: 1735, set the buffer length as 15m
In TN, Too small: 1736, set the buffer length as 15m
In TN, Too small: 1737, set the buffer length as 15m
In TN, Too small: 1738, set the buffer length as 15m
In TN, Too small: 1739, set the buffer length as 15m
In TN, Too small: 1741, set the buffer length as 15m
In TN, Too small: 1742, set the buffer length as 15m
In TN, Too small: 1745, set the buffer length as 15m
In TN, Too small: 1748, set the buffer length as 15m
In TN, Too small: 1749, set the buffer length as 15m
In TN, Too small: 1750, set the buffer length as 15m
In TN, Too small: 1752, set the buffer length as 15m
In TN, Too small: 1753, set the buffer length as 15m
In TN, Too small: 1754, set the buffer length as 15m
In TN, Too small: 1756, set the buffer length as 15m
In TN, Too small: 1761, set the buffer length as 15m
In TN, Too small: 1762, set the buffer length as 15m
In TN, Too small: 1764, set the buffer length as 15m
In TN, Too small: 1765, set the buffer length as 15m
In TN, Too small: 1767, set the buffer length as 15m
In TN, Too small: 1768, set the buffer length as 15m
In TN, Too small: 1769, set the buffer length as 15m
In TN, Too small: 1770, set the buffer length as 15m
In TN, Too small: 1771, set the buffer length as 15m
In TN, Too small: 1772, set the buffer length as 15m
In TN, Too small: 1773, set the buffer length as 15m
In TN, Too small: 1775, set the buffer length as 15m
In TN, Too small: 1777, set the buffer length as 15m
In TN, Too small: 1778, set the buffer length as 15m
In TN, Too small: 1779, set the buffer length as 15m
In TN, Too small: 1781, set the buffer length as 15m
In TN, Too small: 1782, set the buffer length as 15m
In TN, Too small: 1783, set the buffer length as 15m
In TN, Too small: 1784, set the buffer length as 15m
In TN, Too small: 1786, set the buffer length as 15m
In TN, Too small: 1787, set the buffer length as 15m
In TN, Too small: 1788, set the buffer length as 15m
In TN, Too small: 1790, set the buffer length as 15m
In TN, Too small: 1791, set the buffer length as 15m
In TN, Too small: 1793, set the buffer length as 15m
In TN, Too small: 1796, set the buffer length as 15m
In TN, Too small: 1797, set the buffer length as 15m
In TN, Too small: 1798, set the buffer length as 15m
In TN, Too small: 1799, set the buffer length as 15m
In TN, Too small: 1801, set the buffer length as 15m
In TN, Too small: 1802, set the buffer length as 15m
In TN, Too small: 1803, set the buffer length as 15m
In TN, Too small: 1805, set the buffer length as 15m
In TN, Too small: 1806, set the buffer length as 15m
In TN, Too small: 1807, set the buffer length as 15m
In TN, Too small: 1808, set the buffer length as 15m
In TN, Too small: 1809, set the buffer length as 15m
In TN, Too small: 1811, set the buffer length as 15m
In TN, Too small: 1812, set the buffer length as 15m
In TN, Too small: 1813, set the buffer length as 15m
In TN, Too small: 1814, set the buffer length as 15m
In TN, Too small: 1815, set the buffer length as 15m
In TN, Too small: 1817, set the buffer length as 15m
In TN, Too small: 1818, set the buffer length as 15m
In TN, Too small: 1820, set the buffer length as 15m
In TN, Too small: 1821, set the buffer length as 15m
In TN, Too small: 1824, set the buffer length as 15m
In TN, Too small: 1833, set the buffer length as 15m
In TN, Too small: 1835, set the buffer length as 15m
In TN, Too small: 1836, set the buffer length as 15m
In TN, Too small: 1839, set the buffer length as 15m
In TN, Too small: 1840, set the buffer length as 15m
In TN, Too small: 1841, set the buffer length as 15m
In TN, Too small: 1842, set the buffer length as 15m
In TN, Too small: 1844, set the buffer length as 15m
In TN, Too small: 1845, set the buffer length as 15m
In TN, Too small: 1846, set the buffer length as 15m
In TN, Too small: 1848, set the buffer length as 15m
In TN, Too small: 1850, set the buffer length as 15m
In TN, Too small: 1853, set the buffer length as 15m
In TN, Too small: 1854, set the buffer length as 15m
In TN, Too small: 1855, set the buffer length as 15m
In TN, Too small: 1856, set the buffer length as 15m
In TN, Too small: 1858, set the buffer length as 15m
In TN, Too small: 1859, set the buffer length as 15m
In TN, Too small: 1860, set the buffer length as 15m
In TN, Too small: 1861, set the buffer length as 15m
In TN, Too small: 1866, set the buffer length as 15m
In TN, Too small: 1869, set the buffer length as 15m
In TN, Too small: 1871, set the buffer length as 15m
In TN, Too small: 1872, set the buffer length as 15m
In TN, Too small: 1876, set the buffer length as 15m
In TN, Too small: 1880, set the buffer length as 15m
In TN, Too small: 1881, set the buffer length as 15m
In TN, Too small: 1882, set the buffer length as 15m
In TN, Too small: 1884, set the buffer length as 15m
In TN, Too small: 1887, set the buffer length as 15m
In TN, Too small: 1888, set the buffer length as 15m
In TN, Too small: 1890, set the buffer length as 15m
In TN, Too small: 1891, set the buffer length as 15m
In TN, Too small: 1894, set the buffer length as 15m
In TN, Too small: 1895, set the buffer length as 15m
In TN, Too small: 1897, set the buffer length as 15m
In TN, Too small: 1898, set the buffer length as 15m
In TN, Too small: 1899, set the buffer length as 15m
In TN, Too small: 1901, set the buffer length as 15m
In TN, Too small: 1903, set the buffer length as 15m
In TN, Too small: 1904, set the buffer length as 15m
In TN, Too small: 1906, set the buffer length as 15m
In TN, Too small: 1907, set the buffer length as 15m
In TN, Too small: 1909, set the buffer length as 15m
In TN, Too small: 1912, set the buffer length as 15m
In TN, Too small: 1914, set the buffer length as 15m
In TN, Too small: 1916, set the buffer length as 15m
In TN, Too small: 1918, set the buffer length as 15m
In TN, Too small: 1919, set the buffer length as 15m
In TN, Too small: 1920, set the buffer length as 15m
In TN, Too small: 1921, set the buffer length as 15m
In TN, Too small: 1922, set the buffer length as 15m
In TN, Too small: 1925, set the buffer length as 15m
In TN, Too small: 1926, set the buffer length as 15m
In TN, Too small: 1927, set the buffer length as 15m
In TN, Too small: 1928, set the buffer length as 15m
In TN, Too small: 1929, set the buffer length as 15m
In TN, Too small: 1930, set the buffer length as 15m
In TN, Too small: 1931, set the buffer length as 15m
In TN, Too small: 1933, set the buffer length as 15m
In TN, Too small: 1934, set the buffer length as 15m
In TN, Too small: 1935, set the buffer length as 15m
In TN, Too small: 1937, set the buffer length as 15m
In TN, Too small: 1938, set the buffer length as 15m
In TN, Too small: 1939, set the buffer length as 15m
In TN, Too small: 1940, set the buffer length as 15m
In TN, Too small: 1941, set the buffer length as 15m
In TN, Too small: 1942, set the buffer length as 15m
In TN, Too small: 1943, set the buffer length as 15m
In TN, Too small: 1944, set the buffer length as 15m
In TN, Too small: 1945, set the buffer length as 15m
In TN, Too small: 1946, set the buffer length as 15m
In TN, Too small: 1947, set the buffer length as 15m
In TN, Too small: 1948, set the buffer length as 15m
In TN, Too small: 1950, set the buffer length as 15m
In TN, Too small: 1951, set the buffer length as 15m
In TN, Too small: 1953, set the buffer length as 15m
In TN, Too small: 1955, set the buffer length as 15m
In TN, Too small: 1957, set the buffer length as 15m
In TN, Too small: 1959, set the buffer length as 15m
In TN, Too small: 1960, set the buffer length as 15m
In TN, Too small: 1961, set the buffer length as 15m
In TN, Too small: 1962, set the buffer length as 15m
In TN, Too small: 1964, set the buffer length as 15m
In TN, Too small: 1965, set the buffer length as 15m
In TN, Too small: 1966, set the buffer length as 15m
In TN, Too small: 1967, set the buffer length as 15m
In TN, Too small: 1968, set the buffer length as 15m
In TN, Too small: 1969, set the buffer length as 15m
In TN, Too small: 1970, set the buffer length as 15m
In TN, Too small: 1971, set the buffer length as 15m
In TN, Too small: 1974, set the buffer length as 15m
In TN, Too small: 1975, set the buffer length as 15m
In TN, Too small: 1976, set the buffer length as 15m
In TN, Too small: 1977, set the buffer length as 15m
In TN, Too small: 1978, set the buffer length as 15m
In TN, Too small: 1979, set the buffer length as 15m
In TN, Too small: 1980, set the buffer length as 15m
In TN, Too small: 1981, set the buffer length as 15m
In TN, Too small: 1983, set the buffer length as 15m
In TN, Too small: 1990, set the buffer length as 15m
In TN, Too small: 1991, set the buffer length as 15m
In TN, Too small: 1992, set the buffer length as 15m
In TN, Too small: 1993, set the buffer length as 15m
In TN, Too small: 1995, set the buffer length as 15m
In TN, Too small: 1996, set the buffer length as 15m
In TN, Too small: 1998, set the buffer length as 15m
In TN, Too small: 2000, set the buffer length as 15m
File exists.
SC
#Total: 8148
In SC, Too small: 507, set the buffer length as 15m
In SC, Too small: 772, set the buffer length as 15m
In SC, Too small: 1910, set the buffer length as 15m
In SC, Too small: 2581, set the buffer length as 15m
In SC, Too small: 2784, set the buffer length as 15m
In SC, Too small: 3092, set the buffer length as 15m
In SC, Too small: 3119, set the buffer length as 15m
In SC, Too small: 4759, set the buffer length as 15m
In SC, Too small: 5721, set the buffer length as 15m
In SC, Too small: 6120, set the buffer length as 15m
In SC, Too small: 6629, set the buffer length as 15m
In SC, Too small: 6938, set the buffer length as 15m
In SC, Too small: 7276, set the buffer length as 15m
In SC, Too small: 7303, set the buffer length as 15m
In SC, Too small: 7441, set the buffer length as 15m
In SC, Too small: 7837, set the buffer length as 15m
In SC, Too small: 8095, set the buffer length as 15m
File exists.
NC
#Total: 809
File exists.
FL
#Total: 16726
File exists.
AL
#Total: 12234
In AL, Too small: 2939, set the buffer length as 15m
In AL, Too small: 7795, set the buffer length as 15m
In AL, Too small: 8180, set the buffer length as 15m
In AL, Too small: 10822, set the buffer length as 15m
In AL, Too small: 11376, set the buffer length as 15m
File exists.
MS
#Total: 3319
File exists.
GA
#Total: 38679
File exists.
TN
#Total: 2296
In TN, Too small: 1, set the buffer length as 15m
In TN, Too small: 3, set the buffer length as 15m
In TN, Too small: 6, set the buffer length as 15m
In TN, Too small: 9, set the buffer length as 15m
In TN, Too small: 11, set the buffer length as 15m
In TN, Too small: 14, set the buffer length as 15m
In TN, Too small: 15, set the buffer length as 15m
In TN, Too small: 17, set the buffer length as 15m
In TN, Too small: 18, set the buffer length as 15m
In TN, Too small: 20, set the buffer length as 15m
In TN, Too small: 21, set the buffer length as 15m
In TN, Too small: 22, set the buffer length as 15m
In TN, Too small: 23, set the buffer length as 15m
In TN, Too small: 24, set the buffer length as 15m
In TN, Too small: 26, set the buffer length as 15m
In TN, Too small: 27, set the buffer length as 15m
In TN, Too small: 28, set the buffer length as 15m
In TN, Too small: 32, set the buffer length as 15m
In TN, Too small: 33, set the buffer length as 15m
In TN, Too small: 36, set the buffer length as 15m
In TN, Too small: 38, set the buffer length as 15m
In TN, Too small: 39, set the buffer length as 15m
In TN, Too small: 42, set the buffer length as 15m
In TN, Too small: 43, set the buffer length as 15m
In TN, Too small: 45, set the buffer length as 15m
In TN, Too small: 48, set the buffer length as 15m
In TN, Too small: 50, set the buffer length as 15m
In TN, Too small: 54, set the buffer length as 15m
In TN, Too small: 55, set the buffer length as 15m
In TN, Too small: 56, set the buffer length as 15m
In TN, Too small: 58, set the buffer length as 15m
In TN, Too small: 60, set the buffer length as 15m
In TN, Too small: 62, set the buffer length as 15m
In TN, Too small: 64, set the buffer length as 15m
In TN, Too small: 65, set the buffer length as 15m
In TN, Too small: 66, set the buffer length as 15m
In TN, Too small: 70, set the buffer length as 15m
In TN, Too small: 71, set the buffer length as 15m
In TN, Too small: 72, set the buffer length as 15m
In TN, Too small: 74, set the buffer length as 15m
In TN, Too small: 75, set the buffer length as 15m
In TN, Too small: 76, set the buffer length as 15m
In TN, Too small: 77, set the buffer length as 15m
In TN, Too small: 80, set the buffer length as 15m
In TN, Too small: 81, set the buffer length as 15m
In TN, Too small: 82, set the buffer length as 15m
In TN, Too small: 83, set the buffer length as 15m
In TN, Too small: 84, set the buffer length as 15m
In TN, Too small: 85, set the buffer length as 15m
In TN, Too small: 86, set the buffer length as 15m
In TN, Too small: 87, set the buffer length as 15m
In TN, Too small: 88, set the buffer length as 15m
In TN, Too small: 89, set the buffer length as 15m
In TN, Too small: 90, set the buffer length as 15m
In TN, Too small: 91, set the buffer length as 15m
In TN, Too small: 92, set the buffer length as 15m
In TN, Too small: 95, set the buffer length as 15m
In TN, Too small: 96, set the buffer length as 15m
In TN, Too small: 97, set the buffer length as 15m
In TN, Too small: 99, set the buffer length as 15m
In TN, Too small: 100, set the buffer length as 15m
In TN, Too small: 102, set the buffer length as 15m
In TN, Too small: 103, set the buffer length as 15m
In TN, Too small: 105, set the buffer length as 15m
In TN, Too small: 107, set the buffer length as 15m
In TN, Too small: 110, set the buffer length as 15m
In TN, Too small: 114, set the buffer length as 15m
In TN, Too small: 115, set the buffer length as 15m
In TN, Too small: 117, set the buffer length as 15m
In TN, Too small: 121, set the buffer length as 15m
In TN, Too small: 124, set the buffer length as 15m
In TN, Too small: 125, set the buffer length as 15m
In TN, Too small: 126, set the buffer length as 15m
In TN, Too small: 130, set the buffer length as 15m
In TN, Too small: 131, set the buffer length as 15m
In TN, Too small: 138, set the buffer length as 15m
In TN, Too small: 141, set the buffer length as 15m
In TN, Too small: 143, set the buffer length as 15m
In TN, Too small: 150, set the buffer length as 15m
In TN, Too small: 151, set the buffer length as 15m
In TN, Too small: 159, set the buffer length as 15m
In TN, Too small: 162, set the buffer length as 15m
In TN, Too small: 166, set the buffer length as 15m
In TN, Too small: 169, set the buffer length as 15m
In TN, Too small: 173, set the buffer length as 15m
In TN, Too small: 174, set the buffer length as 15m
In TN, Too small: 178, set the buffer length as 15m
In TN, Too small: 180, set the buffer length as 15m
In TN, Too small: 182, set the buffer length as 15m
In TN, Too small: 183, set the buffer length as 15m
In TN, Too small: 185, set the buffer length as 15m
In TN, Too small: 188, set the buffer length as 15m
In TN, Too small: 190, set the buffer length as 15m
In TN, Too small: 191, set the buffer length as 15m
In TN, Too small: 192, set the buffer length as 15m
In TN, Too small: 193, set the buffer length as 15m
In TN, Too small: 195, set the buffer length as 15m
In TN, Too small: 199, set the buffer length as 15m
In TN, Too small: 200, set the buffer length as 15m
In TN, Too small: 203, set the buffer length as 15m
In TN, Too small: 204, set the buffer length as 15m
In TN, Too small: 205, set the buffer length as 15m
In TN, Too small: 206, set the buffer length as 15m
In TN, Too small: 208, set the buffer length as 15m
In TN, Too small: 209, set the buffer length as 15m
In TN, Too small: 210, set the buffer length as 15m
In TN, Too small: 211, set the buffer length as 15m
In TN, Too small: 212, set the buffer length as 15m
In TN, Too small: 214, set the buffer length as 15m
In TN, Too small: 216, set the buffer length as 15m
In TN, Too small: 217, set the buffer length as 15m
In TN, Too small: 222, set the buffer length as 15m
In TN, Too small: 224, set the buffer length as 15m
In TN, Too small: 226, set the buffer length as 15m
In TN, Too small: 228, set the buffer length as 15m
In TN, Too small: 230, set the buffer length as 15m
In TN, Too small: 231, set the buffer length as 15m
In TN, Too small: 232, set the buffer length as 15m
In TN, Too small: 233, set the buffer length as 15m
In TN, Too small: 235, set the buffer length as 15m
In TN, Too small: 236, set the buffer length as 15m
In TN, Too small: 239, set the buffer length as 15m
In TN, Too small: 241, set the buffer length as 15m
In TN, Too small: 243, set the buffer length as 15m
In TN, Too small: 247, set the buffer length as 15m
In TN, Too small: 248, set the buffer length as 15m
In TN, Too small: 251, set the buffer length as 15m
In TN, Too small: 252, set the buffer length as 15m
In TN, Too small: 254, set the buffer length as 15m
In TN, Too small: 255, set the buffer length as 15m
In TN, Too small: 256, set the buffer length as 15m
In TN, Too small: 258, set the buffer length as 15m
In TN, Too small: 259, set the buffer length as 15m
In TN, Too small: 260, set the buffer length as 15m
In TN, Too small: 261, set the buffer length as 15m
In TN, Too small: 264, set the buffer length as 15m
In TN, Too small: 266, set the buffer length as 15m
In TN, Too small: 268, set the buffer length as 15m
In TN, Too small: 269, set the buffer length as 15m
In TN, Too small: 270, set the buffer length as 15m
In TN, Too small: 271, set the buffer length as 15m
In TN, Too small: 273, set the buffer length as 15m
In TN, Too small: 275, set the buffer length as 15m
In TN, Too small: 278, set the buffer length as 15m
In TN, Too small: 280, set the buffer length as 15m
In TN, Too small: 281, set the buffer length as 15m
In TN, Too small: 282, set the buffer length as 15m
In TN, Too small: 283, set the buffer length as 15m
In TN, Too small: 284, set the buffer length as 15m
In TN, Too small: 285, set the buffer length as 15m
In TN, Too small: 286, set the buffer length as 15m
In TN, Too small: 287, set the buffer length as 15m
In TN, Too small: 292, set the buffer length as 15m
In TN, Too small: 296, set the buffer length as 15m
In TN, Too small: 298, set the buffer length as 15m
In TN, Too small: 303, set the buffer length as 15m
In TN, Too small: 304, set the buffer length as 15m
In TN, Too small: 305, set the buffer length as 15m
In TN, Too small: 306, set the buffer length as 15m
In TN, Too small: 311, set the buffer length as 15m
In TN, Too small: 312, set the buffer length as 15m
In TN, Too small: 315, set the buffer length as 15m
In TN, Too small: 320, set the buffer length as 15m
In TN, Too small: 321, set the buffer length as 15m
In TN, Too small: 322, set the buffer length as 15m
In TN, Too small: 328, set the buffer length as 15m
In TN, Too small: 330, set the buffer length as 15m
In TN, Too small: 331, set the buffer length as 15m
In TN, Too small: 334, set the buffer length as 15m
In TN, Too small: 337, set the buffer length as 15m
In TN, Too small: 338, set the buffer length as 15m
In TN, Too small: 339, set the buffer length as 15m
In TN, Too small: 347, set the buffer length as 15m
In TN, Too small: 349, set the buffer length as 15m
In TN, Too small: 350, set the buffer length as 15m
In TN, Too small: 351, set the buffer length as 15m
In TN, Too small: 352, set the buffer length as 15m
In TN, Too small: 355, set the buffer length as 15m
In TN, Too small: 358, set the buffer length as 15m
In TN, Too small: 360, set the buffer length as 15m
In TN, Too small: 361, set the buffer length as 15m
In TN, Too small: 363, set the buffer length as 15m
In TN, Too small: 365, set the buffer length as 15m
In TN, Too small: 368, set the buffer length as 15m
In TN, Too small: 369, set the buffer length as 15m
In TN, Too small: 374, set the buffer length as 15m
In TN, Too small: 375, set the buffer length as 15m
In TN, Too small: 377, set the buffer length as 15m
In TN, Too small: 378, set the buffer length as 15m
In TN, Too small: 380, set the buffer length as 15m
In TN, Too small: 381, set the buffer length as 15m
In TN, Too small: 382, set the buffer length as 15m
In TN, Too small: 383, set the buffer length as 15m
In TN, Too small: 384, set the buffer length as 15m
In TN, Too small: 386, set the buffer length as 15m
In TN, Too small: 391, set the buffer length as 15m
In TN, Too small: 392, set the buffer length as 15m
In TN, Too small: 393, set the buffer length as 15m
In TN, Too small: 394, set the buffer length as 15m
In TN, Too small: 403, set the buffer length as 15m
In TN, Too small: 406, set the buffer length as 15m
In TN, Too small: 407, set the buffer length as 15m
In TN, Too small: 410, set the buffer length as 15m
In TN, Too small: 412, set the buffer length as 15m
In TN, Too small: 421, set the buffer length as 15m
In TN, Too small: 427, set the buffer length as 15m
In TN, Too small: 428, set the buffer length as 15m
In TN, Too small: 433, set the buffer length as 15m
In TN, Too small: 434, set the buffer length as 15m
In TN, Too small: 439, set the buffer length as 15m
In TN, Too small: 446, set the buffer length as 15m
In TN, Too small: 447, set the buffer length as 15m
In TN, Too small: 450, set the buffer length as 15m
In TN, Too small: 457, set the buffer length as 15m
In TN, Too small: 459, set the buffer length as 15m
In TN, Too small: 460, set the buffer length as 15m
In TN, Too small: 464, set the buffer length as 15m
In TN, Too small: 465, set the buffer length as 15m
In TN, Too small: 470, set the buffer length as 15m
In TN, Too small: 476, set the buffer length as 15m
In TN, Too small: 477, set the buffer length as 15m
In TN, Too small: 482, set the buffer length as 15m
In TN, Too small: 483, set the buffer length as 15m
In TN, Too small: 486, set the buffer length as 15m
In TN, Too small: 489, set the buffer length as 15m
In TN, Too small: 491, set the buffer length as 15m
In TN, Too small: 495, set the buffer length as 15m
In TN, Too small: 496, set the buffer length as 15m
In TN, Too small: 497, set the buffer length as 15m
In TN, Too small: 499, set the buffer length as 15m
In TN, Too small: 500, set the buffer length as 15m
In TN, Too small: 502, set the buffer length as 15m
In TN, Too small: 504, set the buffer length as 15m
In TN, Too small: 505, set the buffer length as 15m
In TN, Too small: 506, set the buffer length as 15m
In TN, Too small: 508, set the buffer length as 15m
In TN, Too small: 509, set the buffer length as 15m
In TN, Too small: 510, set the buffer length as 15m
In TN, Too small: 512, set the buffer length as 15m
In TN, Too small: 513, set the buffer length as 15m
In TN, Too small: 515, set the buffer length as 15m
In TN, Too small: 516, set the buffer length as 15m
In TN, Too small: 517, set the buffer length as 15m
In TN, Too small: 518, set the buffer length as 15m
In TN, Too small: 519, set the buffer length as 15m
In TN, Too small: 520, set the buffer length as 15m
In TN, Too small: 521, set the buffer length as 15m
In TN, Too small: 525, set the buffer length as 15m
In TN, Too small: 527, set the buffer length as 15m
In TN, Too small: 528, set the buffer length as 15m
In TN, Too small: 529, set the buffer length as 15m
In TN, Too small: 530, set the buffer length as 15m
In TN, Too small: 533, set the buffer length as 15m
In TN, Too small: 535, set the buffer length as 15m
In TN, Too small: 537, set the buffer length as 15m
In TN, Too small: 538, set the buffer length as 15m
In TN, Too small: 541, set the buffer length as 15m
In TN, Too small: 544, set the buffer length as 15m
In TN, Too small: 545, set the buffer length as 15m
In TN, Too small: 547, set the buffer length as 15m
In TN, Too small: 548, set the buffer length as 15m
In TN, Too small: 549, set the buffer length as 15m
In TN, Too small: 551, set the buffer length as 15m
In TN, Too small: 554, set the buffer length as 15m
In TN, Too small: 555, set the buffer length as 15m
In TN, Too small: 556, set the buffer length as 15m
In TN, Too small: 560, set the buffer length as 15m
In TN, Too small: 561, set the buffer length as 15m
In TN, Too small: 562, set the buffer length as 15m
In TN, Too small: 564, set the buffer length as 15m
In TN, Too small: 568, set the buffer length as 15m
In TN, Too small: 569, set the buffer length as 15m
In TN, Too small: 570, set the buffer length as 15m
In TN, Too small: 574, set the buffer length as 15m
In TN, Too small: 577, set the buffer length as 15m
In TN, Too small: 579, set the buffer length as 15m
In TN, Too small: 580, set the buffer length as 15m
In TN, Too small: 581, set the buffer length as 15m
In TN, Too small: 584, set the buffer length as 15m
In TN, Too small: 586, set the buffer length as 15m
In TN, Too small: 587, set the buffer length as 15m
In TN, Too small: 588, set the buffer length as 15m
In TN, Too small: 589, set the buffer length as 15m
In TN, Too small: 592, set the buffer length as 15m
In TN, Too small: 594, set the buffer length as 15m
In TN, Too small: 596, set the buffer length as 15m
In TN, Too small: 597, set the buffer length as 15m
In TN, Too small: 598, set the buffer length as 15m
In TN, Too small: 600, set the buffer length as 15m
In TN, Too small: 604, set the buffer length as 15m
In TN, Too small: 607, set the buffer length as 15m
In TN, Too small: 608, set the buffer length as 15m
In TN, Too small: 609, set the buffer length as 15m
In TN, Too small: 612, set the buffer length as 15m
In TN, Too small: 613, set the buffer length as 15m
In TN, Too small: 619, set the buffer length as 15m
In TN, Too small: 620, set the buffer length as 15m
In TN, Too small: 622, set the buffer length as 15m
In TN, Too small: 624, set the buffer length as 15m
In TN, Too small: 625, set the buffer length as 15m
In TN, Too small: 627, set the buffer length as 15m
In TN, Too small: 628, set the buffer length as 15m
In TN, Too small: 629, set the buffer length as 15m
In TN, Too small: 634, set the buffer length as 15m
In TN, Too small: 635, set the buffer length as 15m
In TN, Too small: 637, set the buffer length as 15m
In TN, Too small: 638, set the buffer length as 15m
In TN, Too small: 641, set the buffer length as 15m
In TN, Too small: 643, set the buffer length as 15m
In TN, Too small: 645, set the buffer length as 15m
In TN, Too small: 646, set the buffer length as 15m
In TN, Too small: 655, set the buffer length as 15m
In TN, Too small: 657, set the buffer length as 15m
In TN, Too small: 659, set the buffer length as 15m
In TN, Too small: 660, set the buffer length as 15m
In TN, Too small: 664, set the buffer length as 15m
In TN, Too small: 665, set the buffer length as 15m
In TN, Too small: 666, set the buffer length as 15m
In TN, Too small: 667, set the buffer length as 15m
In TN, Too small: 668, set the buffer length as 15m
In TN, Too small: 669, set the buffer length as 15m
In TN, Too small: 672, set the buffer length as 15m
In TN, Too small: 676, set the buffer length as 15m
In TN, Too small: 677, set the buffer length as 15m
In TN, Too small: 678, set the buffer length as 15m
In TN, Too small: 681, set the buffer length as 15m
In TN, Too small: 682, set the buffer length as 15m
In TN, Too small: 685, set the buffer length as 15m
In TN, Too small: 687, set the buffer length as 15m
In TN, Too small: 688, set the buffer length as 15m
In TN, Too small: 689, set the buffer length as 15m
In TN, Too small: 690, set the buffer length as 15m
In TN, Too small: 692, set the buffer length as 15m
In TN, Too small: 693, set the buffer length as 15m
In TN, Too small: 697, set the buffer length as 15m
In TN, Too small: 698, set the buffer length as 15m
In TN, Too small: 699, set the buffer length as 15m
In TN, Too small: 702, set the buffer length as 15m
In TN, Too small: 704, set the buffer length as 15m
In TN, Too small: 708, set the buffer length as 15m
In TN, Too small: 713, set the buffer length as 15m
In TN, Too small: 718, set the buffer length as 15m
In TN, Too small: 720, set the buffer length as 15m
In TN, Too small: 724, set the buffer length as 15m
In TN, Too small: 728, set the buffer length as 15m
In TN, Too small: 730, set the buffer length as 15m
In TN, Too small: 731, set the buffer length as 15m
In TN, Too small: 734, set the buffer length as 15m
In TN, Too small: 741, set the buffer length as 15m
In TN, Too small: 744, set the buffer length as 15m
In TN, Too small: 749, set the buffer length as 15m
In TN, Too small: 753, set the buffer length as 15m
In TN, Too small: 755, set the buffer length as 15m
In TN, Too small: 764, set the buffer length as 15m
In TN, Too small: 765, set the buffer length as 15m
In TN, Too small: 766, set the buffer length as 15m
In TN, Too small: 767, set the buffer length as 15m
In TN, Too small: 768, set the buffer length as 15m
In TN, Too small: 770, set the buffer length as 15m
In TN, Too small: 771, set the buffer length as 15m
In TN, Too small: 776, set the buffer length as 15m
In TN, Too small: 777, set the buffer length as 15m
In TN, Too small: 784, set the buffer length as 15m
In TN, Too small: 786, set the buffer length as 15m
In TN, Too small: 787, set the buffer length as 15m
In TN, Too small: 788, set the buffer length as 15m
In TN, Too small: 789, set the buffer length as 15m
In TN, Too small: 796, set the buffer length as 15m
In TN, Too small: 797, set the buffer length as 15m
In TN, Too small: 798, set the buffer length as 15m
In TN, Too small: 799, set the buffer length as 15m
In TN, Too small: 800, set the buffer length as 15m
In TN, Too small: 804, set the buffer length as 15m
In TN, Too small: 805, set the buffer length as 15m
In TN, Too small: 811, set the buffer length as 15m
In TN, Too small: 812, set the buffer length as 15m
In TN, Too small: 814, set the buffer length as 15m
In TN, Too small: 815, set the buffer length as 15m
In TN, Too small: 818, set the buffer length as 15m
In TN, Too small: 820, set the buffer length as 15m
In TN, Too small: 822, set the buffer length as 15m
In TN, Too small: 830, set the buffer length as 15m
In TN, Too small: 832, set the buffer length as 15m
In TN, Too small: 838, set the buffer length as 15m
In TN, Too small: 839, set the buffer length as 15m
In TN, Too small: 840, set the buffer length as 15m
In TN, Too small: 841, set the buffer length as 15m
In TN, Too small: 852, set the buffer length as 15m
In TN, Too small: 855, set the buffer length as 15m
In TN, Too small: 864, set the buffer length as 15m
In TN, Too small: 865, set the buffer length as 15m
In TN, Too small: 867, set the buffer length as 15m
In TN, Too small: 870, set the buffer length as 15m
In TN, Too small: 875, set the buffer length as 15m
In TN, Too small: 876, set the buffer length as 15m
In TN, Too small: 880, set the buffer length as 15m
In TN, Too small: 881, set the buffer length as 15m
In TN, Too small: 882, set the buffer length as 15m
In TN, Too small: 884, set the buffer length as 15m
In TN, Too small: 890, set the buffer length as 15m
In TN, Too small: 891, set the buffer length as 15m
In TN, Too small: 894, set the buffer length as 15m
In TN, Too small: 896, set the buffer length as 15m
In TN, Too small: 902, set the buffer length as 15m
In TN, Too small: 905, set the buffer length as 15m
In TN, Too small: 909, set the buffer length as 15m
In TN, Too small: 912, set the buffer length as 15m
In TN, Too small: 913, set the buffer length as 15m
In TN, Too small: 914, set the buffer length as 15m
In TN, Too small: 917, set the buffer length as 15m
In TN, Too small: 919, set the buffer length as 15m
In TN, Too small: 923, set the buffer length as 15m
In TN, Too small: 925, set the buffer length as 15m
In TN, Too small: 928, set the buffer length as 15m
In TN, Too small: 929, set the buffer length as 15m
In TN, Too small: 932, set the buffer length as 15m
In TN, Too small: 936, set the buffer length as 15m
In TN, Too small: 940, set the buffer length as 15m
In TN, Too small: 946, set the buffer length as 15m
In TN, Too small: 947, set the buffer length as 15m
In TN, Too small: 948, set the buffer length as 15m
In TN, Too small: 952, set the buffer length as 15m
In TN, Too small: 953, set the buffer length as 15m
In TN, Too small: 954, set the buffer length as 15m
In TN, Too small: 958, set the buffer length as 15m
In TN, Too small: 961, set the buffer length as 15m
In TN, Too small: 964, set the buffer length as 15m
In TN, Too small: 965, set the buffer length as 15m
In TN, Too small: 968, set the buffer length as 15m
In TN, Too small: 969, set the buffer length as 15m
In TN, Too small: 972, set the buffer length as 15m
In TN, Too small: 976, set the buffer length as 15m
In TN, Too small: 981, set the buffer length as 15m
In TN, Too small: 988, set the buffer length as 15m
In TN, Too small: 999, set the buffer length as 15m
In TN, Too small: 1001, set the buffer length as 15m
In TN, Too small: 1003, set the buffer length as 15m
In TN, Too small: 1004, set the buffer length as 15m
In TN, Too small: 1009, set the buffer length as 15m
In TN, Too small: 1010, set the buffer length as 15m
In TN, Too small: 1011, set the buffer length as 15m
In TN, Too small: 1013, set the buffer length as 15m
In TN, Too small: 1017, set the buffer length as 15m
In TN, Too small: 1019, set the buffer length as 15m
In TN, Too small: 1021, set the buffer length as 15m
In TN, Too small: 1023, set the buffer length as 15m
In TN, Too small: 1026, set the buffer length as 15m
In TN, Too small: 1031, set the buffer length as 15m
In TN, Too small: 1036, set the buffer length as 15m
In TN, Too small: 1038, set the buffer length as 15m
In TN, Too small: 1039, set the buffer length as 15m
In TN, Too small: 1040, set the buffer length as 15m
In TN, Too small: 1042, set the buffer length as 15m
In TN, Too small: 1043, set the buffer length as 15m
In TN, Too small: 1052, set the buffer length as 15m
In TN, Too small: 1054, set the buffer length as 15m
In TN, Too small: 1060, set the buffer length as 15m
In TN, Too small: 1064, set the buffer length as 15m
In TN, Too small: 1069, set the buffer length as 15m
In TN, Too small: 1070, set the buffer length as 15m
In TN, Too small: 1072, set the buffer length as 15m
In TN, Too small: 1073, set the buffer length as 15m
In TN, Too small: 1078, set the buffer length as 15m
In TN, Too small: 1082, set the buffer length as 15m
In TN, Too small: 1084, set the buffer length as 15m
In TN, Too small: 1085, set the buffer length as 15m
In TN, Too small: 1089, set the buffer length as 15m
In TN, Too small: 1092, set the buffer length as 15m
In TN, Too small: 1095, set the buffer length as 15m
In TN, Too small: 1096, set the buffer length as 15m
In TN, Too small: 1097, set the buffer length as 15m
In TN, Too small: 1099, set the buffer length as 15m
In TN, Too small: 1103, set the buffer length as 15m
In TN, Too small: 1107, set the buffer length as 15m
In TN, Too small: 1108, set the buffer length as 15m
In TN, Too small: 1110, set the buffer length as 15m
In TN, Too small: 1112, set the buffer length as 15m
In TN, Too small: 1115, set the buffer length as 15m
In TN, Too small: 1120, set the buffer length as 15m
In TN, Too small: 1123, set the buffer length as 15m
In TN, Too small: 1124, set the buffer length as 15m
In TN, Too small: 1126, set the buffer length as 15m
In TN, Too small: 1128, set the buffer length as 15m
In TN, Too small: 1129, set the buffer length as 15m
In TN, Too small: 1130, set the buffer length as 15m
In TN, Too small: 1133, set the buffer length as 15m
In TN, Too small: 1134, set the buffer length as 15m
In TN, Too small: 1136, set the buffer length as 15m
In TN, Too small: 1137, set the buffer length as 15m
In TN, Too small: 1145, set the buffer length as 15m
In TN, Too small: 1146, set the buffer length as 15m
In TN, Too small: 1148, set the buffer length as 15m
In TN, Too small: 1149, set the buffer length as 15m
In TN, Too small: 1150, set the buffer length as 15m
In TN, Too small: 1151, set the buffer length as 15m
In TN, Too small: 1152, set the buffer length as 15m
In TN, Too small: 1154, set the buffer length as 15m
In TN, Too small: 1156, set the buffer length as 15m
In TN, Too small: 1157, set the buffer length as 15m
In TN, Too small: 1158, set the buffer length as 15m
In TN, Too small: 1160, set the buffer length as 15m
In TN, Too small: 1161, set the buffer length as 15m
In TN, Too small: 1165, set the buffer length as 15m
In TN, Too small: 1170, set the buffer length as 15m
In TN, Too small: 1171, set the buffer length as 15m
In TN, Too small: 1172, set the buffer length as 15m
In TN, Too small: 1173, set the buffer length as 15m
In TN, Too small: 1176, set the buffer length as 15m
In TN, Too small: 1179, set the buffer length as 15m
In TN, Too small: 1180, set the buffer length as 15m
In TN, Too small: 1181, set the buffer length as 15m
In TN, Too small: 1182, set the buffer length as 15m
In TN, Too small: 1183, set the buffer length as 15m
In TN, Too small: 1189, set the buffer length as 15m
In TN, Too small: 1190, set the buffer length as 15m
In TN, Too small: 1191, set the buffer length as 15m
In TN, Too small: 1197, set the buffer length as 15m
In TN, Too small: 1200, set the buffer length as 15m
In TN, Too small: 1204, set the buffer length as 15m
In TN, Too small: 1205, set the buffer length as 15m
In TN, Too small: 1207, set the buffer length as 15m
In TN, Too small: 1208, set the buffer length as 15m
In TN, Too small: 1209, set the buffer length as 15m
In TN, Too small: 1210, set the buffer length as 15m
In TN, Too small: 1212, set the buffer length as 15m
In TN, Too small: 1217, set the buffer length as 15m
In TN, Too small: 1219, set the buffer length as 15m
In TN, Too small: 1220, set the buffer length as 15m
In TN, Too small: 1221, set the buffer length as 15m
In TN, Too small: 1224, set the buffer length as 15m
In TN, Too small: 1225, set the buffer length as 15m
In TN, Too small: 1227, set the buffer length as 15m
In TN, Too small: 1230, set the buffer length as 15m
In TN, Too small: 1234, set the buffer length as 15m
In TN, Too small: 1236, set the buffer length as 15m
In TN, Too small: 1237, set the buffer length as 15m
In TN, Too small: 1238, set the buffer length as 15m
In TN, Too small: 1239, set the buffer length as 15m
In TN, Too small: 1241, set the buffer length as 15m
In TN, Too small: 1242, set the buffer length as 15m
In TN, Too small: 1243, set the buffer length as 15m
In TN, Too small: 1247, set the buffer length as 15m
In TN, Too small: 1248, set the buffer length as 15m
In TN, Too small: 1249, set the buffer length as 15m
In TN, Too small: 1251, set the buffer length as 15m
In TN, Too small: 1252, set the buffer length as 15m
In TN, Too small: 1256, set the buffer length as 15m
In TN, Too small: 1258, set the buffer length as 15m
In TN, Too small: 1259, set the buffer length as 15m
In TN, Too small: 1261, set the buffer length as 15m
In TN, Too small: 1262, set the buffer length as 15m
In TN, Too small: 1263, set the buffer length as 15m
In TN, Too small: 1264, set the buffer length as 15m
In TN, Too small: 1265, set the buffer length as 15m
In TN, Too small: 1266, set the buffer length as 15m
In TN, Too small: 1267, set the buffer length as 15m
In TN, Too small: 1268, set the buffer length as 15m
In TN, Too small: 1269, set the buffer length as 15m
In TN, Too small: 1271, set the buffer length as 15m
In TN, Too small: 1273, set the buffer length as 15m
In TN, Too small: 1274, set the buffer length as 15m
In TN, Too small: 1275, set the buffer length as 15m
In TN, Too small: 1276, set the buffer length as 15m
In TN, Too small: 1277, set the buffer length as 15m
In TN, Too small: 1278, set the buffer length as 15m
In TN, Too small: 1280, set the buffer length as 15m
In TN, Too small: 1281, set the buffer length as 15m
In TN, Too small: 1283, set the buffer length as 15m
In TN, Too small: 1284, set the buffer length as 15m
In TN, Too small: 1287, set the buffer length as 15m
In TN, Too small: 1290, set the buffer length as 15m
In TN, Too small: 1291, set the buffer length as 15m
In TN, Too small: 1294, set the buffer length as 15m
In TN, Too small: 1295, set the buffer length as 15m
In TN, Too small: 1298, set the buffer length as 15m
In TN, Too small: 1299, set the buffer length as 15m
In TN, Too small: 1300, set the buffer length as 15m
In TN, Too small: 1301, set the buffer length as 15m
In TN, Too small: 1302, set the buffer length as 15m
In TN, Too small: 1303, set the buffer length as 15m
In TN, Too small: 1305, set the buffer length as 15m
In TN, Too small: 1307, set the buffer length as 15m
In TN, Too small: 1308, set the buffer length as 15m
In TN, Too small: 1309, set the buffer length as 15m
In TN, Too small: 1310, set the buffer length as 15m
In TN, Too small: 1315, set the buffer length as 15m
In TN, Too small: 1317, set the buffer length as 15m
In TN, Too small: 1318, set the buffer length as 15m
In TN, Too small: 1319, set the buffer length as 15m
In TN, Too small: 1321, set the buffer length as 15m
In TN, Too small: 1323, set the buffer length as 15m
In TN, Too small: 1324, set the buffer length as 15m
In TN, Too small: 1325, set the buffer length as 15m
In TN, Too small: 1327, set the buffer length as 15m
In TN, Too small: 1328, set the buffer length as 15m
In TN, Too small: 1330, set the buffer length as 15m
In TN, Too small: 1331, set the buffer length as 15m
In TN, Too small: 1332, set the buffer length as 15m
In TN, Too small: 1333, set the buffer length as 15m
In TN, Too small: 1334, set the buffer length as 15m
In TN, Too small: 1337, set the buffer length as 15m
In TN, Too small: 1341, set the buffer length as 15m
In TN, Too small: 1342, set the buffer length as 15m
In TN, Too small: 1343, set the buffer length as 15m
In TN, Too small: 1345, set the buffer length as 15m
In TN, Too small: 1349, set the buffer length as 15m
In TN, Too small: 1350, set the buffer length as 15m
In TN, Too small: 1353, set the buffer length as 15m
In TN, Too small: 1356, set the buffer length as 15m
In TN, Too small: 1357, set the buffer length as 15m
In TN, Too small: 1363, set the buffer length as 15m
In TN, Too small: 1366, set the buffer length as 15m
In TN, Too small: 1368, set the buffer length as 15m
In TN, Too small: 1369, set the buffer length as 15m
In TN, Too small: 1372, set the buffer length as 15m
In TN, Too small: 1373, set the buffer length as 15m
In TN, Too small: 1374, set the buffer length as 15m
In TN, Too small: 1376, set the buffer length as 15m
In TN, Too small: 1378, set the buffer length as 15m
In TN, Too small: 1380, set the buffer length as 15m
In TN, Too small: 1382, set the buffer length as 15m
In TN, Too small: 1384, set the buffer length as 15m
In TN, Too small: 1385, set the buffer length as 15m
In TN, Too small: 1386, set the buffer length as 15m
In TN, Too small: 1387, set the buffer length as 15m
In TN, Too small: 1389, set the buffer length as 15m
In TN, Too small: 1391, set the buffer length as 15m
In TN, Too small: 1392, set the buffer length as 15m
In TN, Too small: 1393, set the buffer length as 15m
In TN, Too small: 1396, set the buffer length as 15m
In TN, Too small: 1397, set the buffer length as 15m
In TN, Too small: 1398, set the buffer length as 15m
In TN, Too small: 1399, set the buffer length as 15m
In TN, Too small: 1400, set the buffer length as 15m
In TN, Too small: 1403, set the buffer length as 15m
In TN, Too small: 1404, set the buffer length as 15m
In TN, Too small: 1405, set the buffer length as 15m
In TN, Too small: 1407, set the buffer length as 15m
In TN, Too small: 1408, set the buffer length as 15m
In TN, Too small: 1409, set the buffer length as 15m
In TN, Too small: 1410, set the buffer length as 15m
In TN, Too small: 1411, set the buffer length as 15m
In TN, Too small: 1413, set the buffer length as 15m
In TN, Too small: 1414, set the buffer length as 15m
In TN, Too small: 1415, set the buffer length as 15m
In TN, Too small: 1416, set the buffer length as 15m
In TN, Too small: 1418, set the buffer length as 15m
In TN, Too small: 1419, set the buffer length as 15m
In TN, Too small: 1421, set the buffer length as 15m
In TN, Too small: 1423, set the buffer length as 15m
In TN, Too small: 1424, set the buffer length as 15m
In TN, Too small: 1425, set the buffer length as 15m
In TN, Too small: 1426, set the buffer length as 15m
In TN, Too small: 1427, set the buffer length as 15m
In TN, Too small: 1429, set the buffer length as 15m
In TN, Too small: 1430, set the buffer length as 15m
In TN, Too small: 1431, set the buffer length as 15m
In TN, Too small: 1432, set the buffer length as 15m
In TN, Too small: 1433, set the buffer length as 15m
In TN, Too small: 1434, set the buffer length as 15m
In TN, Too small: 1435, set the buffer length as 15m
In TN, Too small: 1436, set the buffer length as 15m
In TN, Too small: 1437, set the buffer length as 15m
In TN, Too small: 1440, set the buffer length as 15m
In TN, Too small: 1441, set the buffer length as 15m
In TN, Too small: 1442, set the buffer length as 15m
In TN, Too small: 1443, set the buffer length as 15m
In TN, Too small: 1445, set the buffer length as 15m
In TN, Too small: 1446, set the buffer length as 15m
In TN, Too small: 1448, set the buffer length as 15m
In TN, Too small: 1449, set the buffer length as 15m
In TN, Too small: 1451, set the buffer length as 15m
In TN, Too small: 1452, set the buffer length as 15m
In TN, Too small: 1453, set the buffer length as 15m
In TN, Too small: 1454, set the buffer length as 15m
In TN, Too small: 1455, set the buffer length as 15m
In TN, Too small: 1456, set the buffer length as 15m
In TN, Too small: 1458, set the buffer length as 15m
In TN, Too small: 1460, set the buffer length as 15m
In TN, Too small: 1461, set the buffer length as 15m
In TN, Too small: 1463, set the buffer length as 15m
In TN, Too small: 1465, set the buffer length as 15m
In TN, Too small: 1466, set the buffer length as 15m
In TN, Too small: 1467, set the buffer length as 15m
In TN, Too small: 1469, set the buffer length as 15m
In TN, Too small: 1471, set the buffer length as 15m
In TN, Too small: 1472, set the buffer length as 15m
In TN, Too small: 1474, set the buffer length as 15m
In TN, Too small: 1477, set the buffer length as 15m
In TN, Too small: 1478, set the buffer length as 15m
In TN, Too small: 1479, set the buffer length as 15m
In TN, Too small: 1481, set the buffer length as 15m
In TN, Too small: 1484, set the buffer length as 15m
In TN, Too small: 1487, set the buffer length as 15m
In TN, Too small: 1488, set the buffer length as 15m
In TN, Too small: 1489, set the buffer length as 15m
In TN, Too small: 1490, set the buffer length as 15m
In TN, Too small: 1492, set the buffer length as 15m
In TN, Too small: 1493, set the buffer length as 15m
In TN, Too small: 1495, set the buffer length as 15m
In TN, Too small: 1496, set the buffer length as 15m
In TN, Too small: 1498, set the buffer length as 15m
In TN, Too small: 1499, set the buffer length as 15m
In TN, Too small: 1500, set the buffer length as 15m
In TN, Too small: 1503, set the buffer length as 15m
In TN, Too small: 1504, set the buffer length as 15m
In TN, Too small: 1505, set the buffer length as 15m
In TN, Too small: 1506, set the buffer length as 15m
In TN, Too small: 1507, set the buffer length as 15m
In TN, Too small: 1510, set the buffer length as 15m
In TN, Too small: 1511, set the buffer length as 15m
In TN, Too small: 1512, set the buffer length as 15m
In TN, Too small: 1513, set the buffer length as 15m
In TN, Too small: 1514, set the buffer length as 15m
In TN, Too small: 1515, set the buffer length as 15m
In TN, Too small: 1516, set the buffer length as 15m
In TN, Too small: 1517, set the buffer length as 15m
In TN, Too small: 1518, set the buffer length as 15m
In TN, Too small: 1519, set the buffer length as 15m
In TN, Too small: 1521, set the buffer length as 15m
In TN, Too small: 1523, set the buffer length as 15m
In TN, Too small: 1525, set the buffer length as 15m
In TN, Too small: 1526, set the buffer length as 15m
In TN, Too small: 1527, set the buffer length as 15m
In TN, Too small: 1530, set the buffer length as 15m
In TN, Too small: 1531, set the buffer length as 15m
In TN, Too small: 1532, set the buffer length as 15m
In TN, Too small: 1533, set the buffer length as 15m
In TN, Too small: 1537, set the buffer length as 15m
In TN, Too small: 1538, set the buffer length as 15m
In TN, Too small: 1539, set the buffer length as 15m
In TN, Too small: 1540, set the buffer length as 15m
In TN, Too small: 1541, set the buffer length as 15m
In TN, Too small: 1542, set the buffer length as 15m
In TN, Too small: 1545, set the buffer length as 15m
In TN, Too small: 1546, set the buffer length as 15m
In TN, Too small: 1547, set the buffer length as 15m
In TN, Too small: 1552, set the buffer length as 15m
In TN, Too small: 1553, set the buffer length as 15m
In TN, Too small: 1554, set the buffer length as 15m
In TN, Too small: 1555, set the buffer length as 15m
In TN, Too small: 1556, set the buffer length as 15m
In TN, Too small: 1557, set the buffer length as 15m
In TN, Too small: 1558, set the buffer length as 15m
In TN, Too small: 1560, set the buffer length as 15m
In TN, Too small: 1561, set the buffer length as 15m
In TN, Too small: 1562, set the buffer length as 15m
In TN, Too small: 1563, set the buffer length as 15m
In TN, Too small: 1566, set the buffer length as 15m
In TN, Too small: 1567, set the buffer length as 15m
In TN, Too small: 1570, set the buffer length as 15m
In TN, Too small: 1572, set the buffer length as 15m
In TN, Too small: 1573, set the buffer length as 15m
In TN, Too small: 1574, set the buffer length as 15m
In TN, Too small: 1575, set the buffer length as 15m
In TN, Too small: 1576, set the buffer length as 15m
In TN, Too small: 1577, set the buffer length as 15m
In TN, Too small: 1579, set the buffer length as 15m
In TN, Too small: 1582, set the buffer length as 15m
In TN, Too small: 1584, set the buffer length as 15m
In TN, Too small: 1587, set the buffer length as 15m
In TN, Too small: 1590, set the buffer length as 15m
In TN, Too small: 1591, set the buffer length as 15m
In TN, Too small: 1593, set the buffer length as 15m
In TN, Too small: 1596, set the buffer length as 15m
In TN, Too small: 1597, set the buffer length as 15m
In TN, Too small: 1598, set the buffer length as 15m
In TN, Too small: 1599, set the buffer length as 15m
In TN, Too small: 1600, set the buffer length as 15m
In TN, Too small: 1603, set the buffer length as 15m
In TN, Too small: 1605, set the buffer length as 15m
In TN, Too small: 1609, set the buffer length as 15m
In TN, Too small: 1612, set the buffer length as 15m
In TN, Too small: 1613, set the buffer length as 15m
In TN, Too small: 1614, set the buffer length as 15m
In TN, Too small: 1615, set the buffer length as 15m
In TN, Too small: 1616, set the buffer length as 15m
In TN, Too small: 1617, set the buffer length as 15m
In TN, Too small: 1618, set the buffer length as 15m
In TN, Too small: 1619, set the buffer length as 15m
In TN, Too small: 1620, set the buffer length as 15m
In TN, Too small: 1622, set the buffer length as 15m
In TN, Too small: 1624, set the buffer length as 15m
In TN, Too small: 1626, set the buffer length as 15m
In TN, Too small: 1627, set the buffer length as 15m
In TN, Too small: 1628, set the buffer length as 15m
In TN, Too small: 1629, set the buffer length as 15m
In TN, Too small: 1630, set the buffer length as 15m
In TN, Too small: 1632, set the buffer length as 15m
In TN, Too small: 1633, set the buffer length as 15m
In TN, Too small: 1634, set the buffer length as 15m
In TN, Too small: 1635, set the buffer length as 15m
In TN, Too small: 1636, set the buffer length as 15m
In TN, Too small: 1638, set the buffer length as 15m
In TN, Too small: 1640, set the buffer length as 15m
In TN, Too small: 1642, set the buffer length as 15m
In TN, Too small: 1645, set the buffer length as 15m
In TN, Too small: 1646, set the buffer length as 15m
In TN, Too small: 1647, set the buffer length as 15m
In TN, Too small: 1648, set the buffer length as 15m
In TN, Too small: 1649, set the buffer length as 15m
In TN, Too small: 1650, set the buffer length as 15m
In TN, Too small: 1651, set the buffer length as 15m
In TN, Too small: 1653, set the buffer length as 15m
In TN, Too small: 1654, set the buffer length as 15m
In TN, Too small: 1655, set the buffer length as 15m
In TN, Too small: 1657, set the buffer length as 15m
In TN, Too small: 1658, set the buffer length as 15m
In TN, Too small: 1659, set the buffer length as 15m
In TN, Too small: 1660, set the buffer length as 15m
In TN, Too small: 1661, set the buffer length as 15m
In TN, Too small: 1662, set the buffer length as 15m
In TN, Too small: 1663, set the buffer length as 15m
In TN, Too small: 1665, set the buffer length as 15m
In TN, Too small: 1666, set the buffer length as 15m
In TN, Too small: 1668, set the buffer length as 15m
In TN, Too small: 1669, set the buffer length as 15m
In TN, Too small: 1670, set the buffer length as 15m
In TN, Too small: 1671, set the buffer length as 15m
In TN, Too small: 1672, set the buffer length as 15m
In TN, Too small: 1673, set the buffer length as 15m
In TN, Too small: 1676, set the buffer length as 15m
In TN, Too small: 1679, set the buffer length as 15m
In TN, Too small: 1680, set the buffer length as 15m
In TN, Too small: 1681, set the buffer length as 15m
In TN, Too small: 1684, set the buffer length as 15m
In TN, Too small: 1685, set the buffer length as 15m
In TN, Too small: 1686, set the buffer length as 15m
In TN, Too small: 1687, set the buffer length as 15m
In TN, Too small: 1688, set the buffer length as 15m
In TN, Too small: 1689, set the buffer length as 15m
In TN, Too small: 1690, set the buffer length as 15m
In TN, Too small: 1691, set the buffer length as 15m
In TN, Too small: 1692, set the buffer length as 15m
In TN, Too small: 1695, set the buffer length as 15m
In TN, Too small: 1696, set the buffer length as 15m
In TN, Too small: 1699, set the buffer length as 15m
In TN, Too small: 1700, set the buffer length as 15m
In TN, Too small: 1701, set the buffer length as 15m
In TN, Too small: 1702, set the buffer length as 15m
In TN, Too small: 1703, set the buffer length as 15m
In TN, Too small: 1704, set the buffer length as 15m
In TN, Too small: 1706, set the buffer length as 15m
In TN, Too small: 1707, set the buffer length as 15m
In TN, Too small: 1709, set the buffer length as 15m
In TN, Too small: 1710, set the buffer length as 15m
In TN, Too small: 1711, set the buffer length as 15m
In TN, Too small: 1713, set the buffer length as 15m
In TN, Too small: 1716, set the buffer length as 15m
In TN, Too small: 1717, set the buffer length as 15m
In TN, Too small: 1718, set the buffer length as 15m
In TN, Too small: 1719, set the buffer length as 15m
In TN, Too small: 1720, set the buffer length as 15m
In TN, Too small: 1721, set the buffer length as 15m
In TN, Too small: 1723, set the buffer length as 15m
In TN, Too small: 1724, set the buffer length as 15m
In TN, Too small: 1725, set the buffer length as 15m
In TN, Too small: 1727, set the buffer length as 15m
In TN, Too small: 1728, set the buffer length as 15m
In TN, Too small: 1729, set the buffer length as 15m
In TN, Too small: 1730, set the buffer length as 15m
In TN, Too small: 1732, set the buffer length as 15m
In TN, Too small: 1734, set the buffer length as 15m
In TN, Too small: 1735, set the buffer length as 15m
In TN, Too small: 1736, set the buffer length as 15m
In TN, Too small: 1737, set the buffer length as 15m
In TN, Too small: 1739, set the buffer length as 15m
In TN, Too small: 1740, set the buffer length as 15m
In TN, Too small: 1741, set the buffer length as 15m
In TN, Too small: 1742, set the buffer length as 15m
In TN, Too small: 1743, set the buffer length as 15m
In TN, Too small: 1744, set the buffer length as 15m
In TN, Too small: 1745, set the buffer length as 15m
In TN, Too small: 1746, set the buffer length as 15m
In TN, Too small: 1747, set the buffer length as 15m
In TN, Too small: 1748, set the buffer length as 15m
In TN, Too small: 1750, set the buffer length as 15m
In TN, Too small: 1751, set the buffer length as 15m
In TN, Too small: 1754, set the buffer length as 15m
In TN, Too small: 1755, set the buffer length as 15m
In TN, Too small: 1756, set the buffer length as 15m
In TN, Too small: 1757, set the buffer length as 15m
In TN, Too small: 1758, set the buffer length as 15m
In TN, Too small: 1759, set the buffer length as 15m
In TN, Too small: 1760, set the buffer length as 15m
In TN, Too small: 1761, set the buffer length as 15m
In TN, Too small: 1762, set the buffer length as 15m
In TN, Too small: 1763, set the buffer length as 15m
In TN, Too small: 1764, set the buffer length as 15m
In TN, Too small: 1765, set the buffer length as 15m
In TN, Too small: 1766, set the buffer length as 15m
In TN, Too small: 1767, set the buffer length as 15m
In TN, Too small: 1768, set the buffer length as 15m
In TN, Too small: 1769, set the buffer length as 15m
In TN, Too small: 1772, set the buffer length as 15m
In TN, Too small: 1773, set the buffer length as 15m
In TN, Too small: 1774, set the buffer length as 15m
In TN, Too small: 1777, set the buffer length as 15m
In TN, Too small: 1784, set the buffer length as 15m
In TN, Too small: 1785, set the buffer length as 15m
In TN, Too small: 1786, set the buffer length as 15m
In TN, Too small: 1787, set the buffer length as 15m
In TN, Too small: 1788, set the buffer length as 15m
In TN, Too small: 1790, set the buffer length as 15m
In TN, Too small: 1791, set the buffer length as 15m
In TN, Too small: 1793, set the buffer length as 15m
In TN, Too small: 1794, set the buffer length as 15m
In TN, Too small: 1796, set the buffer length as 15m
In TN, Too small: 1797, set the buffer length as 15m
In TN, Too small: 1798, set the buffer length as 15m
In TN, Too small: 1799, set the buffer length as 15m
In TN, Too small: 1800, set the buffer length as 15m
In TN, Too small: 1801, set the buffer length as 15m
In TN, Too small: 1802, set the buffer length as 15m
In TN, Too small: 1805, set the buffer length as 15m
In TN, Too small: 1806, set the buffer length as 15m
In TN, Too small: 1807, set the buffer length as 15m
In TN, Too small: 1808, set the buffer length as 15m
In TN, Too small: 1809, set the buffer length as 15m
In TN, Too small: 1810, set the buffer length as 15m
In TN, Too small: 1811, set the buffer length as 15m
In TN, Too small: 1812, set the buffer length as 15m
In TN, Too small: 1813, set the buffer length as 15m
In TN, Too small: 1814, set the buffer length as 15m
In TN, Too small: 1815, set the buffer length as 15m
In TN, Too small: 1816, set the buffer length as 15m
In TN, Too small: 1817, set the buffer length as 15m
In TN, Too small: 1818, set the buffer length as 15m
In TN, Too small: 1819, set the buffer length as 15m
In TN, Too small: 1820, set the buffer length as 15m
In TN, Too small: 1821, set the buffer length as 15m
In TN, Too small: 1822, set the buffer length as 15m
In TN, Too small: 1823, set the buffer length as 15m
In TN, Too small: 1824, set the buffer length as 15m
In TN, Too small: 1825, set the buffer length as 15m
In TN, Too small: 1826, set the buffer length as 15m
In TN, Too small: 1827, set the buffer length as 15m
In TN, Too small: 1828, set the buffer length as 15m
In TN, Too small: 1829, set the buffer length as 15m
In TN, Too small: 1830, set the buffer length as 15m
In TN, Too small: 1831, set the buffer length as 15m
In TN, Too small: 1832, set the buffer length as 15m
In TN, Too small: 1833, set the buffer length as 15m
In TN, Too small: 1834, set the buffer length as 15m
In TN, Too small: 1835, set the buffer length as 15m
In TN, Too small: 1836, set the buffer length as 15m
In TN, Too small: 1837, set the buffer length as 15m
In TN, Too small: 1838, set the buffer length as 15m
In TN, Too small: 1839, set the buffer length as 15m
In TN, Too small: 1840, set the buffer length as 15m
In TN, Too small: 1841, set the buffer length as 15m
In TN, Too small: 1842, set the buffer length as 15m
In TN, Too small: 1843, set the buffer length as 15m
In TN, Too small: 1844, set the buffer length as 15m
In TN, Too small: 1845, set the buffer length as 15m
In TN, Too small: 1846, set the buffer length as 15m
In TN, Too small: 1847, set the buffer length as 15m
In TN, Too small: 1848, set the buffer length as 15m
In TN, Too small: 1849, set the buffer length as 15m
In TN, Too small: 1850, set the buffer length as 15m
In TN, Too small: 1851, set the buffer length as 15m
In TN, Too small: 1852, set the buffer length as 15m
In TN, Too small: 1853, set the buffer length as 15m
In TN, Too small: 1854, set the buffer length as 15m
In TN, Too small: 1855, set the buffer length as 15m
In TN, Too small: 1856, set the buffer length as 15m
In TN, Too small: 1857, set the buffer length as 15m
In TN, Too small: 1858, set the buffer length as 15m
In TN, Too small: 1859, set the buffer length as 15m
In TN, Too small: 1860, set the buffer length as 15m
In TN, Too small: 1861, set the buffer length as 15m
In TN, Too small: 1862, set the buffer length as 15m
In TN, Too small: 1863, set the buffer length as 15m
In TN, Too small: 1865, set the buffer length as 15m
In TN, Too small: 1866, set the buffer length as 15m
In TN, Too small: 1867, set the buffer length as 15m
In TN, Too small: 1869, set the buffer length as 15m
In TN, Too small: 1870, set the buffer length as 15m
In TN, Too small: 1871, set the buffer length as 15m
In TN, Too small: 1872, set the buffer length as 15m
In TN, Too small: 1873, set the buffer length as 15m
In TN, Too small: 1874, set the buffer length as 15m
In TN, Too small: 1875, set the buffer length as 15m
In TN, Too small: 1876, set the buffer length as 15m
In TN, Too small: 1877, set the buffer length as 15m
In TN, Too small: 1878, set the buffer length as 15m
In TN, Too small: 1879, set the buffer length as 15m
In TN, Too small: 1880, set the buffer length as 15m
In TN, Too small: 1882, set the buffer length as 15m
In TN, Too small: 1883, set the buffer length as 15m
In TN, Too small: 1884, set the buffer length as 15m
In TN, Too small: 1885, set the buffer length as 15m
In TN, Too small: 1886, set the buffer length as 15m
In TN, Too small: 1887, set the buffer length as 15m
In TN, Too small: 1888, set the buffer length as 15m
In TN, Too small: 1889, set the buffer length as 15m
In TN, Too small: 1890, set the buffer length as 15m
In TN, Too small: 1891, set the buffer length as 15m
In TN, Too small: 1892, set the buffer length as 15m
In TN, Too small: 1893, set the buffer length as 15m
In TN, Too small: 1894, set the buffer length as 15m
In TN, Too small: 1895, set the buffer length as 15m
In TN, Too small: 1896, set the buffer length as 15m
In TN, Too small: 1898, set the buffer length as 15m
In TN, Too small: 1899, set the buffer length as 15m
In TN, Too small: 1901, set the buffer length as 15m
In TN, Too small: 1902, set the buffer length as 15m
In TN, Too small: 1903, set the buffer length as 15m
In TN, Too small: 1904, set the buffer length as 15m
In TN, Too small: 1906, set the buffer length as 15m
In TN, Too small: 1907, set the buffer length as 15m
In TN, Too small: 1908, set the buffer length as 15m
In TN, Too small: 1910, set the buffer length as 15m
In TN, Too small: 1911, set the buffer length as 15m
In TN, Too small: 1913, set the buffer length as 15m
In TN, Too small: 1914, set the buffer length as 15m
In TN, Too small: 1915, set the buffer length as 15m
In TN, Too small: 1916, set the buffer length as 15m
In TN, Too small: 1917, set the buffer length as 15m
In TN, Too small: 1918, set the buffer length as 15m
In TN, Too small: 1919, set the buffer length as 15m
In TN, Too small: 1920, set the buffer length as 15m
In TN, Too small: 1921, set the buffer length as 15m
In TN, Too small: 1922, set the buffer length as 15m
In TN, Too small: 1923, set the buffer length as 15m
In TN, Too small: 1924, set the buffer length as 15m
In TN, Too small: 1926, set the buffer length as 15m
In TN, Too small: 1927, set the buffer length as 15m
In TN, Too small: 1928, set the buffer length as 15m
In TN, Too small: 1930, set the buffer length as 15m
In TN, Too small: 1931, set the buffer length as 15m
In TN, Too small: 1932, set the buffer length as 15m
In TN, Too small: 1933, set the buffer length as 15m
In TN, Too small: 1935, set the buffer length as 15m
In TN, Too small: 1936, set the buffer length as 15m
In TN, Too small: 1937, set the buffer length as 15m
In TN, Too small: 1938, set the buffer length as 15m
In TN, Too small: 1939, set the buffer length as 15m
In TN, Too small: 1940, set the buffer length as 15m
In TN, Too small: 1941, set the buffer length as 15m
In TN, Too small: 1942, set the buffer length as 15m
In TN, Too small: 1943, set the buffer length as 15m
In TN, Too small: 1944, set the buffer length as 15m
In TN, Too small: 1945, set the buffer length as 15m
In TN, Too small: 1946, set the buffer length as 15m
In TN, Too small: 1947, set the buffer length as 15m
In TN, Too small: 1948, set the buffer length as 15m
In TN, Too small: 1949, set the buffer length as 15m
In TN, Too small: 1951, set the buffer length as 15m
In TN, Too small: 1952, set the buffer length as 15m
In TN, Too small: 1953, set the buffer length as 15m
In TN, Too small: 1954, set the buffer length as 15m
In TN, Too small: 1955, set the buffer length as 15m
In TN, Too small: 1956, set the buffer length as 15m
In TN, Too small: 1957, set the buffer length as 15m
In TN, Too small: 1958, set the buffer length as 15m
In TN, Too small: 1959, set the buffer length as 15m
In TN, Too small: 1960, set the buffer length as 15m
In TN, Too small: 1962, set the buffer length as 15m
In TN, Too small: 1963, set the buffer length as 15m
In TN, Too small: 1964, set the buffer length as 15m
In TN, Too small: 1965, set the buffer length as 15m
In TN, Too small: 1966, set the buffer length as 15m
In TN, Too small: 1969, set the buffer length as 15m
In TN, Too small: 1970, set the buffer length as 15m
In TN, Too small: 1971, set the buffer length as 15m
In TN, Too small: 1973, set the buffer length as 15m
In TN, Too small: 1974, set the buffer length as 15m
In TN, Too small: 1975, set the buffer length as 15m
In TN, Too small: 1976, set the buffer length as 15m
In TN, Too small: 1977, set the buffer length as 15m
In TN, Too small: 1978, set the buffer length as 15m
In TN, Too small: 1979, set the buffer length as 15m
In TN, Too small: 1980, set the buffer length as 15m
In TN, Too small: 1981, set the buffer length as 15m
In TN, Too small: 1983, set the buffer length as 15m
In TN, Too small: 1984, set the buffer length as 15m
In TN, Too small: 1985, set the buffer length as 15m
In TN, Too small: 1986, set the buffer length as 15m
In TN, Too small: 1987, set the buffer length as 15m
In TN, Too small: 1988, set the buffer length as 15m
In TN, Too small: 1989, set the buffer length as 15m
In TN, Too small: 1990, set the buffer length as 15m
In TN, Too small: 1991, set the buffer length as 15m
In TN, Too small: 1992, set the buffer length as 15m
In TN, Too small: 1993, set the buffer length as 15m
In TN, Too small: 1994, set the buffer length as 15m
In TN, Too small: 1996, set the buffer length as 15m
In TN, Too small: 1997, set the buffer length as 15m
In TN, Too small: 2000, set the buffer length as 15m
In TN, Too small: 2001, set the buffer length as 15m
In TN, Too small: 2003, set the buffer length as 15m
In TN, Too small: 2004, set the buffer length as 15m
In TN, Too small: 2007, set the buffer length as 15m
In TN, Too small: 2008, set the buffer length as 15m
In TN, Too small: 2009, set the buffer length as 15m
In TN, Too small: 2010, set the buffer length as 15m
In TN, Too small: 2011, set the buffer length as 15m
In TN, Too small: 2012, set the buffer length as 15m
In TN, Too small: 2013, set the buffer length as 15m
In TN, Too small: 2015, set the buffer length as 15m
In TN, Too small: 2016, set the buffer length as 15m
In TN, Too small: 2017, set the buffer length as 15m
In TN, Too small: 2018, set the buffer length as 15m
In TN, Too small: 2019, set the buffer length as 15m
In TN, Too small: 2022, set the buffer length as 15m
In TN, Too small: 2023, set the buffer length as 15m
In TN, Too small: 2024, set the buffer length as 15m
In TN, Too small: 2025, set the buffer length as 15m
In TN, Too small: 2028, set the buffer length as 15m
In TN, Too small: 2029, set the buffer length as 15m
In TN, Too small: 2031, set the buffer length as 15m
In TN, Too small: 2032, set the buffer length as 15m
In TN, Too small: 2033, set the buffer length as 15m
In TN, Too small: 2034, set the buffer length as 15m
In TN, Too small: 2035, set the buffer length as 15m
In TN, Too small: 2037, set the buffer length as 15m
In TN, Too small: 2038, set the buffer length as 15m
In TN, Too small: 2039, set the buffer length as 15m
In TN, Too small: 2040, set the buffer length as 15m
In TN, Too small: 2041, set the buffer length as 15m
In TN, Too small: 2042, set the buffer length as 15m
In TN, Too small: 2043, set the buffer length as 15m
In TN, Too small: 2044, set the buffer length as 15m
In TN, Too small: 2046, set the buffer length as 15m
In TN, Too small: 2047, set the buffer length as 15m
In TN, Too small: 2048, set the buffer length as 15m
In TN, Too small: 2049, set the buffer length as 15m
In TN, Too small: 2051, set the buffer length as 15m
In TN, Too small: 2052, set the buffer length as 15m
In TN, Too small: 2054, set the buffer length as 15m
In TN, Too small: 2055, set the buffer length as 15m
In TN, Too small: 2056, set the buffer length as 15m
In TN, Too small: 2057, set the buffer length as 15m
In TN, Too small: 2058, set the buffer length as 15m
In TN, Too small: 2059, set the buffer length as 15m
In TN, Too small: 2060, set the buffer length as 15m
In TN, Too small: 2061, set the buffer length as 15m
In TN, Too small: 2062, set the buffer length as 15m
In TN, Too small: 2063, set the buffer length as 15m
In TN, Too small: 2064, set the buffer length as 15m
In TN, Too small: 2065, set the buffer length as 15m
In TN, Too small: 2066, set the buffer length as 15m
In TN, Too small: 2067, set the buffer length as 15m
In TN, Too small: 2068, set the buffer length as 15m
In TN, Too small: 2069, set the buffer length as 15m
In TN, Too small: 2070, set the buffer length as 15m
In TN, Too small: 2072, set the buffer length as 15m
In TN, Too small: 2073, set the buffer length as 15m
In TN, Too small: 2074, set the buffer length as 15m
In TN, Too small: 2076, set the buffer length as 15m
In TN, Too small: 2077, set the buffer length as 15m
In TN, Too small: 2078, set the buffer length as 15m
In TN, Too small: 2080, set the buffer length as 15m
In TN, Too small: 2081, set the buffer length as 15m
In TN, Too small: 2082, set the buffer length as 15m
In TN, Too small: 2083, set the buffer length as 15m
In TN, Too small: 2084, set the buffer length as 15m
In TN, Too small: 2085, set the buffer length as 15m
In TN, Too small: 2086, set the buffer length as 15m
In TN, Too small: 2088, set the buffer length as 15m
In TN, Too small: 2089, set the buffer length as 15m
In TN, Too small: 2090, set the buffer length as 15m
In TN, Too small: 2091, set the buffer length as 15m
In TN, Too small: 2092, set the buffer length as 15m
In TN, Too small: 2093, set the buffer length as 15m
In TN, Too small: 2094, set the buffer length as 15m
In TN, Too small: 2095, set the buffer length as 15m
In TN, Too small: 2096, set the buffer length as 15m
In TN, Too small: 2097, set the buffer length as 15m
In TN, Too small: 2098, set the buffer length as 15m
In TN, Too small: 2099, set the buffer length as 15m
In TN, Too small: 2100, set the buffer length as 15m
In TN, Too small: 2101, set the buffer length as 15m
In TN, Too small: 2103, set the buffer length as 15m
In TN, Too small: 2104, set the buffer length as 15m
In TN, Too small: 2105, set the buffer length as 15m
In TN, Too small: 2106, set the buffer length as 15m
In TN, Too small: 2107, set the buffer length as 15m
In TN, Too small: 2108, set the buffer length as 15m
In TN, Too small: 2109, set the buffer length as 15m
In TN, Too small: 2110, set the buffer length as 15m
In TN, Too small: 2111, set the buffer length as 15m
In TN, Too small: 2112, set the buffer length as 15m
In TN, Too small: 2113, set the buffer length as 15m
In TN, Too small: 2114, set the buffer length as 15m
In TN, Too small: 2115, set the buffer length as 15m
In TN, Too small: 2116, set the buffer length as 15m
In TN, Too small: 2117, set the buffer length as 15m
In TN, Too small: 2118, set the buffer length as 15m
In TN, Too small: 2119, set the buffer length as 15m
In TN, Too small: 2120, set the buffer length as 15m
In TN, Too small: 2121, set the buffer length as 15m
In TN, Too small: 2122, set the buffer length as 15m
In TN, Too small: 2123, set the buffer length as 15m
In TN, Too small: 2124, set the buffer length as 15m
In TN, Too small: 2125, set the buffer length as 15m
In TN, Too small: 2126, set the buffer length as 15m
In TN, Too small: 2127, set the buffer length as 15m
In TN, Too small: 2128, set the buffer length as 15m
In TN, Too small: 2129, set the buffer length as 15m
In TN, Too small: 2130, set the buffer length as 15m
In TN, Too small: 2132, set the buffer length as 15m
In TN, Too small: 2133, set the buffer length as 15m
In TN, Too small: 2134, set the buffer length as 15m
In TN, Too small: 2135, set the buffer length as 15m
In TN, Too small: 2136, set the buffer length as 15m
In TN, Too small: 2137, set the buffer length as 15m
In TN, Too small: 2138, set the buffer length as 15m
In TN, Too small: 2139, set the buffer length as 15m
In TN, Too small: 2140, set the buffer length as 15m
In TN, Too small: 2141, set the buffer length as 15m
In TN, Too small: 2143, set the buffer length as 15m
In TN, Too small: 2145, set the buffer length as 15m
In TN, Too small: 2146, set the buffer length as 15m
In TN, Too small: 2147, set the buffer length as 15m
In TN, Too small: 2150, set the buffer length as 15m
In TN, Too small: 2151, set the buffer length as 15m
In TN, Too small: 2152, set the buffer length as 15m
In TN, Too small: 2153, set the buffer length as 15m
In TN, Too small: 2154, set the buffer length as 15m
In TN, Too small: 2156, set the buffer length as 15m
In TN, Too small: 2158, set the buffer length as 15m
In TN, Too small: 2159, set the buffer length as 15m
In TN, Too small: 2160, set the buffer length as 15m
In TN, Too small: 2161, set the buffer length as 15m
In TN, Too small: 2165, set the buffer length as 15m
In TN, Too small: 2166, set the buffer length as 15m
In TN, Too small: 2168, set the buffer length as 15m
In TN, Too small: 2169, set the buffer length as 15m
In TN, Too small: 2170, set the buffer length as 15m
In TN, Too small: 2171, set the buffer length as 15m
In TN, Too small: 2172, set the buffer length as 15m
In TN, Too small: 2173, set the buffer length as 15m
In TN, Too small: 2174, set the buffer length as 15m
In TN, Too small: 2175, set the buffer length as 15m
In TN, Too small: 2176, set the buffer length as 15m
In TN, Too small: 2178, set the buffer length as 15m
In TN, Too small: 2179, set the buffer length as 15m
In TN, Too small: 2180, set the buffer length as 15m
In TN, Too small: 2181, set the buffer length as 15m
In TN, Too small: 2182, set the buffer length as 15m
In TN, Too small: 2183, set the buffer length as 15m
In TN, Too small: 2184, set the buffer length as 15m
In TN, Too small: 2186, set the buffer length as 15m
In TN, Too small: 2187, set the buffer length as 15m
In TN, Too small: 2188, set the buffer length as 15m
In TN, Too small: 2189, set the buffer length as 15m
In TN, Too small: 2190, set the buffer length as 15m
In TN, Too small: 2191, set the buffer length as 15m
In TN, Too small: 2192, set the buffer length as 15m
In TN, Too small: 2193, set the buffer length as 15m
In TN, Too small: 2194, set the buffer length as 15m
In TN, Too small: 2195, set the buffer length as 15m
In TN, Too small: 2196, set the buffer length as 15m
In TN, Too small: 2198, set the buffer length as 15m
In TN, Too small: 2199, set the buffer length as 15m
In TN, Too small: 2201, set the buffer length as 15m
In TN, Too small: 2202, set the buffer length as 15m
In TN, Too small: 2204, set the buffer length as 15m
In TN, Too small: 2205, set the buffer length as 15m
In TN, Too small: 2206, set the buffer length as 15m
In TN, Too small: 2207, set the buffer length as 15m
In TN, Too small: 2208, set the buffer length as 15m
In TN, Too small: 2209, set the buffer length as 15m
In TN, Too small: 2210, set the buffer length as 15m
In TN, Too small: 2213, set the buffer length as 15m
In TN, Too small: 2214, set the buffer length as 15m
In TN, Too small: 2215, set the buffer length as 15m
In TN, Too small: 2216, set the buffer length as 15m
In TN, Too small: 2217, set the buffer length as 15m
In TN, Too small: 2219, set the buffer length as 15m
In TN, Too small: 2220, set the buffer length as 15m
In TN, Too small: 2222, set the buffer length as 15m
In TN, Too small: 2223, set the buffer length as 15m
In TN, Too small: 2226, set the buffer length as 15m
In TN, Too small: 2227, set the buffer length as 15m
In TN, Too small: 2228, set the buffer length as 15m
In TN, Too small: 2229, set the buffer length as 15m
In TN, Too small: 2230, set the buffer length as 15m
In TN, Too small: 2231, set the buffer length as 15m
In TN, Too small: 2233, set the buffer length as 15m
In TN, Too small: 2234, set the buffer length as 15m
In TN, Too small: 2235, set the buffer length as 15m
In TN, Too small: 2237, set the buffer length as 15m
In TN, Too small: 2238, set the buffer length as 15m
In TN, Too small: 2239, set the buffer length as 15m
In TN, Too small: 2240, set the buffer length as 15m
In TN, Too small: 2241, set the buffer length as 15m
In TN, Too small: 2242, set the buffer length as 15m
In TN, Too small: 2243, set the buffer length as 15m
In TN, Too small: 2244, set the buffer length as 15m
In TN, Too small: 2245, set the buffer length as 15m
In TN, Too small: 2247, set the buffer length as 15m
In TN, Too small: 2248, set the buffer length as 15m
In TN, Too small: 2249, set the buffer length as 15m
In TN, Too small: 2250, set the buffer length as 15m
In TN, Too small: 2253, set the buffer length as 15m
In TN, Too small: 2254, set the buffer length as 15m
In TN, Too small: 2256, set the buffer length as 15m
In TN, Too small: 2257, set the buffer length as 15m
In TN, Too small: 2258, set the buffer length as 15m
In TN, Too small: 2259, set the buffer length as 15m
In TN, Too small: 2260, set the buffer length as 15m
In TN, Too small: 2262, set the buffer length as 15m
In TN, Too small: 2264, set the buffer length as 15m
In TN, Too small: 2265, set the buffer length as 15m
In TN, Too small: 2266, set the buffer length as 15m
In TN, Too small: 2267, set the buffer length as 15m
In TN, Too small: 2270, set the buffer length as 15m
In TN, Too small: 2271, set the buffer length as 15m
In TN, Too small: 2272, set the buffer length as 15m
In TN, Too small: 2273, set the buffer length as 15m
In TN, Too small: 2274, set the buffer length as 15m
In TN, Too small: 2275, set the buffer length as 15m
In TN, Too small: 2276, set the buffer length as 15m
In TN, Too small: 2277, set the buffer length as 15m
In TN, Too small: 2278, set the buffer length as 15m
In TN, Too small: 2279, set the buffer length as 15m
In TN, Too small: 2282, set the buffer length as 15m
In TN, Too small: 2283, set the buffer length as 15m
In TN, Too small: 2285, set the buffer length as 15m
In TN, Too small: 2287, set the buffer length as 15m
In TN, Too small: 2288, set the buffer length as 15m
In TN, Too small: 2289, set the buffer length as 15m
In TN, Too small: 2291, set the buffer length as 15m
In TN, Too small: 2292, set the buffer length as 15m
In TN, Too small: 2293, set the buffer length as 15m
File exists.
SC
#Total: 7681
In SC, Too small: 188, set the buffer length as 15m
In SC, Too small: 211, set the buffer length as 15m
In SC, Too small: 477, set the buffer length as 15m
In SC, Too small: 801, set the buffer length as 15m
In SC, Too small: 897, set the buffer length as 15m
In SC, Too small: 1379, set the buffer length as 15m
In SC, Too small: 1600, set the buffer length as 15m
In SC, Too small: 2070, set the buffer length as 15m
In SC, Too small: 2215, set the buffer length as 15m
In SC, Too small: 4504, set the buffer length as 15m
In SC, Too small: 4924, set the buffer length as 15m
In SC, Too small: 5264, set the buffer length as 15m
In SC, Too small: 6596, set the buffer length as 15m
In SC, Too small: 6641, set the buffer length as 15m
In SC, Too small: 6695, set the buffer length as 15m
In SC, Too small: 6786, set the buffer length as 15m
In SC, Too small: 7077, set the buffer length as 15m
In SC, Too small: 7111, set the buffer length as 15m
In SC, Too small: 7585, set the buffer length as 15m
In SC, Too small: 7630, set the buffer length as 15m
File exists.
NC
#Total: 951
File exists.
FL
#Total: 16418
File exists.
AL
#Total: 11197
In AL, Too small: 6340, set the buffer length as 15m
In AL, Too small: 7534, set the buffer length as 15m
In AL, Too small: 7824, set the buffer length as 15m
In AL, Too small: 10364, set the buffer length as 15m
In AL, Too small: 10985, set the buffer length as 15m
File exists.
MS
#Total: 3085
File exists.
GA
#Total: 43843
File exists.
TN
#Total: 589
In TN, Too small: 3, set the buffer length as 15m
In TN, Too small: 4, set the buffer length as 15m
In TN, Too small: 5, set the buffer length as 15m
In TN, Too small: 6, set the buffer length as 15m
In TN, Too small: 7, set the buffer length as 15m
In TN, Too small: 8, set the buffer length as 15m
In TN, Too small: 9, set the buffer length as 15m
In TN, Too small: 10, set the buffer length as 15m
In TN, Too small: 11, set the buffer length as 15m
In TN, Too small: 12, set the buffer length as 15m
In TN, Too small: 13, set the buffer length as 15m
In TN, Too small: 16, set the buffer length as 15m
In TN, Too small: 18, set the buffer length as 15m
In TN, Too small: 19, set the buffer length as 15m
In TN, Too small: 20, set the buffer length as 15m
In TN, Too small: 21, set the buffer length as 15m
In TN, Too small: 22, set the buffer length as 15m
In TN, Too small: 24, set the buffer length as 15m
In TN, Too small: 26, set the buffer length as 15m
In TN, Too small: 29, set the buffer length as 15m
In TN, Too small: 30, set the buffer length as 15m
In TN, Too small: 31, set the buffer length as 15m
In TN, Too small: 32, set the buffer length as 15m
In TN, Too small: 34, set the buffer length as 15m
In TN, Too small: 35, set the buffer length as 15m
In TN, Too small: 36, set the buffer length as 15m
In TN, Too small: 37, set the buffer length as 15m
In TN, Too small: 38, set the buffer length as 15m
In TN, Too small: 39, set the buffer length as 15m
In TN, Too small: 40, set the buffer length as 15m
In TN, Too small: 42, set the buffer length as 15m
In TN, Too small: 43, set the buffer length as 15m
In TN, Too small: 44, set the buffer length as 15m
In TN, Too small: 46, set the buffer length as 15m
In TN, Too small: 48, set the buffer length as 15m
In TN, Too small: 51, set the buffer length as 15m
In TN, Too small: 52, set the buffer length as 15m
In TN, Too small: 53, set the buffer length as 15m
In TN, Too small: 55, set the buffer length as 15m
In TN, Too small: 56, set the buffer length as 15m
In TN, Too small: 57, set the buffer length as 15m
In TN, Too small: 58, set the buffer length as 15m
In TN, Too small: 64, set the buffer length as 15m
In TN, Too small: 67, set the buffer length as 15m
In TN, Too small: 68, set the buffer length as 15m
In TN, Too small: 69, set the buffer length as 15m
In TN, Too small: 70, set the buffer length as 15m
In TN, Too small: 73, set the buffer length as 15m
In TN, Too small: 74, set the buffer length as 15m
In TN, Too small: 75, set the buffer length as 15m
In TN, Too small: 76, set the buffer length as 15m
In TN, Too small: 78, set the buffer length as 15m
In TN, Too small: 79, set the buffer length as 15m
In TN, Too small: 81, set the buffer length as 15m
In TN, Too small: 82, set the buffer length as 15m
In TN, Too small: 83, set the buffer length as 15m
In TN, Too small: 85, set the buffer length as 15m
In TN, Too small: 86, set the buffer length as 15m
In TN, Too small: 87, set the buffer length as 15m
In TN, Too small: 89, set the buffer length as 15m
In TN, Too small: 90, set the buffer length as 15m
In TN, Too small: 91, set the buffer length as 15m
In TN, Too small: 92, set the buffer length as 15m
In TN, Too small: 93, set the buffer length as 15m
In TN, Too small: 95, set the buffer length as 15m
In TN, Too small: 97, set the buffer length as 15m
In TN, Too small: 98, set the buffer length as 15m
In TN, Too small: 101, set the buffer length as 15m
In TN, Too small: 103, set the buffer length as 15m
In TN, Too small: 104, set the buffer length as 15m
In TN, Too small: 105, set the buffer length as 15m
In TN, Too small: 106, set the buffer length as 15m
In TN, Too small: 107, set the buffer length as 15m
In TN, Too small: 108, set the buffer length as 15m
In TN, Too small: 110, set the buffer length as 15m
In TN, Too small: 111, set the buffer length as 15m
In TN, Too small: 113, set the buffer length as 15m
In TN, Too small: 114, set the buffer length as 15m
In TN, Too small: 115, set the buffer length as 15m
In TN, Too small: 116, set the buffer length as 15m
In TN, Too small: 117, set the buffer length as 15m
In TN, Too small: 118, set the buffer length as 15m
In TN, Too small: 119, set the buffer length as 15m
In TN, Too small: 120, set the buffer length as 15m
In TN, Too small: 121, set the buffer length as 15m
In TN, Too small: 122, set the buffer length as 15m
In TN, Too small: 123, set the buffer length as 15m
In TN, Too small: 124, set the buffer length as 15m
In TN, Too small: 126, set the buffer length as 15m
In TN, Too small: 128, set the buffer length as 15m
In TN, Too small: 129, set the buffer length as 15m
In TN, Too small: 130, set the buffer length as 15m
In TN, Too small: 131, set the buffer length as 15m
In TN, Too small: 132, set the buffer length as 15m
In TN, Too small: 133, set the buffer length as 15m
In TN, Too small: 134, set the buffer length as 15m
In TN, Too small: 135, set the buffer length as 15m
In TN, Too small: 136, set the buffer length as 15m
In TN, Too small: 137, set the buffer length as 15m
In TN, Too small: 138, set the buffer length as 15m
In TN, Too small: 139, set the buffer length as 15m
In TN, Too small: 140, set the buffer length as 15m
In TN, Too small: 141, set the buffer length as 15m
In TN, Too small: 142, set the buffer length as 15m
In TN, Too small: 143, set the buffer length as 15m
In TN, Too small: 144, set the buffer length as 15m
In TN, Too small: 145, set the buffer length as 15m
In TN, Too small: 148, set the buffer length as 15m
In TN, Too small: 152, set the buffer length as 15m
In TN, Too small: 154, set the buffer length as 15m
In TN, Too small: 156, set the buffer length as 15m
In TN, Too small: 160, set the buffer length as 15m
In TN, Too small: 162, set the buffer length as 15m
In TN, Too small: 164, set the buffer length as 15m
In TN, Too small: 165, set the buffer length as 15m
In TN, Too small: 166, set the buffer length as 15m
In TN, Too small: 167, set the buffer length as 15m
In TN, Too small: 168, set the buffer length as 15m
In TN, Too small: 169, set the buffer length as 15m
In TN, Too small: 171, set the buffer length as 15m
In TN, Too small: 173, set the buffer length as 15m
In TN, Too small: 177, set the buffer length as 15m
In TN, Too small: 178, set the buffer length as 15m
In TN, Too small: 179, set the buffer length as 15m
In TN, Too small: 183, set the buffer length as 15m
In TN, Too small: 187, set the buffer length as 15m
In TN, Too small: 188, set the buffer length as 15m
In TN, Too small: 194, set the buffer length as 15m
In TN, Too small: 195, set the buffer length as 15m
In TN, Too small: 198, set the buffer length as 15m
In TN, Too small: 200, set the buffer length as 15m
In TN, Too small: 202, set the buffer length as 15m
In TN, Too small: 203, set the buffer length as 15m
In TN, Too small: 206, set the buffer length as 15m
In TN, Too small: 208, set the buffer length as 15m
In TN, Too small: 209, set the buffer length as 15m
In TN, Too small: 210, set the buffer length as 15m
In TN, Too small: 211, set the buffer length as 15m
In TN, Too small: 212, set the buffer length as 15m
In TN, Too small: 213, set the buffer length as 15m
In TN, Too small: 214, set the buffer length as 15m
In TN, Too small: 215, set the buffer length as 15m
In TN, Too small: 216, set the buffer length as 15m
In TN, Too small: 218, set the buffer length as 15m
In TN, Too small: 219, set the buffer length as 15m
In TN, Too small: 220, set the buffer length as 15m
In TN, Too small: 221, set the buffer length as 15m
In TN, Too small: 222, set the buffer length as 15m
In TN, Too small: 223, set the buffer length as 15m
In TN, Too small: 224, set the buffer length as 15m
In TN, Too small: 225, set the buffer length as 15m
In TN, Too small: 226, set the buffer length as 15m
In TN, Too small: 227, set the buffer length as 15m
In TN, Too small: 228, set the buffer length as 15m
In TN, Too small: 229, set the buffer length as 15m
In TN, Too small: 230, set the buffer length as 15m
In TN, Too small: 246, set the buffer length as 15m
In TN, Too small: 247, set the buffer length as 15m
In TN, Too small: 248, set the buffer length as 15m
In TN, Too small: 249, set the buffer length as 15m
In TN, Too small: 251, set the buffer length as 15m
In TN, Too small: 252, set the buffer length as 15m
In TN, Too small: 253, set the buffer length as 15m
In TN, Too small: 254, set the buffer length as 15m
In TN, Too small: 257, set the buffer length as 15m
In TN, Too small: 258, set the buffer length as 15m
In TN, Too small: 259, set the buffer length as 15m
In TN, Too small: 260, set the buffer length as 15m
In TN, Too small: 261, set the buffer length as 15m
In TN, Too small: 262, set the buffer length as 15m
In TN, Too small: 265, set the buffer length as 15m
In TN, Too small: 266, set the buffer length as 15m
In TN, Too small: 272, set the buffer length as 15m
In TN, Too small: 273, set the buffer length as 15m
In TN, Too small: 274, set the buffer length as 15m
In TN, Too small: 275, set the buffer length as 15m
In TN, Too small: 278, set the buffer length as 15m
In TN, Too small: 279, set the buffer length as 15m
In TN, Too small: 280, set the buffer length as 15m
In TN, Too small: 282, set the buffer length as 15m
In TN, Too small: 283, set the buffer length as 15m
In TN, Too small: 285, set the buffer length as 15m
In TN, Too small: 288, set the buffer length as 15m
In TN, Too small: 291, set the buffer length as 15m
In TN, Too small: 296, set the buffer length as 15m
In TN, Too small: 297, set the buffer length as 15m
In TN, Too small: 299, set the buffer length as 15m
In TN, Too small: 300, set the buffer length as 15m
In TN, Too small: 301, set the buffer length as 15m
In TN, Too small: 302, set the buffer length as 15m
In TN, Too small: 303, set the buffer length as 15m
In TN, Too small: 304, set the buffer length as 15m
In TN, Too small: 307, set the buffer length as 15m
In TN, Too small: 309, set the buffer length as 15m
In TN, Too small: 311, set the buffer length as 15m
In TN, Too small: 312, set the buffer length as 15m
In TN, Too small: 313, set the buffer length as 15m
In TN, Too small: 315, set the buffer length as 15m
In TN, Too small: 326, set the buffer length as 15m
In TN, Too small: 330, set the buffer length as 15m
In TN, Too small: 335, set the buffer length as 15m
In TN, Too small: 337, set the buffer length as 15m
In TN, Too small: 338, set the buffer length as 15m
In TN, Too small: 341, set the buffer length as 15m
In TN, Too small: 342, set the buffer length as 15m
In TN, Too small: 344, set the buffer length as 15m
In TN, Too small: 348, set the buffer length as 15m
In TN, Too small: 349, set the buffer length as 15m
In TN, Too small: 353, set the buffer length as 15m
In TN, Too small: 355, set the buffer length as 15m
In TN, Too small: 356, set the buffer length as 15m
In TN, Too small: 360, set the buffer length as 15m
In TN, Too small: 362, set the buffer length as 15m
In TN, Too small: 367, set the buffer length as 15m
In TN, Too small: 368, set the buffer length as 15m
In TN, Too small: 369, set the buffer length as 15m
In TN, Too small: 371, set the buffer length as 15m
In TN, Too small: 372, set the buffer length as 15m
In TN, Too small: 373, set the buffer length as 15m
In TN, Too small: 375, set the buffer length as 15m
In TN, Too small: 376, set the buffer length as 15m
In TN, Too small: 377, set the buffer length as 15m
In TN, Too small: 378, set the buffer length as 15m
In TN, Too small: 379, set the buffer length as 15m
In TN, Too small: 380, set the buffer length as 15m
In TN, Too small: 381, set the buffer length as 15m
In TN, Too small: 383, set the buffer length as 15m
In TN, Too small: 385, set the buffer length as 15m
In TN, Too small: 386, set the buffer length as 15m
In TN, Too small: 387, set the buffer length as 15m
In TN, Too small: 388, set the buffer length as 15m
In TN, Too small: 389, set the buffer length as 15m
In TN, Too small: 392, set the buffer length as 15m
In TN, Too small: 394, set the buffer length as 15m
In TN, Too small: 397, set the buffer length as 15m
In TN, Too small: 398, set the buffer length as 15m
In TN, Too small: 400, set the buffer length as 15m
In TN, Too small: 401, set the buffer length as 15m
In TN, Too small: 403, set the buffer length as 15m
In TN, Too small: 405, set the buffer length as 15m
In TN, Too small: 407, set the buffer length as 15m
In TN, Too small: 408, set the buffer length as 15m
In TN, Too small: 411, set the buffer length as 15m
In TN, Too small: 413, set the buffer length as 15m
In TN, Too small: 414, set the buffer length as 15m
In TN, Too small: 415, set the buffer length as 15m
In TN, Too small: 417, set the buffer length as 15m
In TN, Too small: 419, set the buffer length as 15m
In TN, Too small: 420, set the buffer length as 15m
In TN, Too small: 423, set the buffer length as 15m
In TN, Too small: 424, set the buffer length as 15m
In TN, Too small: 426, set the buffer length as 15m
In TN, Too small: 427, set the buffer length as 15m
In TN, Too small: 429, set the buffer length as 15m
In TN, Too small: 430, set the buffer length as 15m
In TN, Too small: 432, set the buffer length as 15m
In TN, Too small: 433, set the buffer length as 15m
In TN, Too small: 435, set the buffer length as 15m
In TN, Too small: 439, set the buffer length as 15m
In TN, Too small: 442, set the buffer length as 15m
In TN, Too small: 447, set the buffer length as 15m
In TN, Too small: 450, set the buffer length as 15m
In TN, Too small: 451, set the buffer length as 15m
In TN, Too small: 452, set the buffer length as 15m
In TN, Too small: 456, set the buffer length as 15m
In TN, Too small: 458, set the buffer length as 15m
In TN, Too small: 459, set the buffer length as 15m
In TN, Too small: 460, set the buffer length as 15m
In TN, Too small: 461, set the buffer length as 15m
In TN, Too small: 463, set the buffer length as 15m
In TN, Too small: 465, set the buffer length as 15m
In TN, Too small: 466, set the buffer length as 15m
In TN, Too small: 467, set the buffer length as 15m
In TN, Too small: 468, set the buffer length as 15m
In TN, Too small: 473, set the buffer length as 15m
In TN, Too small: 476, set the buffer length as 15m
In TN, Too small: 482, set the buffer length as 15m
In TN, Too small: 484, set the buffer length as 15m
In TN, Too small: 485, set the buffer length as 15m
In TN, Too small: 490, set the buffer length as 15m
In TN, Too small: 491, set the buffer length as 15m
In TN, Too small: 492, set the buffer length as 15m
In TN, Too small: 495, set the buffer length as 15m
In TN, Too small: 496, set the buffer length as 15m
In TN, Too small: 498, set the buffer length as 15m
In TN, Too small: 499, set the buffer length as 15m
In TN, Too small: 500, set the buffer length as 15m
In TN, Too small: 501, set the buffer length as 15m
In TN, Too small: 503, set the buffer length as 15m
In TN, Too small: 509, set the buffer length as 15m
In TN, Too small: 510, set the buffer length as 15m
In TN, Too small: 511, set the buffer length as 15m
In TN, Too small: 514, set the buffer length as 15m
In TN, Too small: 516, set the buffer length as 15m
In TN, Too small: 517, set the buffer length as 15m
In TN, Too small: 519, set the buffer length as 15m
In TN, Too small: 521, set the buffer length as 15m
In TN, Too small: 522, set the buffer length as 15m
In TN, Too small: 524, set the buffer length as 15m
In TN, Too small: 532, set the buffer length as 15m
In TN, Too small: 537, set the buffer length as 15m
In TN, Too small: 541, set the buffer length as 15m
In TN, Too small: 544, set the buffer length as 15m
In TN, Too small: 545, set the buffer length as 15m
In TN, Too small: 554, set the buffer length as 15m
In TN, Too small: 563, set the buffer length as 15m
In TN, Too small: 568, set the buffer length as 15m
In TN, Too small: 570, set the buffer length as 15m
In TN, Too small: 571, set the buffer length as 15m
In TN, Too small: 572, set the buffer length as 15m
In TN, Too small: 578, set the buffer length as 15m
In TN, Too small: 588, set the buffer length as 15m
File exists.
SC
#Total: 6391
In SC, Too small: 82, set the buffer length as 15m
In SC, Too small: 2047, set the buffer length as 15m
In SC, Too small: 3069, set the buffer length as 15m
In SC, Too small: 3193, set the buffer length as 15m
In SC, Too small: 3488, set the buffer length as 15m
In SC, Too small: 3518, set the buffer length as 15m
In SC, Too small: 3790, set the buffer length as 15m
In SC, Too small: 4973, set the buffer length as 15m
In SC, Too small: 5273, set the buffer length as 15m
In SC, Too small: 5358, set the buffer length as 15m
In SC, Too small: 5796, set the buffer length as 15m
In SC, Too small: 5934, set the buffer length as 15m
File exists.
NC
#Total: 631
Processing for the year of 2010
File exists.
FL
#Total: 23852
File exists.
MS
#Total: 801
File exists.
GA
#Total: 33614
File exists.
SC
#Total: 10054
Processing for the year of 2011
File exists.
FL
#Total: 20669
File exists.
AL
#Total: 14983
File exists.
MS
#Total: 3823
File exists.
GA
#Total: 40699
File exists.
SC
#Total: 11682
Processing for the year of 2012
File exists.
FL
#Total: 21750
File exists.
AL
#Total: 13022
File exists.
MS
#Total: 3823
File exists.
GA
#Total: 42041
File exists.
TN
#Total: 1045
File exists.
SC
#Total: 10651
Processing for the year of 2013
File exists.
FL
#Total: 23889
File exists.
AL
#Total: 13841
File exists.
MS
#Total: 3851
File exists.
GA
#Total: 42918
File exists.
TN
#Total: 2869
File exists.
SC
#Total: 11260
Processing for the year of 2014
File exists.
FL
#Total: 23462
File exists.
AL
#Total: 14119
File exists.
MS
#Total: 4185
File exists.
GA
#Total: 42393
File exists.
TN
#Total: 3274
File exists.
SC
#Total: 8692
File exists.
NC
#Total: 672
Processing for the year of 2015
File exists.
FL
#Total: 23831
File exists.
AL
#Total: 11863
File exists.
MS
#Total: 3332
File exists.
GA
#Total: 37823
File exists.
TN
#Total: 2440
File exists.
SC
#Total: 7305
File exists.
NC
#Total: 763
Processing for the year of 2016
File exists.
FL
#Total: 24808
File exists.
AL
#Total: 11677
File exists.
MS
#Total: 3809
File exists.
GA
#Total: 37422
File exists.
TN
#Total: 2198
File exists.
SC
#Total: 7514
File exists.
NC
#Total: 889
Processing for the year of 2017
File exists.
FL
#Total: 14875
File exists.
AL
#Total: 12396
File exists.
MS
#Total: 3742
File exists.
GA
#Total: 46356
File exists.
TN
#Total: 2850
File exists.
SC
#Total: 9139
File exists.
NC
#Total: 933
Processing for the year of 2018
File exists.
FL
#Total: 21259
File exists.
AL
#Total: 11937
File exists.
MS
#Total: 3148
File exists.
GA
#Total: 42981
File exists.
TN
#Total: 2001
File exists.
SC
#Total: 8148
File exists.
NC
#Total: 809
Processing for the year of 2019
File exists.
FL
#Total: 16726
File exists.
AL
#Total: 12234
File exists.
MS
#Total: 3319
File exists.
GA
#Total: 38679
File exists.
TN
#Total: 2296
File exists.
SC
#Total: 7681
File exists.
NC
#Total: 951
Processing for the year of 2020
File exists.
FL
#Total: 16418
File exists.
AL
#Total: 11197
File exists.
MS
#Total: 3085
File exists.
GA
#Total: 43843
File exists.
TN
#Total: 589
File exists.
SC
#Total: 6391
File exists.
NC
#Total: 631
Saved SE_Combined_Permit_lf_rx_2013.csv
Saved SE_Combined_Permit_lf_agr_2013.csv
Saved SE_Combined_Permit_lf_invalid_2013.csv
Saved SE_Combined_Permit_lf_rx_2014.csv
Saved SE_Combined_Permit_lf_agr_2014.csv
Saved SE_Combined_Permit_lf_invalid_2014.csv
Saved SE_Combined_Permit_lf_rx_2015.csv
Saved SE_Combined_Permit_lf_agr_2015.csv
Saved SE_Combined_Permit_lf_invalid_2015.csv
Saved SE_Combined_Permit_lf_rx_2016.csv
Saved SE_Combined_Permit_lf_agr_2016.csv
Saved SE_Combined_Permit_lf_invalid_2016.csv
Saved SE_Combined_Permit_lf_rx_2017.csv
Saved SE_Combined_Permit_lf_agr_2017.csv
Saved SE_Combined_Permit_lf_invalid_2017.csv
Saved SE_Combined_Permit_lf_rx_2018.csv
Saved SE_Combined_Permit_lf_agr_2018.csv
Saved SE_Combined_Permit_lf_invalid_2018.csv
Saved SE_Combined_Permit_lf_rx_2019.csv
Saved SE_Combined_Permit_lf_agr_2019.csv
Saved SE_Combined_Permit_lf_invalid_2019.csv
Saved SE_Combined_Permit_lf_rx_2020.csv
Saved SE_Combined_Permit_lf_agr_2020.csv
Saved SE_Combined_Permit_lf_invalid_2020.csv
Saved SE_Combined_Permit_lf_3states_rx_2017.csv
Saved SE_Combined_Permit_lf_3states_agr_2017.csv
Saved SE_Combined_Permit_lf_3states_invalid_2017.csv
Saved SE_Combined_Permit_lf_3states_rx_2018.csv
Saved SE_Combined_Permit_lf_3states_agr_2018.csv
Saved SE_Combined_Permit_lf_3states_invalid_2018.csv
Saved SE_Combined_Permit_lf_3states_rx_2019.csv
Saved SE_Combined_Permit_lf_3states_agr_2019.csv
Saved SE_Combined_Permit_lf_3states_invalid_2019.csv
