cwd is /home/jh94030/scripts/python/postdoc_project/rxfire/analysis/step1_BurnDataClean 
cwd is /home/jh94030/scripts/python/postdoc_project/rxfire/data/NEI_rxf_inv 

Processing 'ptday_ptfire_2017NEI_20200206_CONUS_CAPs_07apr2020_nf_v1_rxfire'... (Year=2017)

Processing 'ptday_ptfire_2018gc_31mar2021_nf_v2'... (Year=2018)

Processing 'ptday_ptfire_sf2_2019ge_bsp_16dec2021_nf_v1'... (Year=2019)

Processing 'ptinv_ptfire_2017NEI_20200206_CONUS_CAPs_07apr2020_nf_v1_rxfire.csv'...

Processing 'ptinv_ptfire_2018gc_31mar2021_nf_v2.csv'...

Processing 'ptinv_ptfire_sf2_2019ge_bsp_16dec2021_nf_v1.csv'...

Processing for the year of 2017

--- Florida ---
116395 fires out of Florida
#Valid fires for FL in 2017: 6674
#Total after merging: 6674
[2811015002]
Saved FL_2017_NEI_rx.csv

--- Alabama ---
101763 fires out of Alabama
#Valid fires for AL in 2017: 21306
#Total after merging: 21306
[2811015002]
Saved AL_2017_NEI_rx.csv

--- Mississippi ---
119422 fires out of Mississippi
#Valid fires for MS in 2017: 3647
#Total after merging: 3647
[2811015002]
Saved MS_2017_NEI_rx.csv

--- Georgia ---
96003 fires out of Georgia
#Valid fires for GA in 2017: 27066
#Total after merging: 27066
[2811015002]
Saved GA_2017_NEI_rx.csv

--- Tennessee ---
121763 fires out of Tennessee
#Valid fires for TN in 2017: 1306
#Total after merging: 1306
[2811015002]
Saved TN_2017_NEI_rx.csv

--- South Carolina ---
113366 fires out of South Carolina
#Valid fires for SC in 2017: 9703
#Total after merging: 9703
[2811015002]
Saved SC_2017_NEI_rx.csv

--- North Carolina ---
121302 fires out of North Carolina
#Valid fires for NC in 2017: 1767
#Total after merging: 1767
[2811015002]
Saved NC_2017_NEI_rx.csv

Processing for the year of 2018

--- Florida ---
125062 fires out of Florida
#Valid fires for FL in 2018: 7471
#Total after merging: 7471
[2811015002]
Saved FL_2018_NEI_rx.csv

--- Alabama ---
127131 fires out of Alabama
#Valid fires for AL in 2018: 5402
#Total after merging: 5402
[2811015002]
Saved AL_2018_NEI_rx.csv

--- Mississippi ---
129407 fires out of Mississippi
#Valid fires for MS in 2018: 3126
#Total after merging: 3126
[2811015002]
Saved MS_2018_NEI_rx.csv

--- Georgia ---
76061 fires out of Georgia
#Valid fires for GA in 2018: 47678
#Total after merging: 47678
[2811015002]
Saved GA_2018_NEI_rx.csv

--- Tennessee ---
131643 fires out of Tennessee
#Valid fires for TN in 2018: 890
#Total after merging: 890
[2811015002]
Saved TN_2018_NEI_rx.csv

--- South Carolina ---
129631 fires out of South Carolina
#Valid fires for SC in 2018: 2902
#Total after merging: 2902
[2811015002]
Saved SC_2018_NEI_rx.csv

--- North Carolina ---
129769 fires out of North Carolina
#Valid fires for NC in 2018: 2764
#Total after merging: 2764
[2811015002]
Saved NC_2018_NEI_rx.csv

Processing for the year of 2019

--- Florida ---
109058 fires out of Florida
#Valid fires for FL in 2019: 9054
#Total after merging: 9054
[2811015002]
Saved FL_2019_NEI_rx.csv

--- Alabama ---
111234 fires out of Alabama
#Valid fires for AL in 2019: 6878
#Total after merging: 6878
[2811015002]
Saved AL_2019_NEI_rx.csv

--- Mississippi ---
113724 fires out of Mississippi
#Valid fires for MS in 2019: 4388
#Total after merging: 4388
[2811015002]
Saved MS_2019_NEI_rx.csv

--- Georgia ---
99720 fires out of Georgia
#Valid fires for GA in 2019: 18392
#Total after merging: 18392
[2811015002]
Saved GA_2019_NEI_rx.csv

--- Tennessee ---
115823 fires out of Tennessee
#Valid fires for TN in 2019: 2289
#Total after merging: 2289
[2811015002]
Saved TN_2019_NEI_rx.csv

--- South Carolina ---
114365 fires out of South Carolina
#Valid fires for SC in 2019: 3747
#Total after merging: 3747
[2811015002]
Saved SC_2019_NEI_rx.csv

--- North Carolina ---
114726 fires out of North Carolina
#Valid fires for NC in 2019: 3386
#Total after merging: 3386
[2811015002]
Saved NC_2019_NEI_rx.csv
Saved SE_Combined_NEI_rx_3states_2017.csv
Saved SE_Combined_NEI_rx_3states_2018.csv
Saved SE_Combined_NEI_rx_3states_2019.csv
File not found.
File not found.
File not found.
File not found.
File not found.
File not found.
File not found.
File not found.
File not found.
File not found.
File not found.
File not found.
File not found.
File not found.
File not found.
File not found.
File not found.
File not found.
File not found.
File not found.
File not found.
File exists.
FL
#Total: 6674
In FL, Too small: set the buffer length as 15m
In FL, Too small: set the buffer length as 15m
In FL, Too small: set the buffer length as 15m
In FL, Too small: set the buffer length as 15m
In FL, Too small: set the buffer length as 15m
In FL, Too small: set the buffer length as 15m
In FL, Too small: set the buffer length as 15m
In FL, Too small: set the buffer length as 15m
In FL, Too small: set the buffer length as 15m
In FL, Too small: set the buffer length as 15m
In FL, Too small: set the buffer length as 15m
In FL, Too small: set the buffer length as 15m
In FL, Too small: set the buffer length as 15m
In FL, Too small: set the buffer length as 15m
In FL, Too small: set the buffer length as 15m
In FL, Too small: set the buffer length as 15m
In FL, Too small: set the buffer length as 15m
In FL, Too small: set the buffer length as 15m
In FL, Too small: set the buffer length as 15m
File exists.
GA
#Total: 27066
In GA, Too small: set the buffer length as 15m
In GA, Too small: set the buffer length as 15m
In GA, Too small: set the buffer length as 15m
In GA, Too small: set the buffer length as 15m
In GA, Too small: set the buffer length as 15m
In GA, Too small: set the buffer length as 15m
File exists.
SC
#Total: 9703
In SC, Too small: set the buffer length as 15m
In SC, Too small: set the buffer length as 15m
In SC, Too small: set the buffer length as 15m
In SC, Too small: set the buffer length as 15m
In SC, Too small: set the buffer length as 15m
In SC, Too small: set the buffer length as 15m
In SC, Too small: set the buffer length as 15m
In SC, Too small: set the buffer length as 15m
In SC, Too small: set the buffer length as 15m
In SC, Too small: set the buffer length as 15m
In SC, Too small: set the buffer length as 15m
In SC, Too small: set the buffer length as 15m
In SC, Too small: set the buffer length as 15m
In SC, Too small: set the buffer length as 15m
In SC, Too small: set the buffer length as 15m
In SC, Too small: set the buffer length as 15m
In SC, Too small: set the buffer length as 15m
In SC, Too small: set the buffer length as 15m
In SC, Too small: set the buffer length as 15m
In SC, Too small: set the buffer length as 15m
In SC, Too small: set the buffer length as 15m
In SC, Too small: set the buffer length as 15m
In SC, Too small: set the buffer length as 15m
In SC, Too small: set the buffer length as 15m
In SC, Too small: set the buffer length as 15m
In SC, Too small: set the buffer length as 15m
In SC, Too small: set the buffer length as 15m
In SC, Too small: set the buffer length as 15m
In SC, Too small: set the buffer length as 15m
In SC, Too small: set the buffer length as 15m
In SC, Too small: set the buffer length as 15m
In SC, Too small: set the buffer length as 15m
In SC, Too small: set the buffer length as 15m
In SC, Too small: set the buffer length as 15m
In SC, Too small: set the buffer length as 15m
In SC, Too small: set the buffer length as 15m
In SC, Too small: set the buffer length as 15m
In SC, Too small: set the buffer length as 15m
In SC, Too small: set the buffer length as 15m
In SC, Too small: set the buffer length as 15m
In SC, Too small: set the buffer length as 15m
In SC, Too small: set the buffer length as 15m
In SC, Too small: set the buffer length as 15m
In SC, Too small: set the buffer length as 15m
In SC, Too small: set the buffer length as 15m
In SC, Too small: set the buffer length as 15m
In SC, Too small: set the buffer length as 15m
In SC, Too small: set the buffer length as 15m
In SC, Too small: set the buffer length as 15m
In SC, Too small: set the buffer length as 15m
In SC, Too small: set the buffer length as 15m
In SC, Too small: set the buffer length as 15m
In SC, Too small: set the buffer length as 15m
In SC, Too small: set the buffer length as 15m
In SC, Too small: set the buffer length as 15m
In SC, Too small: set the buffer length as 15m
In SC, Too small: set the buffer length as 15m
In SC, Too small: set the buffer length as 15m
In SC, Too small: set the buffer length as 15m
In SC, Too small: set the buffer length as 15m
In SC, Too small: set the buffer length as 15m
In SC, Too small: set the buffer length as 15m
In SC, Too small: set the buffer length as 15m
In SC, Too small: set the buffer length as 15m
In SC, Too small: set the buffer length as 15m
In SC, Too small: set the buffer length as 15m
In SC, Too small: set the buffer length as 15m
In SC, Too small: set the buffer length as 15m
In SC, Too small: set the buffer length as 15m
In SC, Too small: set the buffer length as 15m
In SC, Too small: set the buffer length as 15m
In SC, Too small: set the buffer length as 15m
In SC, Too small: set the buffer length as 15m
In SC, Too small: set the buffer length as 15m
In SC, Too small: set the buffer length as 15m
In SC, Too small: set the buffer length as 15m
In SC, Too small: set the buffer length as 15m
In SC, Too small: set the buffer length as 15m
In SC, Too small: set the buffer length as 15m
In SC, Too small: set the buffer length as 15m
In SC, Too small: set the buffer length as 15m
In SC, Too small: set the buffer length as 15m
In SC, Too small: set the buffer length as 15m
In SC, Too small: set the buffer length as 15m
In SC, Too small: set the buffer length as 15m
In SC, Too small: set the buffer length as 15m
In SC, Too small: set the buffer length as 15m
In SC, Too small: set the buffer length as 15m
In SC, Too small: set the buffer length as 15m
In SC, Too small: set the buffer length as 15m
In SC, Too small: set the buffer length as 15m
In SC, Too small: set the buffer length as 15m
In SC, Too small: set the buffer length as 15m
In SC, Too small: set the buffer length as 15m
In SC, Too small: set the buffer length as 15m
In SC, Too small: set the buffer length as 15m
In SC, Too small: set the buffer length as 15m
In SC, Too small: set the buffer length as 15m
In SC, Too small: set the buffer length as 15m
In SC, Too small: set the buffer length as 15m
In SC, Too small: set the buffer length as 15m
In SC, Too small: set the buffer length as 15m
In SC, Too small: set the buffer length as 15m
In SC, Too small: set the buffer length as 15m
In SC, Too small: set the buffer length as 15m
In SC, Too small: set the buffer length as 15m
In SC, Too small: set the buffer length as 15m
In SC, Too small: set the buffer length as 15m
In SC, Too small: set the buffer length as 15m
In SC, Too small: set the buffer length as 15m
In SC, Too small: set the buffer length as 15m
In SC, Too small: set the buffer length as 15m
In SC, Too small: set the buffer length as 15m
In SC, Too small: set the buffer length as 15m
In SC, Too small: set the buffer length as 15m
In SC, Too small: set the buffer length as 15m
In SC, Too small: set the buffer length as 15m
In SC, Too small: set the buffer length as 15m
In SC, Too small: set the buffer length as 15m
In SC, Too small: set the buffer length as 15m
In SC, Too small: set the buffer length as 15m
In SC, Too small: set the buffer length as 15m
In SC, Too small: set the buffer length as 15m
In SC, Too small: set the buffer length as 15m
In SC, Too small: set the buffer length as 15m
In SC, Too small: set the buffer length as 15m
In SC, Too small: set the buffer length as 15m
In SC, Too small: set the buffer length as 15m
In SC, Too small: set the buffer length as 15m
In SC, Too small: set the buffer length as 15m
In SC, Too small: set the buffer length as 15m
In SC, Too small: set the buffer length as 15m
In SC, Too small: set the buffer length as 15m
In SC, Too small: set the buffer length as 15m
In SC, Too small: set the buffer length as 15m
In SC, Too small: set the buffer length as 15m
In SC, Too small: set the buffer length as 15m
In SC, Too small: set the buffer length as 15m
In SC, Too small: set the buffer length as 15m
In SC, Too small: set the buffer length as 15m
In SC, Too small: set the buffer length as 15m
In SC, Too small: set the buffer length as 15m
In SC, Too small: set the buffer length as 15m
In SC, Too small: set the buffer length as 15m
In SC, Too small: set the buffer length as 15m
In SC, Too small: set the buffer length as 15m
In SC, Too small: set the buffer length as 15m
In SC, Too small: set the buffer length as 15m
In SC, Too small: set the buffer length as 15m
In SC, Too small: set the buffer length as 15m
In SC, Too small: set the buffer length as 15m
In SC, Too small: set the buffer length as 15m
In SC, Too small: set the buffer length as 15m
In SC, Too small: set the buffer length as 15m
In SC, Too small: set the buffer length as 15m
In SC, Too small: set the buffer length as 15m
In SC, Too small: set the buffer length as 15m
In SC, Too small: set the buffer length as 15m
In SC, Too small: set the buffer length as 15m
In SC, Too small: set the buffer length as 15m
In SC, Too small: set the buffer length as 15m
In SC, Too small: set the buffer length as 15m
In SC, Too small: set the buffer length as 15m
In SC, Too small: set the buffer length as 15m
In SC, Too small: set the buffer length as 15m
In SC, Too small: set the buffer length as 15m
In SC, Too small: set the buffer length as 15m
In SC, Too small: set the buffer length as 15m
In SC, Too small: set the buffer length as 15m
In SC, Too small: set the buffer length as 15m
In SC, Too small: set the buffer length as 15m
In SC, Too small: set the buffer length as 15m
In SC, Too small: set the buffer length as 15m
In SC, Too small: set the buffer length as 15m
In SC, Too small: set the buffer length as 15m
In SC, Too small: set the buffer length as 15m
In SC, Too small: set the buffer length as 15m
In SC, Too small: set the buffer length as 15m
In SC, Too small: set the buffer length as 15m
In SC, Too small: set the buffer length as 15m
In SC, Too small: set the buffer length as 15m
In SC, Too small: set the buffer length as 15m
In SC, Too small: set the buffer length as 15m
In SC, Too small: set the buffer length as 15m
In SC, Too small: set the buffer length as 15m
In SC, Too small: set the buffer length as 15m
In SC, Too small: set the buffer length as 15m
In SC, Too small: set the buffer length as 15m
File exists.
FL
#Total: 7471
File exists.
GA
#Total: 47678
In GA, Too small: set the buffer length as 15m
In GA, Too small: set the buffer length as 15m
In GA, Too small: set the buffer length as 15m
In GA, Too small: set the buffer length as 15m
In GA, Too small: set the buffer length as 15m
In GA, Too small: set the buffer length as 15m
In GA, Too small: set the buffer length as 15m
In GA, Too small: set the buffer length as 15m
In GA, Too small: set the buffer length as 15m
In GA, Too small: set the buffer length as 15m
In GA, Too small: set the buffer length as 15m
In GA, Too small: set the buffer length as 15m
In GA, Too small: set the buffer length as 15m
In GA, Too small: set the buffer length as 15m
In GA, Too small: set the buffer length as 15m
In GA, Too small: set the buffer length as 15m
In GA, Too small: set the buffer length as 15m
In GA, Too small: set the buffer length as 15m
In GA, Too small: set the buffer length as 15m
In GA, Too small: set the buffer length as 15m
In GA, Too small: set the buffer length as 15m
In GA, Too small: set the buffer length as 15m
In GA, Too small: set the buffer length as 15m
In GA, Too small: set the buffer length as 15m
In GA, Too small: set the buffer length as 15m
In GA, Too small: set the buffer length as 15m
In GA, Too small: set the buffer length as 15m
In GA, Too small: set the buffer length as 15m
In GA, Too small: set the buffer length as 15m
In GA, Too small: set the buffer length as 15m
In GA, Too small: set the buffer length as 15m
In GA, Too small: set the buffer length as 15m
In GA, Too small: set the buffer length as 15m
In GA, Too small: set the buffer length as 15m
In GA, Too small: set the buffer length as 15m
In GA, Too small: set the buffer length as 15m
In GA, Too small: set the buffer length as 15m
In GA, Too small: set the buffer length as 15m
In GA, Too small: set the buffer length as 15m
In GA, Too small: set the buffer length as 15m
In GA, Too small: set the buffer length as 15m
In GA, Too small: set the buffer length as 15m
In GA, Too small: set the buffer length as 15m
In GA, Too small: set the buffer length as 15m
In GA, Too small: set the buffer length as 15m
In GA, Too small: set the buffer length as 15m
In GA, Too small: set the buffer length as 15m
In GA, Too small: set the buffer length as 15m
In GA, Too small: set the buffer length as 15m
In GA, Too small: set the buffer length as 15m
In GA, Too small: set the buffer length as 15m
In GA, Too small: set the buffer length as 15m
In GA, Too small: set the buffer length as 15m
In GA, Too small: set the buffer length as 15m
In GA, Too small: set the buffer length as 15m
In GA, Too small: set the buffer length as 15m
In GA, Too small: set the buffer length as 15m
In GA, Too small: set the buffer length as 15m
In GA, Too small: set the buffer length as 15m
In GA, Too small: set the buffer length as 15m
In GA, Too small: set the buffer length as 15m
In GA, Too small: set the buffer length as 15m
In GA, Too small: set the buffer length as 15m
In GA, Too small: set the buffer length as 15m
In GA, Too small: set the buffer length as 15m
In GA, Too small: set the buffer length as 15m
In GA, Too small: set the buffer length as 15m
In GA, Too small: set the buffer length as 15m
In GA, Too small: set the buffer length as 15m
In GA, Too small: set the buffer length as 15m
In GA, Too small: set the buffer length as 15m
In GA, Too small: set the buffer length as 15m
In GA, Too small: set the buffer length as 15m
In GA, Too small: set the buffer length as 15m
In GA, Too small: set the buffer length as 15m
In GA, Too small: set the buffer length as 15m
In GA, Too small: set the buffer length as 15m
In GA, Too small: set the buffer length as 15m
In GA, Too small: set the buffer length as 15m
In GA, Too small: set the buffer length as 15m
In GA, Too small: set the buffer length as 15m
In GA, Too small: set the buffer length as 15m
In GA, Too small: set the buffer length as 15m
In GA, Too small: set the buffer length as 15m
In GA, Too small: set the buffer length as 15m
In GA, Too small: set the buffer length as 15m
In GA, Too small: set the buffer length as 15m
In GA, Too small: set the buffer length as 15m
In GA, Too small: set the buffer length as 15m
In GA, Too small: set the buffer length as 15m
In GA, Too small: set the buffer length as 15m
In GA, Too small: set the buffer length as 15m
In GA, Too small: set the buffer length as 15m
In GA, Too small: set the buffer length as 15m
In GA, Too small: set the buffer length as 15m
In GA, Too small: set the buffer length as 15m
In GA, Too small: set the buffer length as 15m
In GA, Too small: set the buffer length as 15m
In GA, Too small: set the buffer length as 15m
In GA, Too small: set the buffer length as 15m
In GA, Too small: set the buffer length as 15m
In GA, Too small: set the buffer length as 15m
In GA, Too small: set the buffer length as 15m
In GA, Too small: set the buffer length as 15m
In GA, Too small: set the buffer length as 15m
In GA, Too small: set the buffer length as 15m
In GA, Too small: set the buffer length as 15m
In GA, Too small: set the buffer length as 15m
In GA, Too small: set the buffer length as 15m
In GA, Too small: set the buffer length as 15m
In GA, Too small: set the buffer length as 15m
In GA, Too small: set the buffer length as 15m
In GA, Too small: set the buffer length as 15m
In GA, Too small: set the buffer length as 15m
In GA, Too small: set the buffer length as 15m
In GA, Too small: set the buffer length as 15m
In GA, Too small: set the buffer length as 15m
In GA, Too small: set the buffer length as 15m
In GA, Too small: set the buffer length as 15m
In GA, Too small: set the buffer length as 15m
In GA, Too small: set the buffer length as 15m
In GA, Too small: set the buffer length as 15m
In GA, Too small: set the buffer length as 15m
In GA, Too small: set the buffer length as 15m
In GA, Too small: set the buffer length as 15m
In GA, Too small: set the buffer length as 15m
In GA, Too small: set the buffer length as 15m
In GA, Too small: set the buffer length as 15m
In GA, Too small: set the buffer length as 15m
In GA, Too small: set the buffer length as 15m
In GA, Too small: set the buffer length as 15m
In GA, Too small: set the buffer length as 15m
In GA, Too small: set the buffer length as 15m
In GA, Too small: set the buffer length as 15m
In GA, Too small: set the buffer length as 15m
In GA, Too small: set the buffer length as 15m
In GA, Too small: set the buffer length as 15m
In GA, Too small: set the buffer length as 15m
In GA, Too small: set the buffer length as 15m
In GA, Too small: set the buffer length as 15m
In GA, Too small: set the buffer length as 15m
In GA, Too small: set the buffer length as 15m
In GA, Too small: set the buffer length as 15m
In GA, Too small: set the buffer length as 15m
In GA, Too small: set the buffer length as 15m
In GA, Too small: set the buffer length as 15m
In GA, Too small: set the buffer length as 15m
In GA, Too small: set the buffer length as 15m
In GA, Too small: set the buffer length as 15m
In GA, Too small: set the buffer length as 15m
In GA, Too small: set the buffer length as 15m
In GA, Too small: set the buffer length as 15m
In GA, Too small: set the buffer length as 15m
In GA, Too small: set the buffer length as 15m
In GA, Too small: set the buffer length as 15m
In GA, Too small: set the buffer length as 15m
In GA, Too small: set the buffer length as 15m
In GA, Too small: set the buffer length as 15m
In GA, Too small: set the buffer length as 15m
In GA, Too small: set the buffer length as 15m
In GA, Too small: set the buffer length as 15m
In GA, Too small: set the buffer length as 15m
In GA, Too small: set the buffer length as 15m
In GA, Too small: set the buffer length as 15m
In GA, Too small: set the buffer length as 15m
In GA, Too small: set the buffer length as 15m
In GA, Too small: set the buffer length as 15m
In GA, Too small: set the buffer length as 15m
In GA, Too small: set the buffer length as 15m
In GA, Too small: set the buffer length as 15m
In GA, Too small: set the buffer length as 15m
In GA, Too small: set the buffer length as 15m
In GA, Too small: set the buffer length as 15m
In GA, Too small: set the buffer length as 15m
In GA, Too small: set the buffer length as 15m
In GA, Too small: set the buffer length as 15m
In GA, Too small: set the buffer length as 15m
In GA, Too small: set the buffer length as 15m
In GA, Too small: set the buffer length as 15m
In GA, Too small: set the buffer length as 15m
In GA, Too small: set the buffer length as 15m
In GA, Too small: set the buffer length as 15m
In GA, Too small: set the buffer length as 15m
In GA, Too small: set the buffer length as 15m
In GA, Too small: set the buffer length as 15m
In GA, Too small: set the buffer length as 15m
In GA, Too small: set the buffer length as 15m
In GA, Too small: set the buffer length as 15m
In GA, Too small: set the buffer length as 15m
In GA, Too small: set the buffer length as 15m
In GA, Too small: set the buffer length as 15m
In GA, Too small: set the buffer length as 15m
In GA, Too small: set the buffer length as 15m
In GA, Too small: set the buffer length as 15m
In GA, Too small: set the buffer length as 15m
In GA, Too small: set the buffer length as 15m
In GA, Too small: set the buffer length as 15m
In GA, Too small: set the buffer length as 15m
In GA, Too small: set the buffer length as 15m
In GA, Too small: set the buffer length as 15m
In GA, Too small: set the buffer length as 15m
In GA, Too small: set the buffer length as 15m
In GA, Too small: set the buffer length as 15m
In GA, Too small: set the buffer length as 15m
In GA, Too small: set the buffer length as 15m
In GA, Too small: set the buffer length as 15m
In GA, Too small: set the buffer length as 15m
In GA, Too small: set the buffer length as 15m
In GA, Too small: set the buffer length as 15m
In GA, Too small: set the buffer length as 15m
In GA, Too small: set the buffer length as 15m
In GA, Too small: set the buffer length as 15m
In GA, Too small: set the buffer length as 15m
In GA, Too small: set the buffer length as 15m
In GA, Too small: set the buffer length as 15m
In GA, Too small: set the buffer length as 15m
In GA, Too small: set the buffer length as 15m
In GA, Too small: set the buffer length as 15m
In GA, Too small: set the buffer length as 15m
In GA, Too small: set the buffer length as 15m
In GA, Too small: set the buffer length as 15m
In GA, Too small: set the buffer length as 15m
In GA, Too small: set the buffer length as 15m
In GA, Too small: set the buffer length as 15m
In GA, Too small: set the buffer length as 15m
In GA, Too small: set the buffer length as 15m
In GA, Too small: set the buffer length as 15m
In GA, Too small: set the buffer length as 15m
In GA, Too small: set the buffer length as 15m
In GA, Too small: set the buffer length as 15m
In GA, Too small: set the buffer length as 15m
In GA, Too small: set the buffer length as 15m
In GA, Too small: set the buffer length as 15m
In GA, Too small: set the buffer length as 15m
In GA, Too small: set the buffer length as 15m
In GA, Too small: set the buffer length as 15m
In GA, Too small: set the buffer length as 15m
In GA, Too small: set the buffer length as 15m
In GA, Too small: set the buffer length as 15m
In GA, Too small: set the buffer length as 15m
In GA, Too small: set the buffer length as 15m
In GA, Too small: set the buffer length as 15m
In GA, Too small: set the buffer length as 15m
In GA, Too small: set the buffer length as 15m
In GA, Too small: set the buffer length as 15m
In GA, Too small: set the buffer length as 15m
In GA, Too small: set the buffer length as 15m
In GA, Too small: set the buffer length as 15m
In GA, Too small: set the buffer length as 15m
In GA, Too small: set the buffer length as 15m
In GA, Too small: set the buffer length as 15m
In GA, Too small: set the buffer length as 15m
In GA, Too small: set the buffer length as 15m
In GA, Too small: set the buffer length as 15m
In GA, Too small: set the buffer length as 15m
In GA, Too small: set the buffer length as 15m
In GA, Too small: set the buffer length as 15m
In GA, Too small: set the buffer length as 15m
In GA, Too small: set the buffer length as 15m
In GA, Too small: set the buffer length as 15m
In GA, Too small: set the buffer length as 15m
In GA, Too small: set the buffer length as 15m
In GA, Too small: set the buffer length as 15m
In GA, Too small: set the buffer length as 15m
In GA, Too small: set the buffer length as 15m
In GA, Too small: set the buffer length as 15m
In GA, Too small: set the buffer length as 15m
In GA, Too small: set the buffer length as 15m
In GA, Too small: set the buffer length as 15m
In GA, Too small: set the buffer length as 15m
In GA, Too small: set the buffer length as 15m
In GA, Too small: set the buffer length as 15m
In GA, Too small: set the buffer length as 15m
In GA, Too small: set the buffer length as 15m
In GA, Too small: set the buffer length as 15m
In GA, Too small: set the buffer length as 15m
In GA, Too small: set the buffer length as 15m
In GA, Too small: set the buffer length as 15m
In GA, Too small: set the buffer length as 15m
In GA, Too small: set the buffer length as 15m
In GA, Too small: set the buffer length as 15m
In GA, Too small: set the buffer length as 15m
In GA, Too small: set the buffer length as 15m
In GA, Too small: set the buffer length as 15m
In GA, Too small: set the buffer length as 15m
In GA, Too small: set the buffer length as 15m
In GA, Too small: set the buffer length as 15m
In GA, Too small: set the buffer length as 15m
In GA, Too small: set the buffer length as 15m
In GA, Too small: set the buffer length as 15m
In GA, Too small: set the buffer length as 15m
In GA, Too small: set the buffer length as 15m
In GA, Too small: set the buffer length as 15m
In GA, Too small: set the buffer length as 15m
In GA, Too small: set the buffer length as 15m
In GA, Too small: set the buffer length as 15m
In GA, Too small: set the buffer length as 15m
In GA, Too small: set the buffer length as 15m
In GA, Too small: set the buffer length as 15m
In GA, Too small: set the buffer length as 15m
In GA, Too small: set the buffer length as 15m
In GA, Too small: set the buffer length as 15m
In GA, Too small: set the buffer length as 15m
In GA, Too small: set the buffer length as 15m
In GA, Too small: set the buffer length as 15m
In GA, Too small: set the buffer length as 15m
In GA, Too small: set the buffer length as 15m
In GA, Too small: set the buffer length as 15m
In GA, Too small: set the buffer length as 15m
In GA, Too small: set the buffer length as 15m
In GA, Too small: set the buffer length as 15m
In GA, Too small: set the buffer length as 15m
In GA, Too small: set the buffer length as 15m
In GA, Too small: set the buffer length as 15m
In GA, Too small: set the buffer length as 15m
In GA, Too small: set the buffer length as 15m
In GA, Too small: set the buffer length as 15m
In GA, Too small: set the buffer length as 15m
In GA, Too small: set the buffer length as 15m
In GA, Too small: set the buffer length as 15m
In GA, Too small: set the buffer length as 15m
In GA, Too small: set the buffer length as 15m
In GA, Too small: set the buffer length as 15m
In GA, Too small: set the buffer length as 15m
In GA, Too small: set the buffer length as 15m
In GA, Too small: set the buffer length as 15m
In GA, Too small: set the buffer length as 15m
In GA, Too small: set the buffer length as 15m
In GA, Too small: set the buffer length as 15m
In GA, Too small: set the buffer length as 15m
In GA, Too small: set the buffer length as 15m
In GA, Too small: set the buffer length as 15m
In GA, Too small: set the buffer length as 15m
In GA, Too small: set the buffer length as 15m
In GA, Too small: set the buffer length as 15m
In GA, Too small: set the buffer length as 15m
In GA, Too small: set the buffer length as 15m
In GA, Too small: set the buffer length as 15m
In GA, Too small: set the buffer length as 15m
In GA, Too small: set the buffer length as 15m
In GA, Too small: set the buffer length as 15m
In GA, Too small: set the buffer length as 15m
In GA, Too small: set the buffer length as 15m
In GA, Too small: set the buffer length as 15m
In GA, Too small: set the buffer length as 15m
In GA, Too small: set the buffer length as 15m
In GA, Too small: set the buffer length as 15m
In GA, Too small: set the buffer length as 15m
In GA, Too small: set the buffer length as 15m
In GA, Too small: set the buffer length as 15m
In GA, Too small: set the buffer length as 15m
In GA, Too small: set the buffer length as 15m
In GA, Too small: set the buffer length as 15m
In GA, Too small: set the buffer length as 15m
In GA, Too small: set the buffer length as 15m
In GA, Too small: set the buffer length as 15m
In GA, Too small: set the buffer length as 15m
In GA, Too small: set the buffer length as 15m
In GA, Too small: set the buffer length as 15m
In GA, Too small: set the buffer length as 15m
In GA, Too small: set the buffer length as 15m
In GA, Too small: set the buffer length as 15m
In GA, Too small: set the buffer length as 15m
In GA, Too small: set the buffer length as 15m
In GA, Too small: set the buffer length as 15m
In GA, Too small: set the buffer length as 15m
In GA, Too small: set the buffer length as 15m
In GA, Too small: set the buffer length as 15m
In GA, Too small: set the buffer length as 15m
In GA, Too small: set the buffer length as 15m
In GA, Too small: set the buffer length as 15m
In GA, Too small: set the buffer length as 15m
In GA, Too small: set the buffer length as 15m
In GA, Too small: set the buffer length as 15m
In GA, Too small: set the buffer length as 15m
In GA, Too small: set the buffer length as 15m
In GA, Too small: set the buffer length as 15m
In GA, Too small: set the buffer length as 15m
In GA, Too small: set the buffer length as 15m
In GA, Too small: set the buffer length as 15m
In GA, Too small: set the buffer length as 15m
In GA, Too small: set the buffer length as 15m
In GA, Too small: set the buffer length as 15m
In GA, Too small: set the buffer length as 15m
In GA, Too small: set the buffer length as 15m
In GA, Too small: set the buffer length as 15m
In GA, Too small: set the buffer length as 15m
In GA, Too small: set the buffer length as 15m
In GA, Too small: set the buffer length as 15m
In GA, Too small: set the buffer length as 15m
In GA, Too small: set the buffer length as 15m
In GA, Too small: set the buffer length as 15m
In GA, Too small: set the buffer length as 15m
In GA, Too small: set the buffer length as 15m
In GA, Too small: set the buffer length as 15m
In GA, Too small: set the buffer length as 15m
In GA, Too small: set the buffer length as 15m
In GA, Too small: set the buffer length as 15m
In GA, Too small: set the buffer length as 15m
In GA, Too small: set the buffer length as 15m
In GA, Too small: set the buffer length as 15m
In GA, Too small: set the buffer length as 15m
In GA, Too small: set the buffer length as 15m
In GA, Too small: set the buffer length as 15m
In GA, Too small: set the buffer length as 15m
In GA, Too small: set the buffer length as 15m
In GA, Too small: set the buffer length as 15m
In GA, Too small: set the buffer length as 15m
In GA, Too small: set the buffer length as 15m
In GA, Too small: set the buffer length as 15m
In GA, Too small: set the buffer length as 15m
In GA, Too small: set the buffer length as 15m
In GA, Too small: set the buffer length as 15m
In GA, Too small: set the buffer length as 15m
In GA, Too small: set the buffer length as 15m
In GA, Too small: set the buffer length as 15m
In GA, Too small: set the buffer length as 15m
In GA, Too small: set the buffer length as 15m
In GA, Too small: set the buffer length as 15m
In GA, Too small: set the buffer length as 15m
In GA, Too small: set the buffer length as 15m
In GA, Too small: set the buffer length as 15m
In GA, Too small: set the buffer length as 15m
In GA, Too small: set the buffer length as 15m
In GA, Too small: set the buffer length as 15m
In GA, Too small: set the buffer length as 15m
In GA, Too small: set the buffer length as 15m
In GA, Too small: set the buffer length as 15m
In GA, Too small: set the buffer length as 15m
In GA, Too small: set the buffer length as 15m
In GA, Too small: set the buffer length as 15m
In GA, Too small: set the buffer length as 15m
In GA, Too small: set the buffer length as 15m
In GA, Too small: set the buffer length as 15m
In GA, Too small: set the buffer length as 15m
In GA, Too small: set the buffer length as 15m
In GA, Too small: set the buffer length as 15m
In GA, Too small: set the buffer length as 15m
In GA, Too small: set the buffer length as 15m
In GA, Too small: set the buffer length as 15m
In GA, Too small: set the buffer length as 15m
In GA, Too small: set the buffer length as 15m
In GA, Too small: set the buffer length as 15m
In GA, Too small: set the buffer length as 15m
In GA, Too small: set the buffer length as 15m
In GA, Too small: set the buffer length as 15m
In GA, Too small: set the buffer length as 15m
In GA, Too small: set the buffer length as 15m
In GA, Too small: set the buffer length as 15m
In GA, Too small: set the buffer length as 15m
In GA, Too small: set the buffer length as 15m
In GA, Too small: set the buffer length as 15m
In GA, Too small: set the buffer length as 15m
In GA, Too small: set the buffer length as 15m
In GA, Too small: set the buffer length as 15m
In GA, Too small: set the buffer length as 15m
In GA, Too small: set the buffer length as 15m
In GA, Too small: set the buffer length as 15m
In GA, Too small: set the buffer length as 15m
In GA, Too small: set the buffer length as 15m
In GA, Too small: set the buffer length as 15m
In GA, Too small: set the buffer length as 15m
In GA, Too small: set the buffer length as 15m
In GA, Too small: set the buffer length as 15m
In GA, Too small: set the buffer length as 15m
In GA, Too small: set the buffer length as 15m
In GA, Too small: set the buffer length as 15m
In GA, Too small: set the buffer length as 15m
In GA, Too small: set the buffer length as 15m
In GA, Too small: set the buffer length as 15m
In GA, Too small: set the buffer length as 15m
In GA, Too small: set the buffer length as 15m
In GA, Too small: set the buffer length as 15m
In GA, Too small: set the buffer length as 15m
In GA, Too small: set the buffer length as 15m
In GA, Too small: set the buffer length as 15m
In GA, Too small: set the buffer length as 15m
In GA, Too small: set the buffer length as 15m
In GA, Too small: set the buffer length as 15m
In GA, Too small: set the buffer length as 15m
In GA, Too small: set the buffer length as 15m
In GA, Too small: set the buffer length as 15m
In GA, Too small: set the buffer length as 15m
In GA, Too small: set the buffer length as 15m
In GA, Too small: set the buffer length as 15m
In GA, Too small: set the buffer length as 15m
In GA, Too small: set the buffer length as 15m
In GA, Too small: set the buffer length as 15m
In GA, Too small: set the buffer length as 15m
In GA, Too small: set the buffer length as 15m
In GA, Too small: set the buffer length as 15m
In GA, Too small: set the buffer length as 15m
In GA, Too small: set the buffer length as 15m
In GA, Too small: set the buffer length as 15m
In GA, Too small: set the buffer length as 15m
In GA, Too small: set the buffer length as 15m
In GA, Too small: set the buffer length as 15m
In GA, Too small: set the buffer length as 15m
In GA, Too small: set the buffer length as 15m
In GA, Too small: set the buffer length as 15m
In GA, Too small: set the buffer length as 15m
In GA, Too small: set the buffer length as 15m
In GA, Too small: set the buffer length as 15m
In GA, Too small: set the buffer length as 15m
In GA, Too small: set the buffer length as 15m
In GA, Too small: set the buffer length as 15m
In GA, Too small: set the buffer length as 15m
In GA, Too small: set the buffer length as 15m
In GA, Too small: set the buffer length as 15m
In GA, Too small: set the buffer length as 15m
In GA, Too small: set the buffer length as 15m
In GA, Too small: set the buffer length as 15m
In GA, Too small: set the buffer length as 15m
In GA, Too small: set the buffer length as 15m
In GA, Too small: set the buffer length as 15m
In GA, Too small: set the buffer length as 15m
In GA, Too small: set the buffer length as 15m
In GA, Too small: set the buffer length as 15m
In GA, Too small: set the buffer length as 15m
In GA, Too small: set the buffer length as 15m
In GA, Too small: set the buffer length as 15m
In GA, Too small: set the buffer length as 15m
In GA, Too small: set the buffer length as 15m
In GA, Too small: set the buffer length as 15m
In GA, Too small: set the buffer length as 15m
In GA, Too small: set the buffer length as 15m
In GA, Too small: set the buffer length as 15m
In GA, Too small: set the buffer length as 15m
In GA, Too small: set the buffer length as 15m
In GA, Too small: set the buffer length as 15m
In GA, Too small: set the buffer length as 15m
In GA, Too small: set the buffer length as 15m
In GA, Too small: set the buffer length as 15m
In GA, Too small: set the buffer length as 15m
In GA, Too small: set the buffer length as 15m
In GA, Too small: set the buffer length as 15m
In GA, Too small: set the buffer length as 15m
In GA, Too small: set the buffer length as 15m
In GA, Too small: set the buffer length as 15m
In GA, Too small: set the buffer length as 15m
In GA, Too small: set the buffer length as 15m
In GA, Too small: set the buffer length as 15m
In GA, Too small: set the buffer length as 15m
In GA, Too small: set the buffer length as 15m
In GA, Too small: set the buffer length as 15m
In GA, Too small: set the buffer length as 15m
In GA, Too small: set the buffer length as 15m
In GA, Too small: set the buffer length as 15m
In GA, Too small: set the buffer length as 15m
In GA, Too small: set the buffer length as 15m
In GA, Too small: set the buffer length as 15m
In GA, Too small: set the buffer length as 15m
In GA, Too small: set the buffer length as 15m
In GA, Too small: set the buffer length as 15m
In GA, Too small: set the buffer length as 15m
In GA, Too small: set the buffer length as 15m
In GA, Too small: set the buffer length as 15m
In GA, Too small: set the buffer length as 15m
In GA, Too small: set the buffer length as 15m
In GA, Too small: set the buffer length as 15m
In GA, Too small: set the buffer length as 15m
In GA, Too small: set the buffer length as 15m
In GA, Too small: set the buffer length as 15m
In GA, Too small: set the buffer length as 15m
In GA, Too small: set the buffer length as 15m
In GA, Too small: set the buffer length as 15m
In GA, Too small: set the buffer length as 15m
In GA, Too small: set the buffer length as 15m
In GA, Too small: set the buffer length as 15m
In GA, Too small: set the buffer length as 15m
In GA, Too small: set the buffer length as 15m
In GA, Too small: set the buffer length as 15m
In GA, Too small: set the buffer length as 15m
In GA, Too small: set the buffer length as 15m
In GA, Too small: set the buffer length as 15m
In GA, Too small: set the buffer length as 15m
In GA, Too small: set the buffer length as 15m
In GA, Too small: set the buffer length as 15m
In GA, Too small: set the buffer length as 15m
In GA, Too small: set the buffer length as 15m
In GA, Too small: set the buffer length as 15m
In GA, Too small: set the buffer length as 15m
In GA, Too small: set the buffer length as 15m
In GA, Too small: set the buffer length as 15m
In GA, Too small: set the buffer length as 15m
In GA, Too small: set the buffer length as 15m
In GA, Too small: set the buffer length as 15m
In GA, Too small: set the buffer length as 15m
In GA, Too small: set the buffer length as 15m
In GA, Too small: set the buffer length as 15m
In GA, Too small: set the buffer length as 15m
In GA, Too small: set the buffer length as 15m
In GA, Too small: set the buffer length as 15m
In GA, Too small: set the buffer length as 15m
In GA, Too small: set the buffer length as 15m
In GA, Too small: set the buffer length as 15m
In GA, Too small: set the buffer length as 15m
In GA, Too small: set the buffer length as 15m
In GA, Too small: set the buffer length as 15m
In GA, Too small: set the buffer length as 15m
In GA, Too small: set the buffer length as 15m
In GA, Too small: set the buffer length as 15m
In GA, Too small: set the buffer length as 15m
In GA, Too small: set the buffer length as 15m
In GA, Too small: set the buffer length as 15m
In GA, Too small: set the buffer length as 15m
In GA, Too small: set the buffer length as 15m
In GA, Too small: set the buffer length as 15m
In GA, Too small: set the buffer length as 15m
In GA, Too small: set the buffer length as 15m
In GA, Too small: set the buffer length as 15m
In GA, Too small: set the buffer length as 15m
In GA, Too small: set the buffer length as 15m
In GA, Too small: set the buffer length as 15m
In GA, Too small: set the buffer length as 15m
In GA, Too small: set the buffer length as 15m
In GA, Too small: set the buffer length as 15m
In GA, Too small: set the buffer length as 15m
In GA, Too small: set the buffer length as 15m
In GA, Too small: set the buffer length as 15m
In GA, Too small: set the buffer length as 15m
In GA, Too small: set the buffer length as 15m
In GA, Too small: set the buffer length as 15m
In GA, Too small: set the buffer length as 15m
In GA, Too small: set the buffer length as 15m
In GA, Too small: set the buffer length as 15m
In GA, Too small: set the buffer length as 15m
In GA, Too small: set the buffer length as 15m
In GA, Too small: set the buffer length as 15m
In GA, Too small: set the buffer length as 15m
In GA, Too small: set the buffer length as 15m
In GA, Too small: set the buffer length as 15m
In GA, Too small: set the buffer length as 15m
In GA, Too small: set the buffer length as 15m
In GA, Too small: set the buffer length as 15m
In GA, Too small: set the buffer length as 15m
In GA, Too small: set the buffer length as 15m
In GA, Too small: set the buffer length as 15m
In GA, Too small: set the buffer length as 15m
In GA, Too small: set the buffer length as 15m
In GA, Too small: set the buffer length as 15m
In GA, Too small: set the buffer length as 15m
In GA, Too small: set the buffer length as 15m
In GA, Too small: set the buffer length as 15m
In GA, Too small: set the buffer length as 15m
In GA, Too small: set the buffer length as 15m
In GA, Too small: set the buffer length as 15m
In GA, Too small: set the buffer length as 15m
In GA, Too small: set the buffer length as 15m
In GA, Too small: set the buffer length as 15m
In GA, Too small: set the buffer length as 15m
In GA, Too small: set the buffer length as 15m
In GA, Too small: set the buffer length as 15m
In GA, Too small: set the buffer length as 15m
In GA, Too small: set the buffer length as 15m
In GA, Too small: set the buffer length as 15m
In GA, Too small: set the buffer length as 15m
In GA, Too small: set the buffer length as 15m
In GA, Too small: set the buffer length as 15m
In GA, Too small: set the buffer length as 15m
In GA, Too small: set the buffer length as 15m
In GA, Too small: set the buffer length as 15m
In GA, Too small: set the buffer length as 15m
In GA, Too small: set the buffer length as 15m
In GA, Too small: set the buffer length as 15m
In GA, Too small: set the buffer length as 15m
In GA, Too small: set the buffer length as 15m
In GA, Too small: set the buffer length as 15m
In GA, Too small: set the buffer length as 15m
In GA, Too small: set the buffer length as 15m
In GA, Too small: set the buffer length as 15m
In GA, Too small: set the buffer length as 15m
In GA, Too small: set the buffer length as 15m
In GA, Too small: set the buffer length as 15m
In GA, Too small: set the buffer length as 15m
In GA, Too small: set the buffer length as 15m
In GA, Too small: set the buffer length as 15m
In GA, Too small: set the buffer length as 15m
In GA, Too small: set the buffer length as 15m
In GA, Too small: set the buffer length as 15m
In GA, Too small: set the buffer length as 15m
In GA, Too small: set the buffer length as 15m
In GA, Too small: set the buffer length as 15m
In GA, Too small: set the buffer length as 15m
In GA, Too small: set the buffer length as 15m
In GA, Too small: set the buffer length as 15m
In GA, Too small: set the buffer length as 15m
In GA, Too small: set the buffer length as 15m
In GA, Too small: set the buffer length as 15m
In GA, Too small: set the buffer length as 15m
In GA, Too small: set the buffer length as 15m
In GA, Too small: set the buffer length as 15m
In GA, Too small: set the buffer length as 15m
In GA, Too small: set the buffer length as 15m
In GA, Too small: set the buffer length as 15m
In GA, Too small: set the buffer length as 15m
In GA, Too small: set the buffer length as 15m
In GA, Too small: set the buffer length as 15m
In GA, Too small: set the buffer length as 15m
In GA, Too small: set the buffer length as 15m
In GA, Too small: set the buffer length as 15m
In GA, Too small: set the buffer length as 15m
In GA, Too small: set the buffer length as 15m
In GA, Too small: set the buffer length as 15m
In GA, Too small: set the buffer length as 15m
In GA, Too small: set the buffer length as 15m
In GA, Too small: set the buffer length as 15m
In GA, Too small: set the buffer length as 15m
In GA, Too small: set the buffer length as 15m
In GA, Too small: set the buffer length as 15m
In GA, Too small: set the buffer length as 15m
In GA, Too small: set the buffer length as 15m
In GA, Too small: set the buffer length as 15m
In GA, Too small: set the buffer length as 15m
In GA, Too small: set the buffer length as 15m
In GA, Too small: set the buffer length as 15m
In GA, Too small: set the buffer length as 15m
In GA, Too small: set the buffer length as 15m
In GA, Too small: set the buffer length as 15m
In GA, Too small: set the buffer length as 15m
In GA, Too small: set the buffer length as 15m
In GA, Too small: set the buffer length as 15m
In GA, Too small: set the buffer length as 15m
In GA, Too small: set the buffer length as 15m
In GA, Too small: set the buffer length as 15m
In GA, Too small: set the buffer length as 15m
In GA, Too small: set the buffer length as 15m
In GA, Too small: set the buffer length as 15m
In GA, Too small: set the buffer length as 15m
In GA, Too small: set the buffer length as 15m
In GA, Too small: set the buffer length as 15m
In GA, Too small: set the buffer length as 15m
In GA, Too small: set the buffer length as 15m
In GA, Too small: set the buffer length as 15m
In GA, Too small: set the buffer length as 15m
In GA, Too small: set the buffer length as 15m
In GA, Too small: set the buffer length as 15m
In GA, Too small: set the buffer length as 15m
In GA, Too small: set the buffer length as 15m
In GA, Too small: set the buffer length as 15m
In GA, Too small: set the buffer length as 15m
In GA, Too small: set the buffer length as 15m
In GA, Too small: set the buffer length as 15m
In GA, Too small: set the buffer length as 15m
In GA, Too small: set the buffer length as 15m
In GA, Too small: set the buffer length as 15m
In GA, Too small: set the buffer length as 15m
In GA, Too small: set the buffer length as 15m
In GA, Too small: set the buffer length as 15m
In GA, Too small: set the buffer length as 15m
In GA, Too small: set the buffer length as 15m
In GA, Too small: set the buffer length as 15m
In GA, Too small: set the buffer length as 15m
In GA, Too small: set the buffer length as 15m
In GA, Too small: set the buffer length as 15m
In GA, Too small: set the buffer length as 15m
In GA, Too small: set the buffer length as 15m
In GA, Too small: set the buffer length as 15m
In GA, Too small: set the buffer length as 15m
In GA, Too small: set the buffer length as 15m
In GA, Too small: set the buffer length as 15m
In GA, Too small: set the buffer length as 15m
In GA, Too small: set the buffer length as 15m
In GA, Too small: set the buffer length as 15m
In GA, Too small: set the buffer length as 15m
In GA, Too small: set the buffer length as 15m
In GA, Too small: set the buffer length as 15m
In GA, Too small: set the buffer length as 15m
In GA, Too small: set the buffer length as 15m
In GA, Too small: set the buffer length as 15m
In GA, Too small: set the buffer length as 15m
In GA, Too small: set the buffer length as 15m
In GA, Too small: set the buffer length as 15m
In GA, Too small: set the buffer length as 15m
In GA, Too small: set the buffer length as 15m
In GA, Too small: set the buffer length as 15m
In GA, Too small: set the buffer length as 15m
In GA, Too small: set the buffer length as 15m
In GA, Too small: set the buffer length as 15m
In GA, Too small: set the buffer length as 15m
In GA, Too small: set the buffer length as 15m
In GA, Too small: set the buffer length as 15m
In GA, Too small: set the buffer length as 15m
In GA, Too small: set the buffer length as 15m
In GA, Too small: set the buffer length as 15m
In GA, Too small: set the buffer length as 15m
In GA, Too small: set the buffer length as 15m
In GA, Too small: set the buffer length as 15m
In GA, Too small: set the buffer length as 15m
In GA, Too small: set the buffer length as 15m
In GA, Too small: set the buffer length as 15m
In GA, Too small: set the buffer length as 15m
In GA, Too small: set the buffer length as 15m
In GA, Too small: set the buffer length as 15m
In GA, Too small: set the buffer length as 15m
In GA, Too small: set the buffer length as 15m
In GA, Too small: set the buffer length as 15m
In GA, Too small: set the buffer length as 15m
In GA, Too small: set the buffer length as 15m
In GA, Too small: set the buffer length as 15m
In GA, Too small: set the buffer length as 15m
In GA, Too small: set the buffer length as 15m
In GA, Too small: set the buffer length as 15m
In GA, Too small: set the buffer length as 15m
In GA, Too small: set the buffer length as 15m
In GA, Too small: set the buffer length as 15m
In GA, Too small: set the buffer length as 15m
In GA, Too small: set the buffer length as 15m
In GA, Too small: set the buffer length as 15m
In GA, Too small: set the buffer length as 15m
In GA, Too small: set the buffer length as 15m
In GA, Too small: set the buffer length as 15m
In GA, Too small: set the buffer length as 15m
In GA, Too small: set the buffer length as 15m
In GA, Too small: set the buffer length as 15m
In GA, Too small: set the buffer length as 15m
In GA, Too small: set the buffer length as 15m
In GA, Too small: set the buffer length as 15m
In GA, Too small: set the buffer length as 15m
In GA, Too small: set the buffer length as 15m
In GA, Too small: set the buffer length as 15m
In GA, Too small: set the buffer length as 15m
In GA, Too small: set the buffer length as 15m
In GA, Too small: set the buffer length as 15m
In GA, Too small: set the buffer length as 15m
In GA, Too small: set the buffer length as 15m
In GA, Too small: set the buffer length as 15m
In GA, Too small: set the buffer length as 15m
In GA, Too small: set the buffer length as 15m
In GA, Too small: set the buffer length as 15m
In GA, Too small: set the buffer length as 15m
In GA, Too small: set the buffer length as 15m
In GA, Too small: set the buffer length as 15m
In GA, Too small: set the buffer length as 15m
In GA, Too small: set the buffer length as 15m
In GA, Too small: set the buffer length as 15m
In GA, Too small: set the buffer length as 15m
In GA, Too small: set the buffer length as 15m
In GA, Too small: set the buffer length as 15m
In GA, Too small: set the buffer length as 15m
In GA, Too small: set the buffer length as 15m
In GA, Too small: set the buffer length as 15m
In GA, Too small: set the buffer length as 15m
In GA, Too small: set the buffer length as 15m
In GA, Too small: set the buffer length as 15m
In GA, Too small: set the buffer length as 15m
In GA, Too small: set the buffer length as 15m
In GA, Too small: set the buffer length as 15m
In GA, Too small: set the buffer length as 15m
In GA, Too small: set the buffer length as 15m
In GA, Too small: set the buffer length as 15m
In GA, Too small: set the buffer length as 15m
In GA, Too small: set the buffer length as 15m
In GA, Too small: set the buffer length as 15m
In GA, Too small: set the buffer length as 15m
In GA, Too small: set the buffer length as 15m
In GA, Too small: set the buffer length as 15m
In GA, Too small: set the buffer length as 15m
In GA, Too small: set the buffer length as 15m
In GA, Too small: set the buffer length as 15m
In GA, Too small: set the buffer length as 15m
In GA, Too small: set the buffer length as 15m
In GA, Too small: set the buffer length as 15m
In GA, Too small: set the buffer length as 15m
In GA, Too small: set the buffer length as 15m
In GA, Too small: set the buffer length as 15m
In GA, Too small: set the buffer length as 15m
In GA, Too small: set the buffer length as 15m
In GA, Too small: set the buffer length as 15m
In GA, Too small: set the buffer length as 15m
In GA, Too small: set the buffer length as 15m
In GA, Too small: set the buffer length as 15m
In GA, Too small: set the buffer length as 15m
In GA, Too small: set the buffer length as 15m
In GA, Too small: set the buffer length as 15m
In GA, Too small: set the buffer length as 15m
In GA, Too small: set the buffer length as 15m
In GA, Too small: set the buffer length as 15m
In GA, Too small: set the buffer length as 15m
In GA, Too small: set the buffer length as 15m
In GA, Too small: set the buffer length as 15m
In GA, Too small: set the buffer length as 15m
In GA, Too small: set the buffer length as 15m
In GA, Too small: set the buffer length as 15m
In GA, Too small: set the buffer length as 15m
In GA, Too small: set the buffer length as 15m
In GA, Too small: set the buffer length as 15m
In GA, Too small: set the buffer length as 15m
In GA, Too small: set the buffer length as 15m
In GA, Too small: set the buffer length as 15m
In GA, Too small: set the buffer length as 15m
In GA, Too small: set the buffer length as 15m
In GA, Too small: set the buffer length as 15m
In GA, Too small: set the buffer length as 15m
In GA, Too small: set the buffer length as 15m
In GA, Too small: set the buffer length as 15m
In GA, Too small: set the buffer length as 15m
In GA, Too small: set the buffer length as 15m
In GA, Too small: set the buffer length as 15m
In GA, Too small: set the buffer length as 15m
In GA, Too small: set the buffer length as 15m
In GA, Too small: set the buffer length as 15m
In GA, Too small: set the buffer length as 15m
In GA, Too small: set the buffer length as 15m
In GA, Too small: set the buffer length as 15m
In GA, Too small: set the buffer length as 15m
In GA, Too small: set the buffer length as 15m
In GA, Too small: set the buffer length as 15m
In GA, Too small: set the buffer length as 15m
In GA, Too small: set the buffer length as 15m
In GA, Too small: set the buffer length as 15m
In GA, Too small: set the buffer length as 15m
In GA, Too small: set the buffer length as 15m
In GA, Too small: set the buffer length as 15m
In GA, Too small: set the buffer length as 15m
In GA, Too small: set the buffer length as 15m
In GA, Too small: set the buffer length as 15m
In GA, Too small: set the buffer length as 15m
In GA, Too small: set the buffer length as 15m
In GA, Too small: set the buffer length as 15m
In GA, Too small: set the buffer length as 15m
In GA, Too small: set the buffer length as 15m
In GA, Too small: set the buffer length as 15m
In GA, Too small: set the buffer length as 15m
In GA, Too small: set the buffer length as 15m
In GA, Too small: set the buffer length as 15m
In GA, Too small: set the buffer length as 15m
In GA, Too small: set the buffer length as 15m
In GA, Too small: set the buffer length as 15m
In GA, Too small: set the buffer length as 15m
In GA, Too small: set the buffer length as 15m
In GA, Too small: set the buffer length as 15m
In GA, Too small: set the buffer length as 15m
In GA, Too small: set the buffer length as 15m
In GA, Too small: set the buffer length as 15m
In GA, Too small: set the buffer length as 15m
In GA, Too small: set the buffer length as 15m
In GA, Too small: set the buffer length as 15m
In GA, Too small: set the buffer length as 15m
In GA, Too small: set the buffer length as 15m
In GA, Too small: set the buffer length as 15m
In GA, Too small: set the buffer length as 15m
In GA, Too small: set the buffer length as 15m
In GA, Too small: set the buffer length as 15m
In GA, Too small: set the buffer length as 15m
In GA, Too small: set the buffer length as 15m
In GA, Too small: set the buffer length as 15m
In GA, Too small: set the buffer length as 15m
In GA, Too small: set the buffer length as 15m
In GA, Too small: set the buffer length as 15m
In GA, Too small: set the buffer length as 15m
In GA, Too small: set the buffer length as 15m
In GA, Too small: set the buffer length as 15m
In GA, Too small: set the buffer length as 15m
In GA, Too small: set the buffer length as 15m
In GA, Too small: set the buffer length as 15m
In GA, Too small: set the buffer length as 15m
In GA, Too small: set the buffer length as 15m
In GA, Too small: set the buffer length as 15m
In GA, Too small: set the buffer length as 15m
In GA, Too small: set the buffer length as 15m
In GA, Too small: set the buffer length as 15m
In GA, Too small: set the buffer length as 15m
In GA, Too small: set the buffer length as 15m
In GA, Too small: set the buffer length as 15m
In GA, Too small: set the buffer length as 15m
In GA, Too small: set the buffer length as 15m
In GA, Too small: set the buffer length as 15m
In GA, Too small: set the buffer length as 15m
In GA, Too small: set the buffer length as 15m
In GA, Too small: set the buffer length as 15m
In GA, Too small: set the buffer length as 15m
In GA, Too small: set the buffer length as 15m
In GA, Too small: set the buffer length as 15m
In GA, Too small: set the buffer length as 15m
In GA, Too small: set the buffer length as 15m
In GA, Too small: set the buffer length as 15m
In GA, Too small: set the buffer length as 15m
In GA, Too small: set the buffer length as 15m
In GA, Too small: set the buffer length as 15m
In GA, Too small: set the buffer length as 15m
In GA, Too small: set the buffer length as 15m
In GA, Too small: set the buffer length as 15m
In GA, Too small: set the buffer length as 15m
In GA, Too small: set the buffer length as 15m
In GA, Too small: set the buffer length as 15m
In GA, Too small: set the buffer length as 15m
In GA, Too small: set the buffer length as 15m
In GA, Too small: set the buffer length as 15m
In GA, Too small: set the buffer length as 15m
In GA, Too small: set the buffer length as 15m
In GA, Too small: set the buffer length as 15m
In GA, Too small: set the buffer length as 15m
In GA, Too small: set the buffer length as 15m
In GA, Too small: set the buffer length as 15m
In GA, Too small: set the buffer length as 15m
In GA, Too small: set the buffer length as 15m
In GA, Too small: set the buffer length as 15m
In GA, Too small: set the buffer length as 15m
In GA, Too small: set the buffer length as 15m
In GA, Too small: set the buffer length as 15m
In GA, Too small: set the buffer length as 15m
In GA, Too small: set the buffer length as 15m
In GA, Too small: set the buffer length as 15m
In GA, Too small: set the buffer length as 15m
In GA, Too small: set the buffer length as 15m
In GA, Too small: set the buffer length as 15m
In GA, Too small: set the buffer length as 15m
In GA, Too small: set the buffer length as 15m
In GA, Too small: set the buffer length as 15m
In GA, Too small: set the buffer length as 15m
In GA, Too small: set the buffer length as 15m
In GA, Too small: set the buffer length as 15m
In GA, Too small: set the buffer length as 15m
In GA, Too small: set the buffer length as 15m
In GA, Too small: set the buffer length as 15m
In GA, Too small: set the buffer length as 15m
In GA, Too small: set the buffer length as 15m
In GA, Too small: set the buffer length as 15m
In GA, Too small: set the buffer length as 15m
In GA, Too small: set the buffer length as 15m
In GA, Too small: set the buffer length as 15m
In GA, Too small: set the buffer length as 15m
In GA, Too small: set the buffer length as 15m
In GA, Too small: set the buffer length as 15m
In GA, Too small: set the buffer length as 15m
In GA, Too small: set the buffer length as 15m
In GA, Too small: set the buffer length as 15m
In GA, Too small: set the buffer length as 15m
In GA, Too small: set the buffer length as 15m
In GA, Too small: set the buffer length as 15m
In GA, Too small: set the buffer length as 15m
In GA, Too small: set the buffer length as 15m
In GA, Too small: set the buffer length as 15m
In GA, Too small: set the buffer length as 15m
In GA, Too small: set the buffer length as 15m
In GA, Too small: set the buffer length as 15m
In GA, Too small: set the buffer length as 15m
In GA, Too small: set the buffer length as 15m
In GA, Too small: set the buffer length as 15m
In GA, Too small: set the buffer length as 15m
In GA, Too small: set the buffer length as 15m
In GA, Too small: set the buffer length as 15m
In GA, Too small: set the buffer length as 15m
In GA, Too small: set the buffer length as 15m
In GA, Too small: set the buffer length as 15m
In GA, Too small: set the buffer length as 15m
In GA, Too small: set the buffer length as 15m
In GA, Too small: set the buffer length as 15m
In GA, Too small: set the buffer length as 15m
In GA, Too small: set the buffer length as 15m
In GA, Too small: set the buffer length as 15m
In GA, Too small: set the buffer length as 15m
In GA, Too small: set the buffer length as 15m
In GA, Too small: set the buffer length as 15m
In GA, Too small: set the buffer length as 15m
In GA, Too small: set the buffer length as 15m
In GA, Too small: set the buffer length as 15m
In GA, Too small: set the buffer length as 15m
In GA, Too small: set the buffer length as 15m
In GA, Too small: set the buffer length as 15m
In GA, Too small: set the buffer length as 15m
In GA, Too small: set the buffer length as 15m
In GA, Too small: set the buffer length as 15m
In GA, Too small: set the buffer length as 15m
In GA, Too small: set the buffer length as 15m
In GA, Too small: set the buffer length as 15m
In GA, Too small: set the buffer length as 15m
In GA, Too small: set the buffer length as 15m
In GA, Too small: set the buffer length as 15m
In GA, Too small: set the buffer length as 15m
In GA, Too small: set the buffer length as 15m
In GA, Too small: set the buffer length as 15m
In GA, Too small: set the buffer length as 15m
In GA, Too small: set the buffer length as 15m
In GA, Too small: set the buffer length as 15m
In GA, Too small: set the buffer length as 15m
In GA, Too small: set the buffer length as 15m
In GA, Too small: set the buffer length as 15m
In GA, Too small: set the buffer length as 15m
In GA, Too small: set the buffer length as 15m
In GA, Too small: set the buffer length as 15m
In GA, Too small: set the buffer length as 15m
In GA, Too small: set the buffer length as 15m
In GA, Too small: set the buffer length as 15m
In GA, Too small: set the buffer length as 15m
In GA, Too small: set the buffer length as 15m
In GA, Too small: set the buffer length as 15m
In GA, Too small: set the buffer length as 15m
In GA, Too small: set the buffer length as 15m
In GA, Too small: set the buffer length as 15m
In GA, Too small: set the buffer length as 15m
In GA, Too small: set the buffer length as 15m
In GA, Too small: set the buffer length as 15m
In GA, Too small: set the buffer length as 15m
In GA, Too small: set the buffer length as 15m
In GA, Too small: set the buffer length as 15m
In GA, Too small: set the buffer length as 15m
In GA, Too small: set the buffer length as 15m
In GA, Too small: set the buffer length as 15m
In GA, Too small: set the buffer length as 15m
In GA, Too small: set the buffer length as 15m
In GA, Too small: set the buffer length as 15m
In GA, Too small: set the buffer length as 15m
In GA, Too small: set the buffer length as 15m
In GA, Too small: set the buffer length as 15m
In GA, Too small: set the buffer length as 15m
In GA, Too small: set the buffer length as 15m
In GA, Too small: set the buffer length as 15m
In GA, Too small: set the buffer length as 15m
In GA, Too small: set the buffer length as 15m
In GA, Too small: set the buffer length as 15m
In GA, Too small: set the buffer length as 15m
In GA, Too small: set the buffer length as 15m
In GA, Too small: set the buffer length as 15m
In GA, Too small: set the buffer length as 15m
In GA, Too small: set the buffer length as 15m
In GA, Too small: set the buffer length as 15m
In GA, Too small: set the buffer length as 15m
In GA, Too small: set the buffer length as 15m
In GA, Too small: set the buffer length as 15m
In GA, Too small: set the buffer length as 15m
In GA, Too small: set the buffer length as 15m
In GA, Too small: set the buffer length as 15m
In GA, Too small: set the buffer length as 15m
In GA, Too small: set the buffer length as 15m
In GA, Too small: set the buffer length as 15m
In GA, Too small: set the buffer length as 15m
In GA, Too small: set the buffer length as 15m
In GA, Too small: set the buffer length as 15m
In GA, Too small: set the buffer length as 15m
In GA, Too small: set the buffer length as 15m
In GA, Too small: set the buffer length as 15m
In GA, Too small: set the buffer length as 15m
In GA, Too small: set the buffer length as 15m
In GA, Too small: set the buffer length as 15m
In GA, Too small: set the buffer length as 15m
In GA, Too small: set the buffer length as 15m
In GA, Too small: set the buffer length as 15m
In GA, Too small: set the buffer length as 15m
In GA, Too small: set the buffer length as 15m
In GA, Too small: set the buffer length as 15m
In GA, Too small: set the buffer length as 15m
In GA, Too small: set the buffer length as 15m
In GA, Too small: set the buffer length as 15m
In GA, Too small: set the buffer length as 15m
In GA, Too small: set the buffer length as 15m
In GA, Too small: set the buffer length as 15m
In GA, Too small: set the buffer length as 15m
In GA, Too small: set the buffer length as 15m
In GA, Too small: set the buffer length as 15m
In GA, Too small: set the buffer length as 15m
In GA, Too small: set the buffer length as 15m
In GA, Too small: set the buffer length as 15m
In GA, Too small: set the buffer length as 15m
In GA, Too small: set the buffer length as 15m
In GA, Too small: set the buffer length as 15m
In GA, Too small: set the buffer length as 15m
In GA, Too small: set the buffer length as 15m
In GA, Too small: set the buffer length as 15m
In GA, Too small: set the buffer length as 15m
In GA, Too small: set the buffer length as 15m
In GA, Too small: set the buffer length as 15m
In GA, Too small: set the buffer length as 15m
In GA, Too small: set the buffer length as 15m
In GA, Too small: set the buffer length as 15m
In GA, Too small: set the buffer length as 15m
In GA, Too small: set the buffer length as 15m
In GA, Too small: set the buffer length as 15m
In GA, Too small: set the buffer length as 15m
In GA, Too small: set the buffer length as 15m
In GA, Too small: set the buffer length as 15m
In GA, Too small: set the buffer length as 15m
In GA, Too small: set the buffer length as 15m
In GA, Too small: set the buffer length as 15m
In GA, Too small: set the buffer length as 15m
In GA, Too small: set the buffer length as 15m
In GA, Too small: set the buffer length as 15m
In GA, Too small: set the buffer length as 15m
In GA, Too small: set the buffer length as 15m
In GA, Too small: set the buffer length as 15m
In GA, Too small: set the buffer length as 15m
In GA, Too small: set the buffer length as 15m
In GA, Too small: set the buffer length as 15m
In GA, Too small: set the buffer length as 15m
In GA, Too small: set the buffer length as 15m
In GA, Too small: set the buffer length as 15m
In GA, Too small: set the buffer length as 15m
In GA, Too small: set the buffer length as 15m
In GA, Too small: set the buffer length as 15m
In GA, Too small: set the buffer length as 15m
In GA, Too small: set the buffer length as 15m
In GA, Too small: set the buffer length as 15m
In GA, Too small: set the buffer length as 15m
In GA, Too small: set the buffer length as 15m
In GA, Too small: set the buffer length as 15m
In GA, Too small: set the buffer length as 15m
In GA, Too small: set the buffer length as 15m
In GA, Too small: set the buffer length as 15m
In GA, Too small: set the buffer length as 15m
In GA, Too small: set the buffer length as 15m
In GA, Too small: set the buffer length as 15m
In GA, Too small: set the buffer length as 15m
In GA, Too small: set the buffer length as 15m
In GA, Too small: set the buffer length as 15m
In GA, Too small: set the buffer length as 15m
In GA, Too small: set the buffer length as 15m
In GA, Too small: set the buffer length as 15m
In GA, Too small: set the buffer length as 15m
In GA, Too small: set the buffer length as 15m
In GA, Too small: set the buffer length as 15m
In GA, Too small: set the buffer length as 15m
In GA, Too small: set the buffer length as 15m
In GA, Too small: set the buffer length as 15m
In GA, Too small: set the buffer length as 15m
In GA, Too small: set the buffer length as 15m
In GA, Too small: set the buffer length as 15m
In GA, Too small: set the buffer length as 15m
In GA, Too small: set the buffer length as 15m
In GA, Too small: set the buffer length as 15m
In GA, Too small: set the buffer length as 15m
In GA, Too small: set the buffer length as 15m
In GA, Too small: set the buffer length as 15m
In GA, Too small: set the buffer length as 15m
In GA, Too small: set the buffer length as 15m
In GA, Too small: set the buffer length as 15m
In GA, Too small: set the buffer length as 15m
In GA, Too small: set the buffer length as 15m
In GA, Too small: set the buffer length as 15m
In GA, Too small: set the buffer length as 15m
In GA, Too small: set the buffer length as 15m
In GA, Too small: set the buffer length as 15m
In GA, Too small: set the buffer length as 15m
In GA, Too small: set the buffer length as 15m
In GA, Too small: set the buffer length as 15m
In GA, Too small: set the buffer length as 15m
In GA, Too small: set the buffer length as 15m
In GA, Too small: set the buffer length as 15m
In GA, Too small: set the buffer length as 15m
In GA, Too small: set the buffer length as 15m
In GA, Too small: set the buffer length as 15m
In GA, Too small: set the buffer length as 15m
In GA, Too small: set the buffer length as 15m
In GA, Too small: set the buffer length as 15m
In GA, Too small: set the buffer length as 15m
In GA, Too small: set the buffer length as 15m
In GA, Too small: set the buffer length as 15m
In GA, Too small: set the buffer length as 15m
In GA, Too small: set the buffer length as 15m
In GA, Too small: set the buffer length as 15m
In GA, Too small: set the buffer length as 15m
In GA, Too small: set the buffer length as 15m
In GA, Too small: set the buffer length as 15m
In GA, Too small: set the buffer length as 15m
In GA, Too small: set the buffer length as 15m
In GA, Too small: set the buffer length as 15m
In GA, Too small: set the buffer length as 15m
In GA, Too small: set the buffer length as 15m
In GA, Too small: set the buffer length as 15m
In GA, Too small: set the buffer length as 15m
In GA, Too small: set the buffer length as 15m
In GA, Too small: set the buffer length as 15m
In GA, Too small: set the buffer length as 15m
In GA, Too small: set the buffer length as 15m
In GA, Too small: set the buffer length as 15m
In GA, Too small: set the buffer length as 15m
In GA, Too small: set the buffer length as 15m
In GA, Too small: set the buffer length as 15m
In GA, Too small: set the buffer length as 15m
In GA, Too small: set the buffer length as 15m
In GA, Too small: set the buffer length as 15m
In GA, Too small: set the buffer length as 15m
In GA, Too small: set the buffer length as 15m
In GA, Too small: set the buffer length as 15m
In GA, Too small: set the buffer length as 15m
In GA, Too small: set the buffer length as 15m
In GA, Too small: set the buffer length as 15m
In GA, Too small: set the buffer length as 15m
In GA, Too small: set the buffer length as 15m
In GA, Too small: set the buffer length as 15m
In GA, Too small: set the buffer length as 15m
In GA, Too small: set the buffer length as 15m
In GA, Too small: set the buffer length as 15m
In GA, Too small: set the buffer length as 15m
In GA, Too small: set the buffer length as 15m
In GA, Too small: set the buffer length as 15m
In GA, Too small: set the buffer length as 15m
In GA, Too small: set the buffer length as 15m
In GA, Too small: set the buffer length as 15m
In GA, Too small: set the buffer length as 15m
In GA, Too small: set the buffer length as 15m
In GA, Too small: set the buffer length as 15m
In GA, Too small: set the buffer length as 15m
In GA, Too small: set the buffer length as 15m
In GA, Too small: set the buffer length as 15m
In GA, Too small: set the buffer length as 15m
In GA, Too small: set the buffer length as 15m
In GA, Too small: set the buffer length as 15m
In GA, Too small: set the buffer length as 15m
In GA, Too small: set the buffer length as 15m
In GA, Too small: set the buffer length as 15m
In GA, Too small: set the buffer length as 15m
In GA, Too small: set the buffer length as 15m
In GA, Too small: set the buffer length as 15m
In GA, Too small: set the buffer length as 15m
In GA, Too small: set the buffer length as 15m
In GA, Too small: set the buffer length as 15m
In GA, Too small: set the buffer length as 15m
In GA, Too small: set the buffer length as 15m
In GA, Too small: set the buffer length as 15m
In GA, Too small: set the buffer length as 15m
In GA, Too small: set the buffer length as 15m
In GA, Too small: set the buffer length as 15m
In GA, Too small: set the buffer length as 15m
In GA, Too small: set the buffer length as 15m
In GA, Too small: set the buffer length as 15m
In GA, Too small: set the buffer length as 15m
In GA, Too small: set the buffer length as 15m
In GA, Too small: set the buffer length as 15m
In GA, Too small: set the buffer length as 15m
In GA, Too small: set the buffer length as 15m
In GA, Too small: set the buffer length as 15m
In GA, Too small: set the buffer length as 15m
In GA, Too small: set the buffer length as 15m
In GA, Too small: set the buffer length as 15m
In GA, Too small: set the buffer length as 15m
In GA, Too small: set the buffer length as 15m
In GA, Too small: set the buffer length as 15m
In GA, Too small: set the buffer length as 15m
In GA, Too small: set the buffer length as 15m
In GA, Too small: set the buffer length as 15m
In GA, Too small: set the buffer length as 15m
In GA, Too small: set the buffer length as 15m
In GA, Too small: set the buffer length as 15m
In GA, Too small: set the buffer length as 15m
In GA, Too small: set the buffer length as 15m
In GA, Too small: set the buffer length as 15m
In GA, Too small: set the buffer length as 15m
In GA, Too small: set the buffer length as 15m
In GA, Too small: set the buffer length as 15m
In GA, Too small: set the buffer length as 15m
In GA, Too small: set the buffer length as 15m
In GA, Too small: set the buffer length as 15m
In GA, Too small: set the buffer length as 15m
In GA, Too small: set the buffer length as 15m
In GA, Too small: set the buffer length as 15m
In GA, Too small: set the buffer length as 15m
In GA, Too small: set the buffer length as 15m
In GA, Too small: set the buffer length as 15m
In GA, Too small: set the buffer length as 15m
In GA, Too small: set the buffer length as 15m
In GA, Too small: set the buffer length as 15m
In GA, Too small: set the buffer length as 15m
In GA, Too small: set the buffer length as 15m
In GA, Too small: set the buffer length as 15m
In GA, Too small: set the buffer length as 15m
In GA, Too small: set the buffer length as 15m
In GA, Too small: set the buffer length as 15m
In GA, Too small: set the buffer length as 15m
In GA, Too small: set the buffer length as 15m
In GA, Too small: set the buffer length as 15m
In GA, Too small: set the buffer length as 15m
In GA, Too small: set the buffer length as 15m
In GA, Too small: set the buffer length as 15m
In GA, Too small: set the buffer length as 15m
In GA, Too small: set the buffer length as 15m
In GA, Too small: set the buffer length as 15m
In GA, Too small: set the buffer length as 15m
In GA, Too small: set the buffer length as 15m
In GA, Too small: set the buffer length as 15m
In GA, Too small: set the buffer length as 15m
In GA, Too small: set the buffer length as 15m
In GA, Too small: set the buffer length as 15m
In GA, Too small: set the buffer length as 15m
In GA, Too small: set the buffer length as 15m
In GA, Too small: set the buffer length as 15m
In GA, Too small: set the buffer length as 15m
In GA, Too small: set the buffer length as 15m
In GA, Too small: set the buffer length as 15m
In GA, Too small: set the buffer length as 15m
In GA, Too small: set the buffer length as 15m
In GA, Too small: set the buffer length as 15m
In GA, Too small: set the buffer length as 15m
In GA, Too small: set the buffer length as 15m
In GA, Too small: set the buffer length as 15m
In GA, Too small: set the buffer length as 15m
In GA, Too small: set the buffer length as 15m
In GA, Too small: set the buffer length as 15m
In GA, Too small: set the buffer length as 15m
In GA, Too small: set the buffer length as 15m
In GA, Too small: set the buffer length as 15m
In GA, Too small: set the buffer length as 15m
In GA, Too small: set the buffer length as 15m
In GA, Too small: set the buffer length as 15m
In GA, Too small: set the buffer length as 15m
In GA, Too small: set the buffer length as 15m
In GA, Too small: set the buffer length as 15m
In GA, Too small: set the buffer length as 15m
In GA, Too small: set the buffer length as 15m
In GA, Too small: set the buffer length as 15m
In GA, Too small: set the buffer length as 15m
In GA, Too small: set the buffer length as 15m
In GA, Too small: set the buffer length as 15m
In GA, Too small: set the buffer length as 15m
In GA, Too small: set the buffer length as 15m
In GA, Too small: set the buffer length as 15m
In GA, Too small: set the buffer length as 15m
In GA, Too small: set the buffer length as 15m
In GA, Too small: set the buffer length as 15m
In GA, Too small: set the buffer length as 15m
In GA, Too small: set the buffer length as 15m
In GA, Too small: set the buffer length as 15m
In GA, Too small: set the buffer length as 15m
In GA, Too small: set the buffer length as 15m
In GA, Too small: set the buffer length as 15m
In GA, Too small: set the buffer length as 15m
In GA, Too small: set the buffer length as 15m
In GA, Too small: set the buffer length as 15m
In GA, Too small: set the buffer length as 15m
In GA, Too small: set the buffer length as 15m
In GA, Too small: set the buffer length as 15m
In GA, Too small: set the buffer length as 15m
In GA, Too small: set the buffer length as 15m
In GA, Too small: set the buffer length as 15m
In GA, Too small: set the buffer length as 15m
In GA, Too small: set the buffer length as 15m
In GA, Too small: set the buffer length as 15m
In GA, Too small: set the buffer length as 15m
In GA, Too small: set the buffer length as 15m
In GA, Too small: set the buffer length as 15m
In GA, Too small: set the buffer length as 15m
In GA, Too small: set the buffer length as 15m
In GA, Too small: set the buffer length as 15m
In GA, Too small: set the buffer length as 15m
In GA, Too small: set the buffer length as 15m
In GA, Too small: set the buffer length as 15m
In GA, Too small: set the buffer length as 15m
In GA, Too small: set the buffer length as 15m
In GA, Too small: set the buffer length as 15m
In GA, Too small: set the buffer length as 15m
In GA, Too small: set the buffer length as 15m
In GA, Too small: set the buffer length as 15m
In GA, Too small: set the buffer length as 15m
In GA, Too small: set the buffer length as 15m
In GA, Too small: set the buffer length as 15m
In GA, Too small: set the buffer length as 15m
In GA, Too small: set the buffer length as 15m
In GA, Too small: set the buffer length as 15m
In GA, Too small: set the buffer length as 15m
In GA, Too small: set the buffer length as 15m
In GA, Too small: set the buffer length as 15m
In GA, Too small: set the buffer length as 15m
In GA, Too small: set the buffer length as 15m
In GA, Too small: set the buffer length as 15m
In GA, Too small: set the buffer length as 15m
In GA, Too small: set the buffer length as 15m
In GA, Too small: set the buffer length as 15m
In GA, Too small: set the buffer length as 15m
In GA, Too small: set the buffer length as 15m
In GA, Too small: set the buffer length as 15m
In GA, Too small: set the buffer length as 15m
In GA, Too small: set the buffer length as 15m
In GA, Too small: set the buffer length as 15m
In GA, Too small: set the buffer length as 15m
In GA, Too small: set the buffer length as 15m
In GA, Too small: set the buffer length as 15m
In GA, Too small: set the buffer length as 15m
In GA, Too small: set the buffer length as 15m
In GA, Too small: set the buffer length as 15m
In GA, Too small: set the buffer length as 15m
In GA, Too small: set the buffer length as 15m
In GA, Too small: set the buffer length as 15m
In GA, Too small: set the buffer length as 15m
In GA, Too small: set the buffer length as 15m
In GA, Too small: set the buffer length as 15m
In GA, Too small: set the buffer length as 15m
In GA, Too small: set the buffer length as 15m
In GA, Too small: set the buffer length as 15m
In GA, Too small: set the buffer length as 15m
In GA, Too small: set the buffer length as 15m
In GA, Too small: set the buffer length as 15m
In GA, Too small: set the buffer length as 15m
In GA, Too small: set the buffer length as 15m
In GA, Too small: set the buffer length as 15m
In GA, Too small: set the buffer length as 15m
In GA, Too small: set the buffer length as 15m
In GA, Too small: set the buffer length as 15m
In GA, Too small: set the buffer length as 15m
In GA, Too small: set the buffer length as 15m
In GA, Too small: set the buffer length as 15m
In GA, Too small: set the buffer length as 15m
In GA, Too small: set the buffer length as 15m
In GA, Too small: set the buffer length as 15m
In GA, Too small: set the buffer length as 15m
In GA, Too small: set the buffer length as 15m
In GA, Too small: set the buffer length as 15m
In GA, Too small: set the buffer length as 15m
In GA, Too small: set the buffer length as 15m
In GA, Too small: set the buffer length as 15m
In GA, Too small: set the buffer length as 15m
In GA, Too small: set the buffer length as 15m
In GA, Too small: set the buffer length as 15m
In GA, Too small: set the buffer length as 15m
In GA, Too small: set the buffer length as 15m
In GA, Too small: set the buffer length as 15m
In GA, Too small: set the buffer length as 15m
In GA, Too small: set the buffer length as 15m
In GA, Too small: set the buffer length as 15m
In GA, Too small: set the buffer length as 15m
In GA, Too small: set the buffer length as 15m
In GA, Too small: set the buffer length as 15m
In GA, Too small: set the buffer length as 15m
In GA, Too small: set the buffer length as 15m
In GA, Too small: set the buffer length as 15m
In GA, Too small: set the buffer length as 15m
In GA, Too small: set the buffer length as 15m
In GA, Too small: set the buffer length as 15m
In GA, Too small: set the buffer length as 15m
In GA, Too small: set the buffer length as 15m
In GA, Too small: set the buffer length as 15m
In GA, Too small: set the buffer length as 15m
In GA, Too small: set the buffer length as 15m
In GA, Too small: set the buffer length as 15m
In GA, Too small: set the buffer length as 15m
In GA, Too small: set the buffer length as 15m
In GA, Too small: set the buffer length as 15m
In GA, Too small: set the buffer length as 15m
In GA, Too small: set the buffer length as 15m
In GA, Too small: set the buffer length as 15m
In GA, Too small: set the buffer length as 15m
In GA, Too small: set the buffer length as 15m
In GA, Too small: set the buffer length as 15m
In GA, Too small: set the buffer length as 15m
In GA, Too small: set the buffer length as 15m
In GA, Too small: set the buffer length as 15m
In GA, Too small: set the buffer length as 15m
In GA, Too small: set the buffer length as 15m
In GA, Too small: set the buffer length as 15m
In GA, Too small: set the buffer length as 15m
In GA, Too small: set the buffer length as 15m
In GA, Too small: set the buffer length as 15m
In GA, Too small: set the buffer length as 15m
In GA, Too small: set the buffer length as 15m
In GA, Too small: set the buffer length as 15m
In GA, Too small: set the buffer length as 15m
In GA, Too small: set the buffer length as 15m
In GA, Too small: set the buffer length as 15m
In GA, Too small: set the buffer length as 15m
In GA, Too small: set the buffer length as 15m
In GA, Too small: set the buffer length as 15m
In GA, Too small: set the buffer length as 15m
In GA, Too small: set the buffer length as 15m
In GA, Too small: set the buffer length as 15m
In GA, Too small: set the buffer length as 15m
In GA, Too small: set the buffer length as 15m
In GA, Too small: set the buffer length as 15m
In GA, Too small: set the buffer length as 15m
In GA, Too small: set the buffer length as 15m
In GA, Too small: set the buffer length as 15m
In GA, Too small: set the buffer length as 15m
In GA, Too small: set the buffer length as 15m
In GA, Too small: set the buffer length as 15m
In GA, Too small: set the buffer length as 15m
In GA, Too small: set the buffer length as 15m
In GA, Too small: set the buffer length as 15m
In GA, Too small: set the buffer length as 15m
In GA, Too small: set the buffer length as 15m
In GA, Too small: set the buffer length as 15m
In GA, Too small: set the buffer length as 15m
In GA, Too small: set the buffer length as 15m
In GA, Too small: set the buffer length as 15m
In GA, Too small: set the buffer length as 15m
In GA, Too small: set the buffer length as 15m
In GA, Too small: set the buffer length as 15m
In GA, Too small: set the buffer length as 15m
In GA, Too small: set the buffer length as 15m
In GA, Too small: set the buffer length as 15m
In GA, Too small: set the buffer length as 15m
In GA, Too small: set the buffer length as 15m
In GA, Too small: set the buffer length as 15m
In GA, Too small: set the buffer length as 15m
In GA, Too small: set the buffer length as 15m
In GA, Too small: set the buffer length as 15m
In GA, Too small: set the buffer length as 15m
In GA, Too small: set the buffer length as 15m
In GA, Too small: set the buffer length as 15m
In GA, Too small: set the buffer length as 15m
In GA, Too small: set the buffer length as 15m
In GA, Too small: set the buffer length as 15m
In GA, Too small: set the buffer length as 15m
In GA, Too small: set the buffer length as 15m
In GA, Too small: set the buffer length as 15m
In GA, Too small: set the buffer length as 15m
In GA, Too small: set the buffer length as 15m
In GA, Too small: set the buffer length as 15m
In GA, Too small: set the buffer length as 15m
In GA, Too small: set the buffer length as 15m
In GA, Too small: set the buffer length as 15m
In GA, Too small: set the buffer length as 15m
In GA, Too small: set the buffer length as 15m
In GA, Too small: set the buffer length as 15m
In GA, Too small: set the buffer length as 15m
In GA, Too small: set the buffer length as 15m
In GA, Too small: set the buffer length as 15m
In GA, Too small: set the buffer length as 15m
In GA, Too small: set the buffer length as 15m
In GA, Too small: set the buffer length as 15m
In GA, Too small: set the buffer length as 15m
In GA, Too small: set the buffer length as 15m
In GA, Too small: set the buffer length as 15m
In GA, Too small: set the buffer length as 15m
In GA, Too small: set the buffer length as 15m
In GA, Too small: set the buffer length as 15m
In GA, Too small: set the buffer length as 15m
In GA, Too small: set the buffer length as 15m
In GA, Too small: set the buffer length as 15m
In GA, Too small: set the buffer length as 15m
In GA, Too small: set the buffer length as 15m
In GA, Too small: set the buffer length as 15m
In GA, Too small: set the buffer length as 15m
In GA, Too small: set the buffer length as 15m
In GA, Too small: set the buffer length as 15m
In GA, Too small: set the buffer length as 15m
In GA, Too small: set the buffer length as 15m
In GA, Too small: set the buffer length as 15m
In GA, Too small: set the buffer length as 15m
In GA, Too small: set the buffer length as 15m
In GA, Too small: set the buffer length as 15m
In GA, Too small: set the buffer length as 15m
In GA, Too small: set the buffer length as 15m
In GA, Too small: set the buffer length as 15m
In GA, Too small: set the buffer length as 15m
In GA, Too small: set the buffer length as 15m
In GA, Too small: set the buffer length as 15m
In GA, Too small: set the buffer length as 15m
In GA, Too small: set the buffer length as 15m
In GA, Too small: set the buffer length as 15m
In GA, Too small: set the buffer length as 15m
In GA, Too small: set the buffer length as 15m
In GA, Too small: set the buffer length as 15m
In GA, Too small: set the buffer length as 15m
In GA, Too small: set the buffer length as 15m
In GA, Too small: set the buffer length as 15m
In GA, Too small: set the buffer length as 15m
In GA, Too small: set the buffer length as 15m
In GA, Too small: set the buffer length as 15m
In GA, Too small: set the buffer length as 15m
In GA, Too small: set the buffer length as 15m
In GA, Too small: set the buffer length as 15m
In GA, Too small: set the buffer length as 15m
In GA, Too small: set the buffer length as 15m
In GA, Too small: set the buffer length as 15m
In GA, Too small: set the buffer length as 15m
In GA, Too small: set the buffer length as 15m
In GA, Too small: set the buffer length as 15m
In GA, Too small: set the buffer length as 15m
In GA, Too small: set the buffer length as 15m
In GA, Too small: set the buffer length as 15m
In GA, Too small: set the buffer length as 15m
In GA, Too small: set the buffer length as 15m
In GA, Too small: set the buffer length as 15m
In GA, Too small: set the buffer length as 15m
In GA, Too small: set the buffer length as 15m
In GA, Too small: set the buffer length as 15m
In GA, Too small: set the buffer length as 15m
In GA, Too small: set the buffer length as 15m
In GA, Too small: set the buffer length as 15m
In GA, Too small: set the buffer length as 15m
In GA, Too small: set the buffer length as 15m
In GA, Too small: set the buffer length as 15m
In GA, Too small: set the buffer length as 15m
In GA, Too small: set the buffer length as 15m
In GA, Too small: set the buffer length as 15m
In GA, Too small: set the buffer length as 15m
In GA, Too small: set the buffer length as 15m
In GA, Too small: set the buffer length as 15m
In GA, Too small: set the buffer length as 15m
In GA, Too small: set the buffer length as 15m
In GA, Too small: set the buffer length as 15m
In GA, Too small: set the buffer length as 15m
In GA, Too small: set the buffer length as 15m
In GA, Too small: set the buffer length as 15m
In GA, Too small: set the buffer length as 15m
In GA, Too small: set the buffer length as 15m
In GA, Too small: set the buffer length as 15m
In GA, Too small: set the buffer length as 15m
In GA, Too small: set the buffer length as 15m
In GA, Too small: set the buffer length as 15m
In GA, Too small: set the buffer length as 15m
In GA, Too small: set the buffer length as 15m
In GA, Too small: set the buffer length as 15m
In GA, Too small: set the buffer length as 15m
In GA, Too small: set the buffer length as 15m
In GA, Too small: set the buffer length as 15m
In GA, Too small: set the buffer length as 15m
In GA, Too small: set the buffer length as 15m
In GA, Too small: set the buffer length as 15m
In GA, Too small: set the buffer length as 15m
In GA, Too small: set the buffer length as 15m
In GA, Too small: set the buffer length as 15m
In GA, Too small: set the buffer length as 15m
In GA, Too small: set the buffer length as 15m
In GA, Too small: set the buffer length as 15m
In GA, Too small: set the buffer length as 15m
In GA, Too small: set the buffer length as 15m
In GA, Too small: set the buffer length as 15m
In GA, Too small: set the buffer length as 15m
In GA, Too small: set the buffer length as 15m
In GA, Too small: set the buffer length as 15m
In GA, Too small: set the buffer length as 15m
In GA, Too small: set the buffer length as 15m
In GA, Too small: set the buffer length as 15m
In GA, Too small: set the buffer length as 15m
In GA, Too small: set the buffer length as 15m
In GA, Too small: set the buffer length as 15m
In GA, Too small: set the buffer length as 15m
In GA, Too small: set the buffer length as 15m
In GA, Too small: set the buffer length as 15m
In GA, Too small: set the buffer length as 15m
In GA, Too small: set the buffer length as 15m
In GA, Too small: set the buffer length as 15m
In GA, Too small: set the buffer length as 15m
In GA, Too small: set the buffer length as 15m
In GA, Too small: set the buffer length as 15m
In GA, Too small: set the buffer length as 15m
In GA, Too small: set the buffer length as 15m
In GA, Too small: set the buffer length as 15m
In GA, Too small: set the buffer length as 15m
In GA, Too small: set the buffer length as 15m
In GA, Too small: set the buffer length as 15m
In GA, Too small: set the buffer length as 15m
In GA, Too small: set the buffer length as 15m
In GA, Too small: set the buffer length as 15m
In GA, Too small: set the buffer length as 15m
In GA, Too small: set the buffer length as 15m
In GA, Too small: set the buffer length as 15m
In GA, Too small: set the buffer length as 15m
In GA, Too small: set the buffer length as 15m
In GA, Too small: set the buffer length as 15m
In GA, Too small: set the buffer length as 15m
In GA, Too small: set the buffer length as 15m
In GA, Too small: set the buffer length as 15m
In GA, Too small: set the buffer length as 15m
In GA, Too small: set the buffer length as 15m
In GA, Too small: set the buffer length as 15m
In GA, Too small: set the buffer length as 15m
In GA, Too small: set the buffer length as 15m
In GA, Too small: set the buffer length as 15m
In GA, Too small: set the buffer length as 15m
In GA, Too small: set the buffer length as 15m
In GA, Too small: set the buffer length as 15m
In GA, Too small: set the buffer length as 15m
In GA, Too small: set the buffer length as 15m
In GA, Too small: set the buffer length as 15m
In GA, Too small: set the buffer length as 15m
In GA, Too small: set the buffer length as 15m
In GA, Too small: set the buffer length as 15m
In GA, Too small: set the buffer length as 15m
In GA, Too small: set the buffer length as 15m
In GA, Too small: set the buffer length as 15m
In GA, Too small: set the buffer length as 15m
In GA, Too small: set the buffer length as 15m
In GA, Too small: set the buffer length as 15m
In GA, Too small: set the buffer length as 15m
In GA, Too small: set the buffer length as 15m
In GA, Too small: set the buffer length as 15m
In GA, Too small: set the buffer length as 15m
In GA, Too small: set the buffer length as 15m
In GA, Too small: set the buffer length as 15m
In GA, Too small: set the buffer length as 15m
In GA, Too small: set the buffer length as 15m
In GA, Too small: set the buffer length as 15m
In GA, Too small: set the buffer length as 15m
In GA, Too small: set the buffer length as 15m
In GA, Too small: set the buffer length as 15m
In GA, Too small: set the buffer length as 15m
In GA, Too small: set the buffer length as 15m
In GA, Too small: set the buffer length as 15m
In GA, Too small: set the buffer length as 15m
In GA, Too small: set the buffer length as 15m
In GA, Too small: set the buffer length as 15m
In GA, Too small: set the buffer length as 15m
In GA, Too small: set the buffer length as 15m
In GA, Too small: set the buffer length as 15m
In GA, Too small: set the buffer length as 15m
In GA, Too small: set the buffer length as 15m
In GA, Too small: set the buffer length as 15m
In GA, Too small: set the buffer length as 15m
In GA, Too small: set the buffer length as 15m
In GA, Too small: set the buffer length as 15m
In GA, Too small: set the buffer length as 15m
In GA, Too small: set the buffer length as 15m
In GA, Too small: set the buffer length as 15m
In GA, Too small: set the buffer length as 15m
In GA, Too small: set the buffer length as 15m
In GA, Too small: set the buffer length as 15m
In GA, Too small: set the buffer length as 15m
In GA, Too small: set the buffer length as 15m
In GA, Too small: set the buffer length as 15m
In GA, Too small: set the buffer length as 15m
In GA, Too small: set the buffer length as 15m
In GA, Too small: set the buffer length as 15m
In GA, Too small: set the buffer length as 15m
In GA, Too small: set the buffer length as 15m
In GA, Too small: set the buffer length as 15m
In GA, Too small: set the buffer length as 15m
In GA, Too small: set the buffer length as 15m
In GA, Too small: set the buffer length as 15m
In GA, Too small: set the buffer length as 15m
In GA, Too small: set the buffer length as 15m
In GA, Too small: set the buffer length as 15m
In GA, Too small: set the buffer length as 15m
In GA, Too small: set the buffer length as 15m
In GA, Too small: set the buffer length as 15m
In GA, Too small: set the buffer length as 15m
In GA, Too small: set the buffer length as 15m
In GA, Too small: set the buffer length as 15m
In GA, Too small: set the buffer length as 15m
In GA, Too small: set the buffer length as 15m
In GA, Too small: set the buffer length as 15m
In GA, Too small: set the buffer length as 15m
In GA, Too small: set the buffer length as 15m
In GA, Too small: set the buffer length as 15m
In GA, Too small: set the buffer length as 15m
In GA, Too small: set the buffer length as 15m
In GA, Too small: set the buffer length as 15m
In GA, Too small: set the buffer length as 15m
In GA, Too small: set the buffer length as 15m
In GA, Too small: set the buffer length as 15m
In GA, Too small: set the buffer length as 15m
In GA, Too small: set the buffer length as 15m
In GA, Too small: set the buffer length as 15m
In GA, Too small: set the buffer length as 15m
In GA, Too small: set the buffer length as 15m
In GA, Too small: set the buffer length as 15m
In GA, Too small: set the buffer length as 15m
In GA, Too small: set the buffer length as 15m
In GA, Too small: set the buffer length as 15m
In GA, Too small: set the buffer length as 15m
In GA, Too small: set the buffer length as 15m
In GA, Too small: set the buffer length as 15m
In GA, Too small: set the buffer length as 15m
In GA, Too small: set the buffer length as 15m
In GA, Too small: set the buffer length as 15m
In GA, Too small: set the buffer length as 15m
In GA, Too small: set the buffer length as 15m
In GA, Too small: set the buffer length as 15m
In GA, Too small: set the buffer length as 15m
In GA, Too small: set the buffer length as 15m
In GA, Too small: set the buffer length as 15m
In GA, Too small: set the buffer length as 15m
In GA, Too small: set the buffer length as 15m
In GA, Too small: set the buffer length as 15m
In GA, Too small: set the buffer length as 15m
In GA, Too small: set the buffer length as 15m
In GA, Too small: set the buffer length as 15m
In GA, Too small: set the buffer length as 15m
In GA, Too small: set the buffer length as 15m
In GA, Too small: set the buffer length as 15m
In GA, Too small: set the buffer length as 15m
In GA, Too small: set the buffer length as 15m
In GA, Too small: set the buffer length as 15m
In GA, Too small: set the buffer length as 15m
In GA, Too small: set the buffer length as 15m
In GA, Too small: set the buffer length as 15m
In GA, Too small: set the buffer length as 15m
In GA, Too small: set the buffer length as 15m
In GA, Too small: set the buffer length as 15m
In GA, Too small: set the buffer length as 15m
In GA, Too small: set the buffer length as 15m
In GA, Too small: set the buffer length as 15m
In GA, Too small: set the buffer length as 15m
In GA, Too small: set the buffer length as 15m
In GA, Too small: set the buffer length as 15m
In GA, Too small: set the buffer length as 15m
In GA, Too small: set the buffer length as 15m
In GA, Too small: set the buffer length as 15m
In GA, Too small: set the buffer length as 15m
In GA, Too small: set the buffer length as 15m
In GA, Too small: set the buffer length as 15m
In GA, Too small: set the buffer length as 15m
In GA, Too small: set the buffer length as 15m
In GA, Too small: set the buffer length as 15m
In GA, Too small: set the buffer length as 15m
In GA, Too small: set the buffer length as 15m
In GA, Too small: set the buffer length as 15m
In GA, Too small: set the buffer length as 15m
In GA, Too small: set the buffer length as 15m
In GA, Too small: set the buffer length as 15m
In GA, Too small: set the buffer length as 15m
In GA, Too small: set the buffer length as 15m
In GA, Too small: set the buffer length as 15m
In GA, Too small: set the buffer length as 15m
In GA, Too small: set the buffer length as 15m
In GA, Too small: set the buffer length as 15m
In GA, Too small: set the buffer length as 15m
In GA, Too small: set the buffer length as 15m
In GA, Too small: set the buffer length as 15m
In GA, Too small: set the buffer length as 15m
In GA, Too small: set the buffer length as 15m
In GA, Too small: set the buffer length as 15m
In GA, Too small: set the buffer length as 15m
In GA, Too small: set the buffer length as 15m
In GA, Too small: set the buffer length as 15m
In GA, Too small: set the buffer length as 15m
In GA, Too small: set the buffer length as 15m
In GA, Too small: set the buffer length as 15m
In GA, Too small: set the buffer length as 15m
In GA, Too small: set the buffer length as 15m
In GA, Too small: set the buffer length as 15m
In GA, Too small: set the buffer length as 15m
In GA, Too small: set the buffer length as 15m
In GA, Too small: set the buffer length as 15m
In GA, Too small: set the buffer length as 15m
In GA, Too small: set the buffer length as 15m
In GA, Too small: set the buffer length as 15m
In GA, Too small: set the buffer length as 15m
In GA, Too small: set the buffer length as 15m
In GA, Too small: set the buffer length as 15m
In GA, Too small: set the buffer length as 15m
In GA, Too small: set the buffer length as 15m
In GA, Too small: set the buffer length as 15m
In GA, Too small: set the buffer length as 15m
In GA, Too small: set the buffer length as 15m
In GA, Too small: set the buffer length as 15m
In GA, Too small: set the buffer length as 15m
In GA, Too small: set the buffer length as 15m
In GA, Too small: set the buffer length as 15m
In GA, Too small: set the buffer length as 15m
In GA, Too small: set the buffer length as 15m
In GA, Too small: set the buffer length as 15m
In GA, Too small: set the buffer length as 15m
In GA, Too small: set the buffer length as 15m
In GA, Too small: set the buffer length as 15m
In GA, Too small: set the buffer length as 15m
In GA, Too small: set the buffer length as 15m
In GA, Too small: set the buffer length as 15m
In GA, Too small: set the buffer length as 15m
In GA, Too small: set the buffer length as 15m
In GA, Too small: set the buffer length as 15m
In GA, Too small: set the buffer length as 15m
In GA, Too small: set the buffer length as 15m
In GA, Too small: set the buffer length as 15m
In GA, Too small: set the buffer length as 15m
In GA, Too small: set the buffer length as 15m
In GA, Too small: set the buffer length as 15m
In GA, Too small: set the buffer length as 15m
In GA, Too small: set the buffer length as 15m
In GA, Too small: set the buffer length as 15m
In GA, Too small: set the buffer length as 15m
In GA, Too small: set the buffer length as 15m
In GA, Too small: set the buffer length as 15m
In GA, Too small: set the buffer length as 15m
In GA, Too small: set the buffer length as 15m
In GA, Too small: set the buffer length as 15m
In GA, Too small: set the buffer length as 15m
In GA, Too small: set the buffer length as 15m
In GA, Too small: set the buffer length as 15m
In GA, Too small: set the buffer length as 15m
In GA, Too small: set the buffer length as 15m
In GA, Too small: set the buffer length as 15m
In GA, Too small: set the buffer length as 15m
In GA, Too small: set the buffer length as 15m
In GA, Too small: set the buffer length as 15m
In GA, Too small: set the buffer length as 15m
In GA, Too small: set the buffer length as 15m
In GA, Too small: set the buffer length as 15m
In GA, Too small: set the buffer length as 15m
In GA, Too small: set the buffer length as 15m
In GA, Too small: set the buffer length as 15m
In GA, Too small: set the buffer length as 15m
In GA, Too small: set the buffer length as 15m
In GA, Too small: set the buffer length as 15m
In GA, Too small: set the buffer length as 15m
In GA, Too small: set the buffer length as 15m
In GA, Too small: set the buffer length as 15m
In GA, Too small: set the buffer length as 15m
In GA, Too small: set the buffer length as 15m
In GA, Too small: set the buffer length as 15m
In GA, Too small: set the buffer length as 15m
In GA, Too small: set the buffer length as 15m
In GA, Too small: set the buffer length as 15m
In GA, Too small: set the buffer length as 15m
In GA, Too small: set the buffer length as 15m
In GA, Too small: set the buffer length as 15m
In GA, Too small: set the buffer length as 15m
In GA, Too small: set the buffer length as 15m
In GA, Too small: set the buffer length as 15m
In GA, Too small: set the buffer length as 15m
In GA, Too small: set the buffer length as 15m
In GA, Too small: set the buffer length as 15m
In GA, Too small: set the buffer length as 15m
In GA, Too small: set the buffer length as 15m
In GA, Too small: set the buffer length as 15m
In GA, Too small: set the buffer length as 15m
In GA, Too small: set the buffer length as 15m
In GA, Too small: set the buffer length as 15m
In GA, Too small: set the buffer length as 15m
In GA, Too small: set the buffer length as 15m
In GA, Too small: set the buffer length as 15m
In GA, Too small: set the buffer length as 15m
In GA, Too small: set the buffer length as 15m
In GA, Too small: set the buffer length as 15m
In GA, Too small: set the buffer length as 15m
In GA, Too small: set the buffer length as 15m
In GA, Too small: set the buffer length as 15m
In GA, Too small: set the buffer length as 15m
In GA, Too small: set the buffer length as 15m
In GA, Too small: set the buffer length as 15m
In GA, Too small: set the buffer length as 15m
In GA, Too small: set the buffer length as 15m
In GA, Too small: set the buffer length as 15m
In GA, Too small: set the buffer length as 15m
In GA, Too small: set the buffer length as 15m
In GA, Too small: set the buffer length as 15m
In GA, Too small: set the buffer length as 15m
In GA, Too small: set the buffer length as 15m
In GA, Too small: set the buffer length as 15m
In GA, Too small: set the buffer length as 15m
In GA, Too small: set the buffer length as 15m
In GA, Too small: set the buffer length as 15m
In GA, Too small: set the buffer length as 15m
In GA, Too small: set the buffer length as 15m
In GA, Too small: set the buffer length as 15m
In GA, Too small: set the buffer length as 15m
In GA, Too small: set the buffer length as 15m
In GA, Too small: set the buffer length as 15m
In GA, Too small: set the buffer length as 15m
In GA, Too small: set the buffer length as 15m
In GA, Too small: set the buffer length as 15m
In GA, Too small: set the buffer length as 15m
In GA, Too small: set the buffer length as 15m
In GA, Too small: set the buffer length as 15m
In GA, Too small: set the buffer length as 15m
In GA, Too small: set the buffer length as 15m
In GA, Too small: set the buffer length as 15m
In GA, Too small: set the buffer length as 15m
In GA, Too small: set the buffer length as 15m
In GA, Too small: set the buffer length as 15m
In GA, Too small: set the buffer length as 15m
In GA, Too small: set the buffer length as 15m
In GA, Too small: set the buffer length as 15m
In GA, Too small: set the buffer length as 15m
In GA, Too small: set the buffer length as 15m
In GA, Too small: set the buffer length as 15m
In GA, Too small: set the buffer length as 15m
In GA, Too small: set the buffer length as 15m
In GA, Too small: set the buffer length as 15m
In GA, Too small: set the buffer length as 15m
In GA, Too small: set the buffer length as 15m
In GA, Too small: set the buffer length as 15m
In GA, Too small: set the buffer length as 15m
In GA, Too small: set the buffer length as 15m
In GA, Too small: set the buffer length as 15m
In GA, Too small: set the buffer length as 15m
In GA, Too small: set the buffer length as 15m
In GA, Too small: set the buffer length as 15m
In GA, Too small: set the buffer length as 15m
In GA, Too small: set the buffer length as 15m
In GA, Too small: set the buffer length as 15m
In GA, Too small: set the buffer length as 15m
In GA, Too small: set the buffer length as 15m
In GA, Too small: set the buffer length as 15m
In GA, Too small: set the buffer length as 15m
In GA, Too small: set the buffer length as 15m
In GA, Too small: set the buffer length as 15m
In GA, Too small: set the buffer length as 15m
In GA, Too small: set the buffer length as 15m
In GA, Too small: set the buffer length as 15m
In GA, Too small: set the buffer length as 15m
In GA, Too small: set the buffer length as 15m
In GA, Too small: set the buffer length as 15m
In GA, Too small: set the buffer length as 15m
In GA, Too small: set the buffer length as 15m
In GA, Too small: set the buffer length as 15m
In GA, Too small: set the buffer length as 15m
In GA, Too small: set the buffer length as 15m
In GA, Too small: set the buffer length as 15m
In GA, Too small: set the buffer length as 15m
In GA, Too small: set the buffer length as 15m
In GA, Too small: set the buffer length as 15m
In GA, Too small: set the buffer length as 15m
In GA, Too small: set the buffer length as 15m
In GA, Too small: set the buffer length as 15m
In GA, Too small: set the buffer length as 15m
In GA, Too small: set the buffer length as 15m
In GA, Too small: set the buffer length as 15m
In GA, Too small: set the buffer length as 15m
In GA, Too small: set the buffer length as 15m
In GA, Too small: set the buffer length as 15m
In GA, Too small: set the buffer length as 15m
In GA, Too small: set the buffer length as 15m
In GA, Too small: set the buffer length as 15m
In GA, Too small: set the buffer length as 15m
In GA, Too small: set the buffer length as 15m
In GA, Too small: set the buffer length as 15m
In GA, Too small: set the buffer length as 15m
In GA, Too small: set the buffer length as 15m
In GA, Too small: set the buffer length as 15m
In GA, Too small: set the buffer length as 15m
In GA, Too small: set the buffer length as 15m
In GA, Too small: set the buffer length as 15m
In GA, Too small: set the buffer length as 15m
In GA, Too small: set the buffer length as 15m
In GA, Too small: set the buffer length as 15m
In GA, Too small: set the buffer length as 15m
In GA, Too small: set the buffer length as 15m
In GA, Too small: set the buffer length as 15m
In GA, Too small: set the buffer length as 15m
In GA, Too small: set the buffer length as 15m
In GA, Too small: set the buffer length as 15m
In GA, Too small: set the buffer length as 15m
In GA, Too small: set the buffer length as 15m
In GA, Too small: set the buffer length as 15m
In GA, Too small: set the buffer length as 15m
In GA, Too small: set the buffer length as 15m
In GA, Too small: set the buffer length as 15m
In GA, Too small: set the buffer length as 15m
In GA, Too small: set the buffer length as 15m
In GA, Too small: set the buffer length as 15m
In GA, Too small: set the buffer length as 15m
In GA, Too small: set the buffer length as 15m
In GA, Too small: set the buffer length as 15m
In GA, Too small: set the buffer length as 15m
In GA, Too small: set the buffer length as 15m
In GA, Too small: set the buffer length as 15m
In GA, Too small: set the buffer length as 15m
In GA, Too small: set the buffer length as 15m
In GA, Too small: set the buffer length as 15m
In GA, Too small: set the buffer length as 15m
In GA, Too small: set the buffer length as 15m
In GA, Too small: set the buffer length as 15m
In GA, Too small: set the buffer length as 15m
In GA, Too small: set the buffer length as 15m
In GA, Too small: set the buffer length as 15m
In GA, Too small: set the buffer length as 15m
In GA, Too small: set the buffer length as 15m
In GA, Too small: set the buffer length as 15m
In GA, Too small: set the buffer length as 15m
In GA, Too small: set the buffer length as 15m
In GA, Too small: set the buffer length as 15m
In GA, Too small: set the buffer length as 15m
In GA, Too small: set the buffer length as 15m
In GA, Too small: set the buffer length as 15m
In GA, Too small: set the buffer length as 15m
In GA, Too small: set the buffer length as 15m
In GA, Too small: set the buffer length as 15m
In GA, Too small: set the buffer length as 15m
In GA, Too small: set the buffer length as 15m
In GA, Too small: set the buffer length as 15m
In GA, Too small: set the buffer length as 15m
In GA, Too small: set the buffer length as 15m
In GA, Too small: set the buffer length as 15m
In GA, Too small: set the buffer length as 15m
In GA, Too small: set the buffer length as 15m
In GA, Too small: set the buffer length as 15m
In GA, Too small: set the buffer length as 15m
In GA, Too small: set the buffer length as 15m
In GA, Too small: set the buffer length as 15m
In GA, Too small: set the buffer length as 15m
In GA, Too small: set the buffer length as 15m
In GA, Too small: set the buffer length as 15m
In GA, Too small: set the buffer length as 15m
In GA, Too small: set the buffer length as 15m
In GA, Too small: set the buffer length as 15m
In GA, Too small: set the buffer length as 15m
In GA, Too small: set the buffer length as 15m
In GA, Too small: set the buffer length as 15m
In GA, Too small: set the buffer length as 15m
In GA, Too small: set the buffer length as 15m
In GA, Too small: set the buffer length as 15m
In GA, Too small: set the buffer length as 15m
In GA, Too small: set the buffer length as 15m
In GA, Too small: set the buffer length as 15m
In GA, Too small: set the buffer length as 15m
In GA, Too small: set the buffer length as 15m
In GA, Too small: set the buffer length as 15m
In GA, Too small: set the buffer length as 15m
In GA, Too small: set the buffer length as 15m
In GA, Too small: set the buffer length as 15m
In GA, Too small: set the buffer length as 15m
In GA, Too small: set the buffer length as 15m
In GA, Too small: set the buffer length as 15m
In GA, Too small: set the buffer length as 15m
In GA, Too small: set the buffer length as 15m
In GA, Too small: set the buffer length as 15m
In GA, Too small: set the buffer length as 15m
In GA, Too small: set the buffer length as 15m
In GA, Too small: set the buffer length as 15m
In GA, Too small: set the buffer length as 15m
In GA, Too small: set the buffer length as 15m
In GA, Too small: set the buffer length as 15m
In GA, Too small: set the buffer length as 15m
In GA, Too small: set the buffer length as 15m
In GA, Too small: set the buffer length as 15m
In GA, Too small: set the buffer length as 15m
In GA, Too small: set the buffer length as 15m
In GA, Too small: set the buffer length as 15m
In GA, Too small: set the buffer length as 15m
In GA, Too small: set the buffer length as 15m
In GA, Too small: set the buffer length as 15m
In GA, Too small: set the buffer length as 15m
In GA, Too small: set the buffer length as 15m
In GA, Too small: set the buffer length as 15m
In GA, Too small: set the buffer length as 15m
In GA, Too small: set the buffer length as 15m
In GA, Too small: set the buffer length as 15m
In GA, Too small: set the buffer length as 15m
In GA, Too small: set the buffer length as 15m
In GA, Too small: set the buffer length as 15m
In GA, Too small: set the buffer length as 15m
In GA, Too small: set the buffer length as 15m
In GA, Too small: set the buffer length as 15m
In GA, Too small: set the buffer length as 15m
In GA, Too small: set the buffer length as 15m
In GA, Too small: set the buffer length as 15m
In GA, Too small: set the buffer length as 15m
In GA, Too small: set the buffer length as 15m
In GA, Too small: set the buffer length as 15m
In GA, Too small: set the buffer length as 15m
In GA, Too small: set the buffer length as 15m
In GA, Too small: set the buffer length as 15m
In GA, Too small: set the buffer length as 15m
In GA, Too small: set the buffer length as 15m
In GA, Too small: set the buffer length as 15m
In GA, Too small: set the buffer length as 15m
In GA, Too small: set the buffer length as 15m
In GA, Too small: set the buffer length as 15m
In GA, Too small: set the buffer length as 15m
In GA, Too small: set the buffer length as 15m
In GA, Too small: set the buffer length as 15m
In GA, Too small: set the buffer length as 15m
In GA, Too small: set the buffer length as 15m
In GA, Too small: set the buffer length as 15m
In GA, Too small: set the buffer length as 15m
In GA, Too small: set the buffer length as 15m
In GA, Too small: set the buffer length as 15m
In GA, Too small: set the buffer length as 15m
In GA, Too small: set the buffer length as 15m
In GA, Too small: set the buffer length as 15m
In GA, Too small: set the buffer length as 15m
In GA, Too small: set the buffer length as 15m
In GA, Too small: set the buffer length as 15m
In GA, Too small: set the buffer length as 15m
In GA, Too small: set the buffer length as 15m
In GA, Too small: set the buffer length as 15m
In GA, Too small: set the buffer length as 15m
In GA, Too small: set the buffer length as 15m
In GA, Too small: set the buffer length as 15m
In GA, Too small: set the buffer length as 15m
In GA, Too small: set the buffer length as 15m
In GA, Too small: set the buffer length as 15m
In GA, Too small: set the buffer length as 15m
In GA, Too small: set the buffer length as 15m
In GA, Too small: set the buffer length as 15m
In GA, Too small: set the buffer length as 15m
In GA, Too small: set the buffer length as 15m
In GA, Too small: set the buffer length as 15m
In GA, Too small: set the buffer length as 15m
In GA, Too small: set the buffer length as 15m
In GA, Too small: set the buffer length as 15m
In GA, Too small: set the buffer length as 15m
In GA, Too small: set the buffer length as 15m
In GA, Too small: set the buffer length as 15m
In GA, Too small: set the buffer length as 15m
In GA, Too small: set the buffer length as 15m
In GA, Too small: set the buffer length as 15m
In GA, Too small: set the buffer length as 15m
In GA, Too small: set the buffer length as 15m
In GA, Too small: set the buffer length as 15m
In GA, Too small: set the buffer length as 15m
In GA, Too small: set the buffer length as 15m
In GA, Too small: set the buffer length as 15m
In GA, Too small: set the buffer length as 15m
In GA, Too small: set the buffer length as 15m
In GA, Too small: set the buffer length as 15m
In GA, Too small: set the buffer length as 15m
In GA, Too small: set the buffer length as 15m
In GA, Too small: set the buffer length as 15m
In GA, Too small: set the buffer length as 15m
In GA, Too small: set the buffer length as 15m
In GA, Too small: set the buffer length as 15m
In GA, Too small: set the buffer length as 15m
In GA, Too small: set the buffer length as 15m
In GA, Too small: set the buffer length as 15m
In GA, Too small: set the buffer length as 15m
In GA, Too small: set the buffer length as 15m
In GA, Too small: set the buffer length as 15m
In GA, Too small: set the buffer length as 15m
In GA, Too small: set the buffer length as 15m
In GA, Too small: set the buffer length as 15m
In GA, Too small: set the buffer length as 15m
In GA, Too small: set the buffer length as 15m
In GA, Too small: set the buffer length as 15m
In GA, Too small: set the buffer length as 15m
In GA, Too small: set the buffer length as 15m
In GA, Too small: set the buffer length as 15m
In GA, Too small: set the buffer length as 15m
In GA, Too small: set the buffer length as 15m
In GA, Too small: set the buffer length as 15m
In GA, Too small: set the buffer length as 15m
In GA, Too small: set the buffer length as 15m
In GA, Too small: set the buffer length as 15m
In GA, Too small: set the buffer length as 15m
In GA, Too small: set the buffer length as 15m
In GA, Too small: set the buffer length as 15m
In GA, Too small: set the buffer length as 15m
In GA, Too small: set the buffer length as 15m
In GA, Too small: set the buffer length as 15m
In GA, Too small: set the buffer length as 15m
In GA, Too small: set the buffer length as 15m
In GA, Too small: set the buffer length as 15m
In GA, Too small: set the buffer length as 15m
In GA, Too small: set the buffer length as 15m
In GA, Too small: set the buffer length as 15m
In GA, Too small: set the buffer length as 15m
In GA, Too small: set the buffer length as 15m
In GA, Too small: set the buffer length as 15m
In GA, Too small: set the buffer length as 15m
In GA, Too small: set the buffer length as 15m
In GA, Too small: set the buffer length as 15m
In GA, Too small: set the buffer length as 15m
In GA, Too small: set the buffer length as 15m
In GA, Too small: set the buffer length as 15m
In GA, Too small: set the buffer length as 15m
In GA, Too small: set the buffer length as 15m
In GA, Too small: set the buffer length as 15m
In GA, Too small: set the buffer length as 15m
In GA, Too small: set the buffer length as 15m
In GA, Too small: set the buffer length as 15m
In GA, Too small: set the buffer length as 15m
In GA, Too small: set the buffer length as 15m
In GA, Too small: set the buffer length as 15m
In GA, Too small: set the buffer length as 15m
In GA, Too small: set the buffer length as 15m
In GA, Too small: set the buffer length as 15m
In GA, Too small: set the buffer length as 15m
In GA, Too small: set the buffer length as 15m
In GA, Too small: set the buffer length as 15m
In GA, Too small: set the buffer length as 15m
In GA, Too small: set the buffer length as 15m
In GA, Too small: set the buffer length as 15m
In GA, Too small: set the buffer length as 15m
In GA, Too small: set the buffer length as 15m
In GA, Too small: set the buffer length as 15m
In GA, Too small: set the buffer length as 15m
In GA, Too small: set the buffer length as 15m
In GA, Too small: set the buffer length as 15m
In GA, Too small: set the buffer length as 15m
In GA, Too small: set the buffer length as 15m
In GA, Too small: set the buffer length as 15m
In GA, Too small: set the buffer length as 15m
In GA, Too small: set the buffer length as 15m
In GA, Too small: set the buffer length as 15m
In GA, Too small: set the buffer length as 15m
In GA, Too small: set the buffer length as 15m
In GA, Too small: set the buffer length as 15m
In GA, Too small: set the buffer length as 15m
In GA, Too small: set the buffer length as 15m
In GA, Too small: set the buffer length as 15m
In GA, Too small: set the buffer length as 15m
In GA, Too small: set the buffer length as 15m
In GA, Too small: set the buffer length as 15m
In GA, Too small: set the buffer length as 15m
In GA, Too small: set the buffer length as 15m
In GA, Too small: set the buffer length as 15m
In GA, Too small: set the buffer length as 15m
In GA, Too small: set the buffer length as 15m
In GA, Too small: set the buffer length as 15m
In GA, Too small: set the buffer length as 15m
In GA, Too small: set the buffer length as 15m
In GA, Too small: set the buffer length as 15m
In GA, Too small: set the buffer length as 15m
In GA, Too small: set the buffer length as 15m
In GA, Too small: set the buffer length as 15m
In GA, Too small: set the buffer length as 15m
In GA, Too small: set the buffer length as 15m
In GA, Too small: set the buffer length as 15m
In GA, Too small: set the buffer length as 15m
In GA, Too small: set the buffer length as 15m
In GA, Too small: set the buffer length as 15m
In GA, Too small: set the buffer length as 15m
In GA, Too small: set the buffer length as 15m
In GA, Too small: set the buffer length as 15m
In GA, Too small: set the buffer length as 15m
In GA, Too small: set the buffer length as 15m
In GA, Too small: set the buffer length as 15m
In GA, Too small: set the buffer length as 15m
In GA, Too small: set the buffer length as 15m
In GA, Too small: set the buffer length as 15m
In GA, Too small: set the buffer length as 15m
In GA, Too small: set the buffer length as 15m
In GA, Too small: set the buffer length as 15m
In GA, Too small: set the buffer length as 15m
In GA, Too small: set the buffer length as 15m
In GA, Too small: set the buffer length as 15m
In GA, Too small: set the buffer length as 15m
In GA, Too small: set the buffer length as 15m
In GA, Too small: set the buffer length as 15m
In GA, Too small: set the buffer length as 15m
In GA, Too small: set the buffer length as 15m
In GA, Too small: set the buffer length as 15m
In GA, Too small: set the buffer length as 15m
In GA, Too small: set the buffer length as 15m
In GA, Too small: set the buffer length as 15m
In GA, Too small: set the buffer length as 15m
In GA, Too small: set the buffer length as 15m
In GA, Too small: set the buffer length as 15m
In GA, Too small: set the buffer length as 15m
In GA, Too small: set the buffer length as 15m
In GA, Too small: set the buffer length as 15m
In GA, Too small: set the buffer length as 15m
In GA, Too small: set the buffer length as 15m
In GA, Too small: set the buffer length as 15m
In GA, Too small: set the buffer length as 15m
In GA, Too small: set the buffer length as 15m
In GA, Too small: set the buffer length as 15m
In GA, Too small: set the buffer length as 15m
In GA, Too small: set the buffer length as 15m
In GA, Too small: set the buffer length as 15m
In GA, Too small: set the buffer length as 15m
In GA, Too small: set the buffer length as 15m
In GA, Too small: set the buffer length as 15m
In GA, Too small: set the buffer length as 15m
In GA, Too small: set the buffer length as 15m
In GA, Too small: set the buffer length as 15m
In GA, Too small: set the buffer length as 15m
In GA, Too small: set the buffer length as 15m
In GA, Too small: set the buffer length as 15m
In GA, Too small: set the buffer length as 15m
In GA, Too small: set the buffer length as 15m
In GA, Too small: set the buffer length as 15m
In GA, Too small: set the buffer length as 15m
In GA, Too small: set the buffer length as 15m
In GA, Too small: set the buffer length as 15m
In GA, Too small: set the buffer length as 15m
In GA, Too small: set the buffer length as 15m
In GA, Too small: set the buffer length as 15m
In GA, Too small: set the buffer length as 15m
In GA, Too small: set the buffer length as 15m
In GA, Too small: set the buffer length as 15m
In GA, Too small: set the buffer length as 15m
In GA, Too small: set the buffer length as 15m
In GA, Too small: set the buffer length as 15m
In GA, Too small: set the buffer length as 15m
In GA, Too small: set the buffer length as 15m
In GA, Too small: set the buffer length as 15m
In GA, Too small: set the buffer length as 15m
In GA, Too small: set the buffer length as 15m
In GA, Too small: set the buffer length as 15m
In GA, Too small: set the buffer length as 15m
In GA, Too small: set the buffer length as 15m
In GA, Too small: set the buffer length as 15m
In GA, Too small: set the buffer length as 15m
In GA, Too small: set the buffer length as 15m
In GA, Too small: set the buffer length as 15m
In GA, Too small: set the buffer length as 15m
In GA, Too small: set the buffer length as 15m
In GA, Too small: set the buffer length as 15m
In GA, Too small: set the buffer length as 15m
In GA, Too small: set the buffer length as 15m
In GA, Too small: set the buffer length as 15m
In GA, Too small: set the buffer length as 15m
In GA, Too small: set the buffer length as 15m
In GA, Too small: set the buffer length as 15m
In GA, Too small: set the buffer length as 15m
In GA, Too small: set the buffer length as 15m
In GA, Too small: set the buffer length as 15m
In GA, Too small: set the buffer length as 15m
In GA, Too small: set the buffer length as 15m
In GA, Too small: set the buffer length as 15m
In GA, Too small: set the buffer length as 15m
In GA, Too small: set the buffer length as 15m
In GA, Too small: set the buffer length as 15m
In GA, Too small: set the buffer length as 15m
In GA, Too small: set the buffer length as 15m
In GA, Too small: set the buffer length as 15m
In GA, Too small: set the buffer length as 15m
In GA, Too small: set the buffer length as 15m
In GA, Too small: set the buffer length as 15m
In GA, Too small: set the buffer length as 15m
In GA, Too small: set the buffer length as 15m
In GA, Too small: set the buffer length as 15m
In GA, Too small: set the buffer length as 15m
In GA, Too small: set the buffer length as 15m
In GA, Too small: set the buffer length as 15m
In GA, Too small: set the buffer length as 15m
In GA, Too small: set the buffer length as 15m
In GA, Too small: set the buffer length as 15m
In GA, Too small: set the buffer length as 15m
In GA, Too small: set the buffer length as 15m
In GA, Too small: set the buffer length as 15m
In GA, Too small: set the buffer length as 15m
In GA, Too small: set the buffer length as 15m
In GA, Too small: set the buffer length as 15m
In GA, Too small: set the buffer length as 15m
In GA, Too small: set the buffer length as 15m
In GA, Too small: set the buffer length as 15m
In GA, Too small: set the buffer length as 15m
In GA, Too small: set the buffer length as 15m
In GA, Too small: set the buffer length as 15m
In GA, Too small: set the buffer length as 15m
In GA, Too small: set the buffer length as 15m
In GA, Too small: set the buffer length as 15m
In GA, Too small: set the buffer length as 15m
In GA, Too small: set the buffer length as 15m
In GA, Too small: set the buffer length as 15m
In GA, Too small: set the buffer length as 15m
In GA, Too small: set the buffer length as 15m
In GA, Too small: set the buffer length as 15m
In GA, Too small: set the buffer length as 15m
In GA, Too small: set the buffer length as 15m
In GA, Too small: set the buffer length as 15m
In GA, Too small: set the buffer length as 15m
In GA, Too small: set the buffer length as 15m
In GA, Too small: set the buffer length as 15m
In GA, Too small: set the buffer length as 15m
In GA, Too small: set the buffer length as 15m
In GA, Too small: set the buffer length as 15m
In GA, Too small: set the buffer length as 15m
In GA, Too small: set the buffer length as 15m
In GA, Too small: set the buffer length as 15m
In GA, Too small: set the buffer length as 15m
In GA, Too small: set the buffer length as 15m
In GA, Too small: set the buffer length as 15m
In GA, Too small: set the buffer length as 15m
In GA, Too small: set the buffer length as 15m
In GA, Too small: set the buffer length as 15m
In GA, Too small: set the buffer length as 15m
In GA, Too small: set the buffer length as 15m
In GA, Too small: set the buffer length as 15m
In GA, Too small: set the buffer length as 15m
In GA, Too small: set the buffer length as 15m
In GA, Too small: set the buffer length as 15m
In GA, Too small: set the buffer length as 15m
In GA, Too small: set the buffer length as 15m
In GA, Too small: set the buffer length as 15m
In GA, Too small: set the buffer length as 15m
In GA, Too small: set the buffer length as 15m
In GA, Too small: set the buffer length as 15m
In GA, Too small: set the buffer length as 15m
In GA, Too small: set the buffer length as 15m
In GA, Too small: set the buffer length as 15m
In GA, Too small: set the buffer length as 15m
In GA, Too small: set the buffer length as 15m
In GA, Too small: set the buffer length as 15m
In GA, Too small: set the buffer length as 15m
In GA, Too small: set the buffer length as 15m
In GA, Too small: set the buffer length as 15m
In GA, Too small: set the buffer length as 15m
In GA, Too small: set the buffer length as 15m
In GA, Too small: set the buffer length as 15m
In GA, Too small: set the buffer length as 15m
In GA, Too small: set the buffer length as 15m
In GA, Too small: set the buffer length as 15m
In GA, Too small: set the buffer length as 15m
In GA, Too small: set the buffer length as 15m
In GA, Too small: set the buffer length as 15m
In GA, Too small: set the buffer length as 15m
In GA, Too small: set the buffer length as 15m
In GA, Too small: set the buffer length as 15m
In GA, Too small: set the buffer length as 15m
In GA, Too small: set the buffer length as 15m
In GA, Too small: set the buffer length as 15m
In GA, Too small: set the buffer length as 15m
In GA, Too small: set the buffer length as 15m
In GA, Too small: set the buffer length as 15m
In GA, Too small: set the buffer length as 15m
In GA, Too small: set the buffer length as 15m
In GA, Too small: set the buffer length as 15m
In GA, Too small: set the buffer length as 15m
In GA, Too small: set the buffer length as 15m
In GA, Too small: set the buffer length as 15m
In GA, Too small: set the buffer length as 15m
In GA, Too small: set the buffer length as 15m
In GA, Too small: set the buffer length as 15m
In GA, Too small: set the buffer length as 15m
In GA, Too small: set the buffer length as 15m
In GA, Too small: set the buffer length as 15m
In GA, Too small: set the buffer length as 15m
In GA, Too small: set the buffer length as 15m
In GA, Too small: set the buffer length as 15m
In GA, Too small: set the buffer length as 15m
In GA, Too small: set the buffer length as 15m
In GA, Too small: set the buffer length as 15m
In GA, Too small: set the buffer length as 15m
In GA, Too small: set the buffer length as 15m
In GA, Too small: set the buffer length as 15m
In GA, Too small: set the buffer length as 15m
In GA, Too small: set the buffer length as 15m
In GA, Too small: set the buffer length as 15m
In GA, Too small: set the buffer length as 15m
In GA, Too small: set the buffer length as 15m
In GA, Too small: set the buffer length as 15m
In GA, Too small: set the buffer length as 15m
In GA, Too small: set the buffer length as 15m
In GA, Too small: set the buffer length as 15m
In GA, Too small: set the buffer length as 15m
In GA, Too small: set the buffer length as 15m
In GA, Too small: set the buffer length as 15m
In GA, Too small: set the buffer length as 15m
In GA, Too small: set the buffer length as 15m
In GA, Too small: set the buffer length as 15m
In GA, Too small: set the buffer length as 15m
In GA, Too small: set the buffer length as 15m
In GA, Too small: set the buffer length as 15m
In GA, Too small: set the buffer length as 15m
In GA, Too small: set the buffer length as 15m
In GA, Too small: set the buffer length as 15m
In GA, Too small: set the buffer length as 15m
In GA, Too small: set the buffer length as 15m
In GA, Too small: set the buffer length as 15m
In GA, Too small: set the buffer length as 15m
In GA, Too small: set the buffer length as 15m
In GA, Too small: set the buffer length as 15m
In GA, Too small: set the buffer length as 15m
In GA, Too small: set the buffer length as 15m
In GA, Too small: set the buffer length as 15m
In GA, Too small: set the buffer length as 15m
In GA, Too small: set the buffer length as 15m
In GA, Too small: set the buffer length as 15m
In GA, Too small: set the buffer length as 15m
In GA, Too small: set the buffer length as 15m
In GA, Too small: set the buffer length as 15m
In GA, Too small: set the buffer length as 15m
In GA, Too small: set the buffer length as 15m
In GA, Too small: set the buffer length as 15m
In GA, Too small: set the buffer length as 15m
In GA, Too small: set the buffer length as 15m
In GA, Too small: set the buffer length as 15m
In GA, Too small: set the buffer length as 15m
In GA, Too small: set the buffer length as 15m
In GA, Too small: set the buffer length as 15m
In GA, Too small: set the buffer length as 15m
In GA, Too small: set the buffer length as 15m
In GA, Too small: set the buffer length as 15m
In GA, Too small: set the buffer length as 15m
In GA, Too small: set the buffer length as 15m
In GA, Too small: set the buffer length as 15m
In GA, Too small: set the buffer length as 15m
In GA, Too small: set the buffer length as 15m
In GA, Too small: set the buffer length as 15m
In GA, Too small: set the buffer length as 15m
In GA, Too small: set the buffer length as 15m
In GA, Too small: set the buffer length as 15m
In GA, Too small: set the buffer length as 15m
In GA, Too small: set the buffer length as 15m
In GA, Too small: set the buffer length as 15m
In GA, Too small: set the buffer length as 15m
In GA, Too small: set the buffer length as 15m
In GA, Too small: set the buffer length as 15m
In GA, Too small: set the buffer length as 15m
In GA, Too small: set the buffer length as 15m
In GA, Too small: set the buffer length as 15m
In GA, Too small: set the buffer length as 15m
In GA, Too small: set the buffer length as 15m
In GA, Too small: set the buffer length as 15m
In GA, Too small: set the buffer length as 15m
In GA, Too small: set the buffer length as 15m
In GA, Too small: set the buffer length as 15m
In GA, Too small: set the buffer length as 15m
In GA, Too small: set the buffer length as 15m
In GA, Too small: set the buffer length as 15m
In GA, Too small: set the buffer length as 15m
In GA, Too small: set the buffer length as 15m
In GA, Too small: set the buffer length as 15m
In GA, Too small: set the buffer length as 15m
In GA, Too small: set the buffer length as 15m
In GA, Too small: set the buffer length as 15m
In GA, Too small: set the buffer length as 15m
In GA, Too small: set the buffer length as 15m
In GA, Too small: set the buffer length as 15m
In GA, Too small: set the buffer length as 15m
In GA, Too small: set the buffer length as 15m
In GA, Too small: set the buffer length as 15m
In GA, Too small: set the buffer length as 15m
In GA, Too small: set the buffer length as 15m
In GA, Too small: set the buffer length as 15m
In GA, Too small: set the buffer length as 15m
In GA, Too small: set the buffer length as 15m
In GA, Too small: set the buffer length as 15m
In GA, Too small: set the buffer length as 15m
In GA, Too small: set the buffer length as 15m
In GA, Too small: set the buffer length as 15m
In GA, Too small: set the buffer length as 15m
In GA, Too small: set the buffer length as 15m
In GA, Too small: set the buffer length as 15m
In GA, Too small: set the buffer length as 15m
In GA, Too small: set the buffer length as 15m
In GA, Too small: set the buffer length as 15m
In GA, Too small: set the buffer length as 15m
In GA, Too small: set the buffer length as 15m
In GA, Too small: set the buffer length as 15m
In GA, Too small: set the buffer length as 15m
In GA, Too small: set the buffer length as 15m
In GA, Too small: set the buffer length as 15m
In GA, Too small: set the buffer length as 15m
In GA, Too small: set the buffer length as 15m
In GA, Too small: set the buffer length as 15m
In GA, Too small: set the buffer length as 15m
In GA, Too small: set the buffer length as 15m
In GA, Too small: set the buffer length as 15m
In GA, Too small: set the buffer length as 15m
In GA, Too small: set the buffer length as 15m
In GA, Too small: set the buffer length as 15m
In GA, Too small: set the buffer length as 15m
In GA, Too small: set the buffer length as 15m
In GA, Too small: set the buffer length as 15m
In GA, Too small: set the buffer length as 15m
In GA, Too small: set the buffer length as 15m
In GA, Too small: set the buffer length as 15m
In GA, Too small: set the buffer length as 15m
In GA, Too small: set the buffer length as 15m
In GA, Too small: set the buffer length as 15m
In GA, Too small: set the buffer length as 15m
In GA, Too small: set the buffer length as 15m
In GA, Too small: set the buffer length as 15m
In GA, Too small: set the buffer length as 15m
In GA, Too small: set the buffer length as 15m
In GA, Too small: set the buffer length as 15m
In GA, Too small: set the buffer length as 15m
In GA, Too small: set the buffer length as 15m
In GA, Too small: set the buffer length as 15m
In GA, Too small: set the buffer length as 15m
In GA, Too small: set the buffer length as 15m
In GA, Too small: set the buffer length as 15m
In GA, Too small: set the buffer length as 15m
In GA, Too small: set the buffer length as 15m
In GA, Too small: set the buffer length as 15m
In GA, Too small: set the buffer length as 15m
In GA, Too small: set the buffer length as 15m
In GA, Too small: set the buffer length as 15m
In GA, Too small: set the buffer length as 15m
In GA, Too small: set the buffer length as 15m
In GA, Too small: set the buffer length as 15m
In GA, Too small: set the buffer length as 15m
In GA, Too small: set the buffer length as 15m
In GA, Too small: set the buffer length as 15m
In GA, Too small: set the buffer length as 15m
In GA, Too small: set the buffer length as 15m
In GA, Too small: set the buffer length as 15m
In GA, Too small: set the buffer length as 15m
In GA, Too small: set the buffer length as 15m
In GA, Too small: set the buffer length as 15m
In GA, Too small: set the buffer length as 15m
In GA, Too small: set the buffer length as 15m
In GA, Too small: set the buffer length as 15m
In GA, Too small: set the buffer length as 15m
In GA, Too small: set the buffer length as 15m
In GA, Too small: set the buffer length as 15m
In GA, Too small: set the buffer length as 15m
In GA, Too small: set the buffer length as 15m
In GA, Too small: set the buffer length as 15m
In GA, Too small: set the buffer length as 15m
In GA, Too small: set the buffer length as 15m
In GA, Too small: set the buffer length as 15m
In GA, Too small: set the buffer length as 15m
In GA, Too small: set the buffer length as 15m
In GA, Too small: set the buffer length as 15m
In GA, Too small: set the buffer length as 15m
In GA, Too small: set the buffer length as 15m
In GA, Too small: set the buffer length as 15m
In GA, Too small: set the buffer length as 15m
In GA, Too small: set the buffer length as 15m
In GA, Too small: set the buffer length as 15m
In GA, Too small: set the buffer length as 15m
In GA, Too small: set the buffer length as 15m
In GA, Too small: set the buffer length as 15m
In GA, Too small: set the buffer length as 15m
In GA, Too small: set the buffer length as 15m
In GA, Too small: set the buffer length as 15m
In GA, Too small: set the buffer length as 15m
In GA, Too small: set the buffer length as 15m
In GA, Too small: set the buffer length as 15m
In GA, Too small: set the buffer length as 15m
In GA, Too small: set the buffer length as 15m
In GA, Too small: set the buffer length as 15m
In GA, Too small: set the buffer length as 15m
In GA, Too small: set the buffer length as 15m
In GA, Too small: set the buffer length as 15m
In GA, Too small: set the buffer length as 15m
In GA, Too small: set the buffer length as 15m
In GA, Too small: set the buffer length as 15m
In GA, Too small: set the buffer length as 15m
In GA, Too small: set the buffer length as 15m
In GA, Too small: set the buffer length as 15m
In GA, Too small: set the buffer length as 15m
In GA, Too small: set the buffer length as 15m
In GA, Too small: set the buffer length as 15m
In GA, Too small: set the buffer length as 15m
In GA, Too small: set the buffer length as 15m
In GA, Too small: set the buffer length as 15m
In GA, Too small: set the buffer length as 15m
In GA, Too small: set the buffer length as 15m
In GA, Too small: set the buffer length as 15m
In GA, Too small: set the buffer length as 15m
In GA, Too small: set the buffer length as 15m
In GA, Too small: set the buffer length as 15m
In GA, Too small: set the buffer length as 15m
In GA, Too small: set the buffer length as 15m
In GA, Too small: set the buffer length as 15m
In GA, Too small: set the buffer length as 15m
In GA, Too small: set the buffer length as 15m
In GA, Too small: set the buffer length as 15m
In GA, Too small: set the buffer length as 15m
In GA, Too small: set the buffer length as 15m
In GA, Too small: set the buffer length as 15m
In GA, Too small: set the buffer length as 15m
In GA, Too small: set the buffer length as 15m
In GA, Too small: set the buffer length as 15m
In GA, Too small: set the buffer length as 15m
In GA, Too small: set the buffer length as 15m
In GA, Too small: set the buffer length as 15m
In GA, Too small: set the buffer length as 15m
In GA, Too small: set the buffer length as 15m
In GA, Too small: set the buffer length as 15m
In GA, Too small: set the buffer length as 15m
In GA, Too small: set the buffer length as 15m
In GA, Too small: set the buffer length as 15m
In GA, Too small: set the buffer length as 15m
In GA, Too small: set the buffer length as 15m
In GA, Too small: set the buffer length as 15m
In GA, Too small: set the buffer length as 15m
In GA, Too small: set the buffer length as 15m
In GA, Too small: set the buffer length as 15m
In GA, Too small: set the buffer length as 15m
In GA, Too small: set the buffer length as 15m
In GA, Too small: set the buffer length as 15m
In GA, Too small: set the buffer length as 15m
In GA, Too small: set the buffer length as 15m
In GA, Too small: set the buffer length as 15m
In GA, Too small: set the buffer length as 15m
In GA, Too small: set the buffer length as 15m
In GA, Too small: set the buffer length as 15m
In GA, Too small: set the buffer length as 15m
In GA, Too small: set the buffer length as 15m
In GA, Too small: set the buffer length as 15m
In GA, Too small: set the buffer length as 15m
In GA, Too small: set the buffer length as 15m
In GA, Too small: set the buffer length as 15m
In GA, Too small: set the buffer length as 15m
In GA, Too small: set the buffer length as 15m
In GA, Too small: set the buffer length as 15m
In GA, Too small: set the buffer length as 15m
In GA, Too small: set the buffer length as 15m
In GA, Too small: set the buffer length as 15m
In GA, Too small: set the buffer length as 15m
In GA, Too small: set the buffer length as 15m
In GA, Too small: set the buffer length as 15m
In GA, Too small: set the buffer length as 15m
In GA, Too small: set the buffer length as 15m
In GA, Too small: set the buffer length as 15m
In GA, Too small: set the buffer length as 15m
In GA, Too small: set the buffer length as 15m
In GA, Too small: set the buffer length as 15m
In GA, Too small: set the buffer length as 15m
In GA, Too small: set the buffer length as 15m
In GA, Too small: set the buffer length as 15m
In GA, Too small: set the buffer length as 15m
In GA, Too small: set the buffer length as 15m
In GA, Too small: set the buffer length as 15m
In GA, Too small: set the buffer length as 15m
In GA, Too small: set the buffer length as 15m
In GA, Too small: set the buffer length as 15m
In GA, Too small: set the buffer length as 15m
In GA, Too small: set the buffer length as 15m
In GA, Too small: set the buffer length as 15m
In GA, Too small: set the buffer length as 15m
In GA, Too small: set the buffer length as 15m
In GA, Too small: set the buffer length as 15m
In GA, Too small: set the buffer length as 15m
In GA, Too small: set the buffer length as 15m
In GA, Too small: set the buffer length as 15m
In GA, Too small: set the buffer length as 15m
In GA, Too small: set the buffer length as 15m
In GA, Too small: set the buffer length as 15m
In GA, Too small: set the buffer length as 15m
In GA, Too small: set the buffer length as 15m
In GA, Too small: set the buffer length as 15m
In GA, Too small: set the buffer length as 15m
In GA, Too small: set the buffer length as 15m
In GA, Too small: set the buffer length as 15m
In GA, Too small: set the buffer length as 15m
In GA, Too small: set the buffer length as 15m
In GA, Too small: set the buffer length as 15m
In GA, Too small: set the buffer length as 15m
In GA, Too small: set the buffer length as 15m
In GA, Too small: set the buffer length as 15m
In GA, Too small: set the buffer length as 15m
In GA, Too small: set the buffer length as 15m
In GA, Too small: set the buffer length as 15m
In GA, Too small: set the buffer length as 15m
In GA, Too small: set the buffer length as 15m
In GA, Too small: set the buffer length as 15m
In GA, Too small: set the buffer length as 15m
In GA, Too small: set the buffer length as 15m
In GA, Too small: set the buffer length as 15m
In GA, Too small: set the buffer length as 15m
In GA, Too small: set the buffer length as 15m
In GA, Too small: set the buffer length as 15m
In GA, Too small: set the buffer length as 15m
In GA, Too small: set the buffer length as 15m
In GA, Too small: set the buffer length as 15m
In GA, Too small: set the buffer length as 15m
In GA, Too small: set the buffer length as 15m
In GA, Too small: set the buffer length as 15m
In GA, Too small: set the buffer length as 15m
In GA, Too small: set the buffer length as 15m
In GA, Too small: set the buffer length as 15m
In GA, Too small: set the buffer length as 15m
In GA, Too small: set the buffer length as 15m
In GA, Too small: set the buffer length as 15m
In GA, Too small: set the buffer length as 15m
In GA, Too small: set the buffer length as 15m
In GA, Too small: set the buffer length as 15m
In GA, Too small: set the buffer length as 15m
In GA, Too small: set the buffer length as 15m
In GA, Too small: set the buffer length as 15m
In GA, Too small: set the buffer length as 15m
In GA, Too small: set the buffer length as 15m
In GA, Too small: set the buffer length as 15m
In GA, Too small: set the buffer length as 15m
In GA, Too small: set the buffer length as 15m
In GA, Too small: set the buffer length as 15m
In GA, Too small: set the buffer length as 15m
In GA, Too small: set the buffer length as 15m
In GA, Too small: set the buffer length as 15m
In GA, Too small: set the buffer length as 15m
In GA, Too small: set the buffer length as 15m
In GA, Too small: set the buffer length as 15m
In GA, Too small: set the buffer length as 15m
In GA, Too small: set the buffer length as 15m
In GA, Too small: set the buffer length as 15m
In GA, Too small: set the buffer length as 15m
In GA, Too small: set the buffer length as 15m
In GA, Too small: set the buffer length as 15m
In GA, Too small: set the buffer length as 15m
In GA, Too small: set the buffer length as 15m
In GA, Too small: set the buffer length as 15m
In GA, Too small: set the buffer length as 15m
In GA, Too small: set the buffer length as 15m
In GA, Too small: set the buffer length as 15m
In GA, Too small: set the buffer length as 15m
In GA, Too small: set the buffer length as 15m
In GA, Too small: set the buffer length as 15m
In GA, Too small: set the buffer length as 15m
In GA, Too small: set the buffer length as 15m
In GA, Too small: set the buffer length as 15m
In GA, Too small: set the buffer length as 15m
In GA, Too small: set the buffer length as 15m
In GA, Too small: set the buffer length as 15m
In GA, Too small: set the buffer length as 15m
In GA, Too small: set the buffer length as 15m
In GA, Too small: set the buffer length as 15m
In GA, Too small: set the buffer length as 15m
In GA, Too small: set the buffer length as 15m
In GA, Too small: set the buffer length as 15m
In GA, Too small: set the buffer length as 15m
In GA, Too small: set the buffer length as 15m
In GA, Too small: set the buffer length as 15m
In GA, Too small: set the buffer length as 15m
In GA, Too small: set the buffer length as 15m
In GA, Too small: set the buffer length as 15m
In GA, Too small: set the buffer length as 15m
In GA, Too small: set the buffer length as 15m
In GA, Too small: set the buffer length as 15m
In GA, Too small: set the buffer length as 15m
In GA, Too small: set the buffer length as 15m
In GA, Too small: set the buffer length as 15m
In GA, Too small: set the buffer length as 15m
In GA, Too small: set the buffer length as 15m
In GA, Too small: set the buffer length as 15m
In GA, Too small: set the buffer length as 15m
In GA, Too small: set the buffer length as 15m
In GA, Too small: set the buffer length as 15m
In GA, Too small: set the buffer length as 15m
In GA, Too small: set the buffer length as 15m
In GA, Too small: set the buffer length as 15m
In GA, Too small: set the buffer length as 15m
In GA, Too small: set the buffer length as 15m
In GA, Too small: set the buffer length as 15m
In GA, Too small: set the buffer length as 15m
In GA, Too small: set the buffer length as 15m
In GA, Too small: set the buffer length as 15m
In GA, Too small: set the buffer length as 15m
In GA, Too small: set the buffer length as 15m
In GA, Too small: set the buffer length as 15m
In GA, Too small: set the buffer length as 15m
In GA, Too small: set the buffer length as 15m
In GA, Too small: set the buffer length as 15m
In GA, Too small: set the buffer length as 15m
In GA, Too small: set the buffer length as 15m
In GA, Too small: set the buffer length as 15m
In GA, Too small: set the buffer length as 15m
In GA, Too small: set the buffer length as 15m
In GA, Too small: set the buffer length as 15m
In GA, Too small: set the buffer length as 15m
In GA, Too small: set the buffer length as 15m
In GA, Too small: set the buffer length as 15m
In GA, Too small: set the buffer length as 15m
In GA, Too small: set the buffer length as 15m
In GA, Too small: set the buffer length as 15m
In GA, Too small: set the buffer length as 15m
In GA, Too small: set the buffer length as 15m
In GA, Too small: set the buffer length as 15m
In GA, Too small: set the buffer length as 15m
In GA, Too small: set the buffer length as 15m
In GA, Too small: set the buffer length as 15m
In GA, Too small: set the buffer length as 15m
In GA, Too small: set the buffer length as 15m
In GA, Too small: set the buffer length as 15m
In GA, Too small: set the buffer length as 15m
In GA, Too small: set the buffer length as 15m
In GA, Too small: set the buffer length as 15m
In GA, Too small: set the buffer length as 15m
In GA, Too small: set the buffer length as 15m
In GA, Too small: set the buffer length as 15m
In GA, Too small: set the buffer length as 15m
In GA, Too small: set the buffer length as 15m
In GA, Too small: set the buffer length as 15m
In GA, Too small: set the buffer length as 15m
In GA, Too small: set the buffer length as 15m
In GA, Too small: set the buffer length as 15m
In GA, Too small: set the buffer length as 15m
In GA, Too small: set the buffer length as 15m
In GA, Too small: set the buffer length as 15m
In GA, Too small: set the buffer length as 15m
In GA, Too small: set the buffer length as 15m
In GA, Too small: set the buffer length as 15m
In GA, Too small: set the buffer length as 15m
In GA, Too small: set the buffer length as 15m
In GA, Too small: set the buffer length as 15m
In GA, Too small: set the buffer length as 15m
In GA, Too small: set the buffer length as 15m
In GA, Too small: set the buffer length as 15m
In GA, Too small: set the buffer length as 15m
In GA, Too small: set the buffer length as 15m
In GA, Too small: set the buffer length as 15m
In GA, Too small: set the buffer length as 15m
In GA, Too small: set the buffer length as 15m
In GA, Too small: set the buffer length as 15m
In GA, Too small: set the buffer length as 15m
In GA, Too small: set the buffer length as 15m
In GA, Too small: set the buffer length as 15m
In GA, Too small: set the buffer length as 15m
In GA, Too small: set the buffer length as 15m
In GA, Too small: set the buffer length as 15m
In GA, Too small: set the buffer length as 15m
In GA, Too small: set the buffer length as 15m
In GA, Too small: set the buffer length as 15m
In GA, Too small: set the buffer length as 15m
In GA, Too small: set the buffer length as 15m
In GA, Too small: set the buffer length as 15m
In GA, Too small: set the buffer length as 15m
In GA, Too small: set the buffer length as 15m
In GA, Too small: set the buffer length as 15m
In GA, Too small: set the buffer length as 15m
In GA, Too small: set the buffer length as 15m
In GA, Too small: set the buffer length as 15m
In GA, Too small: set the buffer length as 15m
In GA, Too small: set the buffer length as 15m
In GA, Too small: set the buffer length as 15m
In GA, Too small: set the buffer length as 15m
In GA, Too small: set the buffer length as 15m
In GA, Too small: set the buffer length as 15m
In GA, Too small: set the buffer length as 15m
In GA, Too small: set the buffer length as 15m
In GA, Too small: set the buffer length as 15m
In GA, Too small: set the buffer length as 15m
In GA, Too small: set the buffer length as 15m
In GA, Too small: set the buffer length as 15m
In GA, Too small: set the buffer length as 15m
In GA, Too small: set the buffer length as 15m
In GA, Too small: set the buffer length as 15m
In GA, Too small: set the buffer length as 15m
In GA, Too small: set the buffer length as 15m
In GA, Too small: set the buffer length as 15m
In GA, Too small: set the buffer length as 15m
In GA, Too small: set the buffer length as 15m
In GA, Too small: set the buffer length as 15m
In GA, Too small: set the buffer length as 15m
In GA, Too small: set the buffer length as 15m
In GA, Too small: set the buffer length as 15m
In GA, Too small: set the buffer length as 15m
In GA, Too small: set the buffer length as 15m
In GA, Too small: set the buffer length as 15m
In GA, Too small: set the buffer length as 15m
In GA, Too small: set the buffer length as 15m
In GA, Too small: set the buffer length as 15m
In GA, Too small: set the buffer length as 15m
In GA, Too small: set the buffer length as 15m
In GA, Too small: set the buffer length as 15m
In GA, Too small: set the buffer length as 15m
In GA, Too small: set the buffer length as 15m
In GA, Too small: set the buffer length as 15m
In GA, Too small: set the buffer length as 15m
In GA, Too small: set the buffer length as 15m
In GA, Too small: set the buffer length as 15m
In GA, Too small: set the buffer length as 15m
In GA, Too small: set the buffer length as 15m
In GA, Too small: set the buffer length as 15m
In GA, Too small: set the buffer length as 15m
In GA, Too small: set the buffer length as 15m
In GA, Too small: set the buffer length as 15m
In GA, Too small: set the buffer length as 15m
In GA, Too small: set the buffer length as 15m
In GA, Too small: set the buffer length as 15m
In GA, Too small: set the buffer length as 15m
In GA, Too small: set the buffer length as 15m
In GA, Too small: set the buffer length as 15m
In GA, Too small: set the buffer length as 15m
In GA, Too small: set the buffer length as 15m
In GA, Too small: set the buffer length as 15m
In GA, Too small: set the buffer length as 15m
In GA, Too small: set the buffer length as 15m
In GA, Too small: set the buffer length as 15m
In GA, Too small: set the buffer length as 15m
In GA, Too small: set the buffer length as 15m
In GA, Too small: set the buffer length as 15m
In GA, Too small: set the buffer length as 15m
In GA, Too small: set the buffer length as 15m
In GA, Too small: set the buffer length as 15m
In GA, Too small: set the buffer length as 15m
In GA, Too small: set the buffer length as 15m
In GA, Too small: set the buffer length as 15m
In GA, Too small: set the buffer length as 15m
In GA, Too small: set the buffer length as 15m
In GA, Too small: set the buffer length as 15m
In GA, Too small: set the buffer length as 15m
In GA, Too small: set the buffer length as 15m
In GA, Too small: set the buffer length as 15m
In GA, Too small: set the buffer length as 15m
In GA, Too small: set the buffer length as 15m
In GA, Too small: set the buffer length as 15m
In GA, Too small: set the buffer length as 15m
In GA, Too small: set the buffer length as 15m
In GA, Too small: set the buffer length as 15m
In GA, Too small: set the buffer length as 15m
In GA, Too small: set the buffer length as 15m
In GA, Too small: set the buffer length as 15m
In GA, Too small: set the buffer length as 15m
In GA, Too small: set the buffer length as 15m
In GA, Too small: set the buffer length as 15m
In GA, Too small: set the buffer length as 15m
In GA, Too small: set the buffer length as 15m
In GA, Too small: set the buffer length as 15m
In GA, Too small: set the buffer length as 15m
In GA, Too small: set the buffer length as 15m
In GA, Too small: set the buffer length as 15m
In GA, Too small: set the buffer length as 15m
In GA, Too small: set the buffer length as 15m
In GA, Too small: set the buffer length as 15m
In GA, Too small: set the buffer length as 15m
In GA, Too small: set the buffer length as 15m
In GA, Too small: set the buffer length as 15m
In GA, Too small: set the buffer length as 15m
In GA, Too small: set the buffer length as 15m
In GA, Too small: set the buffer length as 15m
In GA, Too small: set the buffer length as 15m
In GA, Too small: set the buffer length as 15m
In GA, Too small: set the buffer length as 15m
In GA, Too small: set the buffer length as 15m
In GA, Too small: set the buffer length as 15m
In GA, Too small: set the buffer length as 15m
In GA, Too small: set the buffer length as 15m
In GA, Too small: set the buffer length as 15m
In GA, Too small: set the buffer length as 15m
In GA, Too small: set the buffer length as 15m
In GA, Too small: set the buffer length as 15m
In GA, Too small: set the buffer length as 15m
In GA, Too small: set the buffer length as 15m
In GA, Too small: set the buffer length as 15m
In GA, Too small: set the buffer length as 15m
In GA, Too small: set the buffer length as 15m
In GA, Too small: set the buffer length as 15m
In GA, Too small: set the buffer length as 15m
In GA, Too small: set the buffer length as 15m
In GA, Too small: set the buffer length as 15m
In GA, Too small: set the buffer length as 15m
In GA, Too small: set the buffer length as 15m
In GA, Too small: set the buffer length as 15m
In GA, Too small: set the buffer length as 15m
In GA, Too small: set the buffer length as 15m
In GA, Too small: set the buffer length as 15m
In GA, Too small: set the buffer length as 15m
In GA, Too small: set the buffer length as 15m
In GA, Too small: set the buffer length as 15m
In GA, Too small: set the buffer length as 15m
In GA, Too small: set the buffer length as 15m
In GA, Too small: set the buffer length as 15m
In GA, Too small: set the buffer length as 15m
In GA, Too small: set the buffer length as 15m
In GA, Too small: set the buffer length as 15m
In GA, Too small: set the buffer length as 15m
In GA, Too small: set the buffer length as 15m
In GA, Too small: set the buffer length as 15m
In GA, Too small: set the buffer length as 15m
In GA, Too small: set the buffer length as 15m
In GA, Too small: set the buffer length as 15m
In GA, Too small: set the buffer length as 15m
In GA, Too small: set the buffer length as 15m
In GA, Too small: set the buffer length as 15m
In GA, Too small: set the buffer length as 15m
In GA, Too small: set the buffer length as 15m
In GA, Too small: set the buffer length as 15m
In GA, Too small: set the buffer length as 15m
In GA, Too small: set the buffer length as 15m
In GA, Too small: set the buffer length as 15m
In GA, Too small: set the buffer length as 15m
In GA, Too small: set the buffer length as 15m
In GA, Too small: set the buffer length as 15m
In GA, Too small: set the buffer length as 15m
In GA, Too small: set the buffer length as 15m
In GA, Too small: set the buffer length as 15m
In GA, Too small: set the buffer length as 15m
In GA, Too small: set the buffer length as 15m
In GA, Too small: set the buffer length as 15m
In GA, Too small: set the buffer length as 15m
In GA, Too small: set the buffer length as 15m
In GA, Too small: set the buffer length as 15m
In GA, Too small: set the buffer length as 15m
In GA, Too small: set the buffer length as 15m
In GA, Too small: set the buffer length as 15m
In GA, Too small: set the buffer length as 15m
In GA, Too small: set the buffer length as 15m
In GA, Too small: set the buffer length as 15m
In GA, Too small: set the buffer length as 15m
In GA, Too small: set the buffer length as 15m
In GA, Too small: set the buffer length as 15m
In GA, Too small: set the buffer length as 15m
In GA, Too small: set the buffer length as 15m
In GA, Too small: set the buffer length as 15m
In GA, Too small: set the buffer length as 15m
In GA, Too small: set the buffer length as 15m
In GA, Too small: set the buffer length as 15m
In GA, Too small: set the buffer length as 15m
In GA, Too small: set the buffer length as 15m
In GA, Too small: set the buffer length as 15m
In GA, Too small: set the buffer length as 15m
In GA, Too small: set the buffer length as 15m
In GA, Too small: set the buffer length as 15m
In GA, Too small: set the buffer length as 15m
In GA, Too small: set the buffer length as 15m
In GA, Too small: set the buffer length as 15m
In GA, Too small: set the buffer length as 15m
In GA, Too small: set the buffer length as 15m
In GA, Too small: set the buffer length as 15m
In GA, Too small: set the buffer length as 15m
In GA, Too small: set the buffer length as 15m
In GA, Too small: set the buffer length as 15m
In GA, Too small: set the buffer length as 15m
In GA, Too small: set the buffer length as 15m
In GA, Too small: set the buffer length as 15m
In GA, Too small: set the buffer length as 15m
In GA, Too small: set the buffer length as 15m
In GA, Too small: set the buffer length as 15m
In GA, Too small: set the buffer length as 15m
In GA, Too small: set the buffer length as 15m
In GA, Too small: set the buffer length as 15m
In GA, Too small: set the buffer length as 15m
In GA, Too small: set the buffer length as 15m
In GA, Too small: set the buffer length as 15m
In GA, Too small: set the buffer length as 15m
In GA, Too small: set the buffer length as 15m
In GA, Too small: set the buffer length as 15m
In GA, Too small: set the buffer length as 15m
In GA, Too small: set the buffer length as 15m
In GA, Too small: set the buffer length as 15m
In GA, Too small: set the buffer length as 15m
In GA, Too small: set the buffer length as 15m
In GA, Too small: set the buffer length as 15m
In GA, Too small: set the buffer length as 15m
In GA, Too small: set the buffer length as 15m
In GA, Too small: set the buffer length as 15m
In GA, Too small: set the buffer length as 15m
In GA, Too small: set the buffer length as 15m
In GA, Too small: set the buffer length as 15m
In GA, Too small: set the buffer length as 15m
In GA, Too small: set the buffer length as 15m
In GA, Too small: set the buffer length as 15m
In GA, Too small: set the buffer length as 15m
In GA, Too small: set the buffer length as 15m
In GA, Too small: set the buffer length as 15m
In GA, Too small: set the buffer length as 15m
In GA, Too small: set the buffer length as 15m
In GA, Too small: set the buffer length as 15m
In GA, Too small: set the buffer length as 15m
In GA, Too small: set the buffer length as 15m
In GA, Too small: set the buffer length as 15m
In GA, Too small: set the buffer length as 15m
In GA, Too small: set the buffer length as 15m
In GA, Too small: set the buffer length as 15m
In GA, Too small: set the buffer length as 15m
In GA, Too small: set the buffer length as 15m
In GA, Too small: set the buffer length as 15m
In GA, Too small: set the buffer length as 15m
In GA, Too small: set the buffer length as 15m
In GA, Too small: set the buffer length as 15m
In GA, Too small: set the buffer length as 15m
In GA, Too small: set the buffer length as 15m
In GA, Too small: set the buffer length as 15m
In GA, Too small: set the buffer length as 15m
In GA, Too small: set the buffer length as 15m
In GA, Too small: set the buffer length as 15m
In GA, Too small: set the buffer length as 15m
In GA, Too small: set the buffer length as 15m
In GA, Too small: set the buffer length as 15m
In GA, Too small: set the buffer length as 15m
In GA, Too small: set the buffer length as 15m
In GA, Too small: set the buffer length as 15m
In GA, Too small: set the buffer length as 15m
In GA, Too small: set the buffer length as 15m
In GA, Too small: set the buffer length as 15m
In GA, Too small: set the buffer length as 15m
In GA, Too small: set the buffer length as 15m
In GA, Too small: set the buffer length as 15m
In GA, Too small: set the buffer length as 15m
In GA, Too small: set the buffer length as 15m
In GA, Too small: set the buffer length as 15m
In GA, Too small: set the buffer length as 15m
In GA, Too small: set the buffer length as 15m
In GA, Too small: set the buffer length as 15m
In GA, Too small: set the buffer length as 15m
In GA, Too small: set the buffer length as 15m
In GA, Too small: set the buffer length as 15m
In GA, Too small: set the buffer length as 15m
In GA, Too small: set the buffer length as 15m
In GA, Too small: set the buffer length as 15m
In GA, Too small: set the buffer length as 15m
In GA, Too small: set the buffer length as 15m
In GA, Too small: set the buffer length as 15m
In GA, Too small: set the buffer length as 15m
In GA, Too small: set the buffer length as 15m
In GA, Too small: set the buffer length as 15m
In GA, Too small: set the buffer length as 15m
In GA, Too small: set the buffer length as 15m
In GA, Too small: set the buffer length as 15m
In GA, Too small: set the buffer length as 15m
In GA, Too small: set the buffer length as 15m
In GA, Too small: set the buffer length as 15m
In GA, Too small: set the buffer length as 15m
In GA, Too small: set the buffer length as 15m
In GA, Too small: set the buffer length as 15m
In GA, Too small: set the buffer length as 15m
In GA, Too small: set the buffer length as 15m
In GA, Too small: set the buffer length as 15m
In GA, Too small: set the buffer length as 15m
In GA, Too small: set the buffer length as 15m
In GA, Too small: set the buffer length as 15m
In GA, Too small: set the buffer length as 15m
In GA, Too small: set the buffer length as 15m
In GA, Too small: set the buffer length as 15m
In GA, Too small: set the buffer length as 15m
In GA, Too small: set the buffer length as 15m
In GA, Too small: set the buffer length as 15m
In GA, Too small: set the buffer length as 15m
In GA, Too small: set the buffer length as 15m
In GA, Too small: set the buffer length as 15m
In GA, Too small: set the buffer length as 15m
In GA, Too small: set the buffer length as 15m
In GA, Too small: set the buffer length as 15m
In GA, Too small: set the buffer length as 15m
In GA, Too small: set the buffer length as 15m
In GA, Too small: set the buffer length as 15m
In GA, Too small: set the buffer length as 15m
In GA, Too small: set the buffer length as 15m
In GA, Too small: set the buffer length as 15m
In GA, Too small: set the buffer length as 15m
In GA, Too small: set the buffer length as 15m
In GA, Too small: set the buffer length as 15m
In GA, Too small: set the buffer length as 15m
In GA, Too small: set the buffer length as 15m
In GA, Too small: set the buffer length as 15m
In GA, Too small: set the buffer length as 15m
In GA, Too small: set the buffer length as 15m
In GA, Too small: set the buffer length as 15m
In GA, Too small: set the buffer length as 15m
In GA, Too small: set the buffer length as 15m
In GA, Too small: set the buffer length as 15m
In GA, Too small: set the buffer length as 15m
In GA, Too small: set the buffer length as 15m
In GA, Too small: set the buffer length as 15m
In GA, Too small: set the buffer length as 15m
In GA, Too small: set the buffer length as 15m
In GA, Too small: set the buffer length as 15m
In GA, Too small: set the buffer length as 15m
In GA, Too small: set the buffer length as 15m
In GA, Too small: set the buffer length as 15m
In GA, Too small: set the buffer length as 15m
In GA, Too small: set the buffer length as 15m
In GA, Too small: set the buffer length as 15m
In GA, Too small: set the buffer length as 15m
In GA, Too small: set the buffer length as 15m
In GA, Too small: set the buffer length as 15m
In GA, Too small: set the buffer length as 15m
In GA, Too small: set the buffer length as 15m
In GA, Too small: set the buffer length as 15m
In GA, Too small: set the buffer length as 15m
In GA, Too small: set the buffer length as 15m
In GA, Too small: set the buffer length as 15m
In GA, Too small: set the buffer length as 15m
In GA, Too small: set the buffer length as 15m
In GA, Too small: set the buffer length as 15m
In GA, Too small: set the buffer length as 15m
In GA, Too small: set the buffer length as 15m
In GA, Too small: set the buffer length as 15m
In GA, Too small: set the buffer length as 15m
In GA, Too small: set the buffer length as 15m
In GA, Too small: set the buffer length as 15m
In GA, Too small: set the buffer length as 15m
In GA, Too small: set the buffer length as 15m
In GA, Too small: set the buffer length as 15m
In GA, Too small: set the buffer length as 15m
In GA, Too small: set the buffer length as 15m
In GA, Too small: set the buffer length as 15m
In GA, Too small: set the buffer length as 15m
In GA, Too small: set the buffer length as 15m
In GA, Too small: set the buffer length as 15m
In GA, Too small: set the buffer length as 15m
In GA, Too small: set the buffer length as 15m
In GA, Too small: set the buffer length as 15m
In GA, Too small: set the buffer length as 15m
In GA, Too small: set the buffer length as 15m
In GA, Too small: set the buffer length as 15m
In GA, Too small: set the buffer length as 15m
In GA, Too small: set the buffer length as 15m
In GA, Too small: set the buffer length as 15m
In GA, Too small: set the buffer length as 15m
In GA, Too small: set the buffer length as 15m
In GA, Too small: set the buffer length as 15m
In GA, Too small: set the buffer length as 15m
In GA, Too small: set the buffer length as 15m
In GA, Too small: set the buffer length as 15m
In GA, Too small: set the buffer length as 15m
In GA, Too small: set the buffer length as 15m
In GA, Too small: set the buffer length as 15m
In GA, Too small: set the buffer length as 15m
In GA, Too small: set the buffer length as 15m
In GA, Too small: set the buffer length as 15m
In GA, Too small: set the buffer length as 15m
In GA, Too small: set the buffer length as 15m
In GA, Too small: set the buffer length as 15m
In GA, Too small: set the buffer length as 15m
In GA, Too small: set the buffer length as 15m
In GA, Too small: set the buffer length as 15m
In GA, Too small: set the buffer length as 15m
In GA, Too small: set the buffer length as 15m
In GA, Too small: set the buffer length as 15m
In GA, Too small: set the buffer length as 15m
In GA, Too small: set the buffer length as 15m
In GA, Too small: set the buffer length as 15m
In GA, Too small: set the buffer length as 15m
In GA, Too small: set the buffer length as 15m
In GA, Too small: set the buffer length as 15m
In GA, Too small: set the buffer length as 15m
In GA, Too small: set the buffer length as 15m
In GA, Too small: set the buffer length as 15m
In GA, Too small: set the buffer length as 15m
In GA, Too small: set the buffer length as 15m
In GA, Too small: set the buffer length as 15m
In GA, Too small: set the buffer length as 15m
In GA, Too small: set the buffer length as 15m
In GA, Too small: set the buffer length as 15m
In GA, Too small: set the buffer length as 15m
In GA, Too small: set the buffer length as 15m
In GA, Too small: set the buffer length as 15m
In GA, Too small: set the buffer length as 15m
In GA, Too small: set the buffer length as 15m
In GA, Too small: set the buffer length as 15m
In GA, Too small: set the buffer length as 15m
In GA, Too small: set the buffer length as 15m
In GA, Too small: set the buffer length as 15m
In GA, Too small: set the buffer length as 15m
In GA, Too small: set the buffer length as 15m
In GA, Too small: set the buffer length as 15m
In GA, Too small: set the buffer length as 15m
In GA, Too small: set the buffer length as 15m
In GA, Too small: set the buffer length as 15m
In GA, Too small: set the buffer length as 15m
In GA, Too small: set the buffer length as 15m
In GA, Too small: set the buffer length as 15m
In GA, Too small: set the buffer length as 15m
In GA, Too small: set the buffer length as 15m
In GA, Too small: set the buffer length as 15m
In GA, Too small: set the buffer length as 15m
In GA, Too small: set the buffer length as 15m
In GA, Too small: set the buffer length as 15m
In GA, Too small: set the buffer length as 15m
In GA, Too small: set the buffer length as 15m
In GA, Too small: set the buffer length as 15m
In GA, Too small: set the buffer length as 15m
In GA, Too small: set the buffer length as 15m
In GA, Too small: set the buffer length as 15m
In GA, Too small: set the buffer length as 15m
In GA, Too small: set the buffer length as 15m
In GA, Too small: set the buffer length as 15m
In GA, Too small: set the buffer length as 15m
In GA, Too small: set the buffer length as 15m
In GA, Too small: set the buffer length as 15m
In GA, Too small: set the buffer length as 15m
In GA, Too small: set the buffer length as 15m
In GA, Too small: set the buffer length as 15m
In GA, Too small: set the buffer length as 15m
In GA, Too small: set the buffer length as 15m
In GA, Too small: set the buffer length as 15m
In GA, Too small: set the buffer length as 15m
In GA, Too small: set the buffer length as 15m
In GA, Too small: set the buffer length as 15m
In GA, Too small: set the buffer length as 15m
In GA, Too small: set the buffer length as 15m
In GA, Too small: set the buffer length as 15m
In GA, Too small: set the buffer length as 15m
In GA, Too small: set the buffer length as 15m
In GA, Too small: set the buffer length as 15m
In GA, Too small: set the buffer length as 15m
In GA, Too small: set the buffer length as 15m
In GA, Too small: set the buffer length as 15m
In GA, Too small: set the buffer length as 15m
In GA, Too small: set the buffer length as 15m
In GA, Too small: set the buffer length as 15m
In GA, Too small: set the buffer length as 15m
In GA, Too small: set the buffer length as 15m
In GA, Too small: set the buffer length as 15m
In GA, Too small: set the buffer length as 15m
In GA, Too small: set the buffer length as 15m
In GA, Too small: set the buffer length as 15m
In GA, Too small: set the buffer length as 15m
In GA, Too small: set the buffer length as 15m
In GA, Too small: set the buffer length as 15m
In GA, Too small: set the buffer length as 15m
In GA, Too small: set the buffer length as 15m
In GA, Too small: set the buffer length as 15m
In GA, Too small: set the buffer length as 15m
In GA, Too small: set the buffer length as 15m
In GA, Too small: set the buffer length as 15m
In GA, Too small: set the buffer length as 15m
In GA, Too small: set the buffer length as 15m
In GA, Too small: set the buffer length as 15m
In GA, Too small: set the buffer length as 15m
In GA, Too small: set the buffer length as 15m
In GA, Too small: set the buffer length as 15m
In GA, Too small: set the buffer length as 15m
In GA, Too small: set the buffer length as 15m
In GA, Too small: set the buffer length as 15m
In GA, Too small: set the buffer length as 15m
In GA, Too small: set the buffer length as 15m
In GA, Too small: set the buffer length as 15m
In GA, Too small: set the buffer length as 15m
In GA, Too small: set the buffer length as 15m
In GA, Too small: set the buffer length as 15m
In GA, Too small: set the buffer length as 15m
In GA, Too small: set the buffer length as 15m
In GA, Too small: set the buffer length as 15m
In GA, Too small: set the buffer length as 15m
In GA, Too small: set the buffer length as 15m
In GA, Too small: set the buffer length as 15m
In GA, Too small: set the buffer length as 15m
In GA, Too small: set the buffer length as 15m
In GA, Too small: set the buffer length as 15m
In GA, Too small: set the buffer length as 15m
In GA, Too small: set the buffer length as 15m
In GA, Too small: set the buffer length as 15m
In GA, Too small: set the buffer length as 15m
In GA, Too small: set the buffer length as 15m
In GA, Too small: set the buffer length as 15m
In GA, Too small: set the buffer length as 15m
In GA, Too small: set the buffer length as 15m
In GA, Too small: set the buffer length as 15m
In GA, Too small: set the buffer length as 15m
In GA, Too small: set the buffer length as 15m
In GA, Too small: set the buffer length as 15m
In GA, Too small: set the buffer length as 15m
In GA, Too small: set the buffer length as 15m
In GA, Too small: set the buffer length as 15m
In GA, Too small: set the buffer length as 15m
In GA, Too small: set the buffer length as 15m
In GA, Too small: set the buffer length as 15m
In GA, Too small: set the buffer length as 15m
In GA, Too small: set the buffer length as 15m
In GA, Too small: set the buffer length as 15m
In GA, Too small: set the buffer length as 15m
In GA, Too small: set the buffer length as 15m
In GA, Too small: set the buffer length as 15m
In GA, Too small: set the buffer length as 15m
In GA, Too small: set the buffer length as 15m
In GA, Too small: set the buffer length as 15m
In GA, Too small: set the buffer length as 15m
In GA, Too small: set the buffer length as 15m
In GA, Too small: set the buffer length as 15m
In GA, Too small: set the buffer length as 15m
In GA, Too small: set the buffer length as 15m
In GA, Too small: set the buffer length as 15m
In GA, Too small: set the buffer length as 15m
In GA, Too small: set the buffer length as 15m
In GA, Too small: set the buffer length as 15m
In GA, Too small: set the buffer length as 15m
In GA, Too small: set the buffer length as 15m
In GA, Too small: set the buffer length as 15m
In GA, Too small: set the buffer length as 15m
In GA, Too small: set the buffer length as 15m
In GA, Too small: set the buffer length as 15m
In GA, Too small: set the buffer length as 15m
In GA, Too small: set the buffer length as 15m
In GA, Too small: set the buffer length as 15m
In GA, Too small: set the buffer length as 15m
In GA, Too small: set the buffer length as 15m
In GA, Too small: set the buffer length as 15m
In GA, Too small: set the buffer length as 15m
In GA, Too small: set the buffer length as 15m
In GA, Too small: set the buffer length as 15m
In GA, Too small: set the buffer length as 15m
In GA, Too small: set the buffer length as 15m
In GA, Too small: set the buffer length as 15m
In GA, Too small: set the buffer length as 15m
In GA, Too small: set the buffer length as 15m
In GA, Too small: set the buffer length as 15m
In GA, Too small: set the buffer length as 15m
In GA, Too small: set the buffer length as 15m
In GA, Too small: set the buffer length as 15m
In GA, Too small: set the buffer length as 15m
In GA, Too small: set the buffer length as 15m
In GA, Too small: set the buffer length as 15m
In GA, Too small: set the buffer length as 15m
In GA, Too small: set the buffer length as 15m
In GA, Too small: set the buffer length as 15m
In GA, Too small: set the buffer length as 15m
In GA, Too small: set the buffer length as 15m
In GA, Too small: set the buffer length as 15m
In GA, Too small: set the buffer length as 15m
In GA, Too small: set the buffer length as 15m
In GA, Too small: set the buffer length as 15m
In GA, Too small: set the buffer length as 15m
In GA, Too small: set the buffer length as 15m
In GA, Too small: set the buffer length as 15m
In GA, Too small: set the buffer length as 15m
In GA, Too small: set the buffer length as 15m
In GA, Too small: set the buffer length as 15m
In GA, Too small: set the buffer length as 15m
In GA, Too small: set the buffer length as 15m
In GA, Too small: set the buffer length as 15m
In GA, Too small: set the buffer length as 15m
In GA, Too small: set the buffer length as 15m
In GA, Too small: set the buffer length as 15m
In GA, Too small: set the buffer length as 15m
In GA, Too small: set the buffer length as 15m
In GA, Too small: set the buffer length as 15m
In GA, Too small: set the buffer length as 15m
In GA, Too small: set the buffer length as 15m
In GA, Too small: set the buffer length as 15m
In GA, Too small: set the buffer length as 15m
In GA, Too small: set the buffer length as 15m
In GA, Too small: set the buffer length as 15m
In GA, Too small: set the buffer length as 15m
In GA, Too small: set the buffer length as 15m
In GA, Too small: set the buffer length as 15m
In GA, Too small: set the buffer length as 15m
In GA, Too small: set the buffer length as 15m
In GA, Too small: set the buffer length as 15m
In GA, Too small: set the buffer length as 15m
In GA, Too small: set the buffer length as 15m
In GA, Too small: set the buffer length as 15m
In GA, Too small: set the buffer length as 15m
In GA, Too small: set the buffer length as 15m
In GA, Too small: set the buffer length as 15m
In GA, Too small: set the buffer length as 15m
In GA, Too small: set the buffer length as 15m
In GA, Too small: set the buffer length as 15m
In GA, Too small: set the buffer length as 15m
In GA, Too small: set the buffer length as 15m
In GA, Too small: set the buffer length as 15m
In GA, Too small: set the buffer length as 15m
In GA, Too small: set the buffer length as 15m
In GA, Too small: set the buffer length as 15m
In GA, Too small: set the buffer length as 15m
In GA, Too small: set the buffer length as 15m
In GA, Too small: set the buffer length as 15m
In GA, Too small: set the buffer length as 15m
In GA, Too small: set the buffer length as 15m
In GA, Too small: set the buffer length as 15m
In GA, Too small: set the buffer length as 15m
In GA, Too small: set the buffer length as 15m
In GA, Too small: set the buffer length as 15m
In GA, Too small: set the buffer length as 15m
In GA, Too small: set the buffer length as 15m
In GA, Too small: set the buffer length as 15m
In GA, Too small: set the buffer length as 15m
In GA, Too small: set the buffer length as 15m
In GA, Too small: set the buffer length as 15m
In GA, Too small: set the buffer length as 15m
In GA, Too small: set the buffer length as 15m
In GA, Too small: set the buffer length as 15m
In GA, Too small: set the buffer length as 15m
In GA, Too small: set the buffer length as 15m
In GA, Too small: set the buffer length as 15m
In GA, Too small: set the buffer length as 15m
In GA, Too small: set the buffer length as 15m
In GA, Too small: set the buffer length as 15m
In GA, Too small: set the buffer length as 15m
In GA, Too small: set the buffer length as 15m
In GA, Too small: set the buffer length as 15m
In GA, Too small: set the buffer length as 15m
In GA, Too small: set the buffer length as 15m
In GA, Too small: set the buffer length as 15m
In GA, Too small: set the buffer length as 15m
In GA, Too small: set the buffer length as 15m
In GA, Too small: set the buffer length as 15m
In GA, Too small: set the buffer length as 15m
In GA, Too small: set the buffer length as 15m
In GA, Too small: set the buffer length as 15m
In GA, Too small: set the buffer length as 15m
In GA, Too small: set the buffer length as 15m
In GA, Too small: set the buffer length as 15m
In GA, Too small: set the buffer length as 15m
In GA, Too small: set the buffer length as 15m
In GA, Too small: set the buffer length as 15m
In GA, Too small: set the buffer length as 15m
In GA, Too small: set the buffer length as 15m
In GA, Too small: set the buffer length as 15m
In GA, Too small: set the buffer length as 15m
In GA, Too small: set the buffer length as 15m
In GA, Too small: set the buffer length as 15m
In GA, Too small: set the buffer length as 15m
In GA, Too small: set the buffer length as 15m
In GA, Too small: set the buffer length as 15m
In GA, Too small: set the buffer length as 15m
In GA, Too small: set the buffer length as 15m
In GA, Too small: set the buffer length as 15m
In GA, Too small: set the buffer length as 15m
In GA, Too small: set the buffer length as 15m
In GA, Too small: set the buffer length as 15m
In GA, Too small: set the buffer length as 15m
In GA, Too small: set the buffer length as 15m
In GA, Too small: set the buffer length as 15m
In GA, Too small: set the buffer length as 15m
In GA, Too small: set the buffer length as 15m
In GA, Too small: set the buffer length as 15m
In GA, Too small: set the buffer length as 15m
In GA, Too small: set the buffer length as 15m
In GA, Too small: set the buffer length as 15m
In GA, Too small: set the buffer length as 15m
In GA, Too small: set the buffer length as 15m
In GA, Too small: set the buffer length as 15m
In GA, Too small: set the buffer length as 15m
In GA, Too small: set the buffer length as 15m
In GA, Too small: set the buffer length as 15m
In GA, Too small: set the buffer length as 15m
In GA, Too small: set the buffer length as 15m
In GA, Too small: set the buffer length as 15m
In GA, Too small: set the buffer length as 15m
In GA, Too small: set the buffer length as 15m
In GA, Too small: set the buffer length as 15m
In GA, Too small: set the buffer length as 15m
In GA, Too small: set the buffer length as 15m
In GA, Too small: set the buffer length as 15m
In GA, Too small: set the buffer length as 15m
In GA, Too small: set the buffer length as 15m
In GA, Too small: set the buffer length as 15m
In GA, Too small: set the buffer length as 15m
In GA, Too small: set the buffer length as 15m
In GA, Too small: set the buffer length as 15m
In GA, Too small: set the buffer length as 15m
In GA, Too small: set the buffer length as 15m
In GA, Too small: set the buffer length as 15m
In GA, Too small: set the buffer length as 15m
In GA, Too small: set the buffer length as 15m
In GA, Too small: set the buffer length as 15m
In GA, Too small: set the buffer length as 15m
In GA, Too small: set the buffer length as 15m
In GA, Too small: set the buffer length as 15m
In GA, Too small: set the buffer length as 15m
In GA, Too small: set the buffer length as 15m
In GA, Too small: set the buffer length as 15m
In GA, Too small: set the buffer length as 15m
In GA, Too small: set the buffer length as 15m
In GA, Too small: set the buffer length as 15m
In GA, Too small: set the buffer length as 15m
In GA, Too small: set the buffer length as 15m
In GA, Too small: set the buffer length as 15m
In GA, Too small: set the buffer length as 15m
In GA, Too small: set the buffer length as 15m
In GA, Too small: set the buffer length as 15m
In GA, Too small: set the buffer length as 15m
In GA, Too small: set the buffer length as 15m
In GA, Too small: set the buffer length as 15m
In GA, Too small: set the buffer length as 15m
In GA, Too small: set the buffer length as 15m
In GA, Too small: set the buffer length as 15m
In GA, Too small: set the buffer length as 15m
In GA, Too small: set the buffer length as 15m
In GA, Too small: set the buffer length as 15m
In GA, Too small: set the buffer length as 15m
In GA, Too small: set the buffer length as 15m
In GA, Too small: set the buffer length as 15m
In GA, Too small: set the buffer length as 15m
In GA, Too small: set the buffer length as 15m
In GA, Too small: set the buffer length as 15m
In GA, Too small: set the buffer length as 15m
In GA, Too small: set the buffer length as 15m
In GA, Too small: set the buffer length as 15m
In GA, Too small: set the buffer length as 15m
In GA, Too small: set the buffer length as 15m
In GA, Too small: set the buffer length as 15m
In GA, Too small: set the buffer length as 15m
In GA, Too small: set the buffer length as 15m
In GA, Too small: set the buffer length as 15m
In GA, Too small: set the buffer length as 15m
In GA, Too small: set the buffer length as 15m
In GA, Too small: set the buffer length as 15m
In GA, Too small: set the buffer length as 15m
In GA, Too small: set the buffer length as 15m
In GA, Too small: set the buffer length as 15m
In GA, Too small: set the buffer length as 15m
In GA, Too small: set the buffer length as 15m
In GA, Too small: set the buffer length as 15m
In GA, Too small: set the buffer length as 15m
In GA, Too small: set the buffer length as 15m
In GA, Too small: set the buffer length as 15m
In GA, Too small: set the buffer length as 15m
In GA, Too small: set the buffer length as 15m
In GA, Too small: set the buffer length as 15m
In GA, Too small: set the buffer length as 15m
In GA, Too small: set the buffer length as 15m
In GA, Too small: set the buffer length as 15m
In GA, Too small: set the buffer length as 15m
In GA, Too small: set the buffer length as 15m
In GA, Too small: set the buffer length as 15m
In GA, Too small: set the buffer length as 15m
In GA, Too small: set the buffer length as 15m
In GA, Too small: set the buffer length as 15m
In GA, Too small: set the buffer length as 15m
In GA, Too small: set the buffer length as 15m
In GA, Too small: set the buffer length as 15m
In GA, Too small: set the buffer length as 15m
In GA, Too small: set the buffer length as 15m
In GA, Too small: set the buffer length as 15m
In GA, Too small: set the buffer length as 15m
In GA, Too small: set the buffer length as 15m
In GA, Too small: set the buffer length as 15m
In GA, Too small: set the buffer length as 15m
In GA, Too small: set the buffer length as 15m
In GA, Too small: set the buffer length as 15m
In GA, Too small: set the buffer length as 15m
In GA, Too small: set the buffer length as 15m
In GA, Too small: set the buffer length as 15m
In GA, Too small: set the buffer length as 15m
In GA, Too small: set the buffer length as 15m
In GA, Too small: set the buffer length as 15m
In GA, Too small: set the buffer length as 15m
In GA, Too small: set the buffer length as 15m
In GA, Too small: set the buffer length as 15m
In GA, Too small: set the buffer length as 15m
In GA, Too small: set the buffer length as 15m
In GA, Too small: set the buffer length as 15m
In GA, Too small: set the buffer length as 15m
In GA, Too small: set the buffer length as 15m
In GA, Too small: set the buffer length as 15m
In GA, Too small: set the buffer length as 15m
In GA, Too small: set the buffer length as 15m
In GA, Too small: set the buffer length as 15m
In GA, Too small: set the buffer length as 15m
In GA, Too small: set the buffer length as 15m
In GA, Too small: set the buffer length as 15m
In GA, Too small: set the buffer length as 15m
In GA, Too small: set the buffer length as 15m
In GA, Too small: set the buffer length as 15m
In GA, Too small: set the buffer length as 15m
In GA, Too small: set the buffer length as 15m
In GA, Too small: set the buffer length as 15m
In GA, Too small: set the buffer length as 15m
In GA, Too small: set the buffer length as 15m
In GA, Too small: set the buffer length as 15m
In GA, Too small: set the buffer length as 15m
In GA, Too small: set the buffer length as 15m
In GA, Too small: set the buffer length as 15m
In GA, Too small: set the buffer length as 15m
In GA, Too small: set the buffer length as 15m
In GA, Too small: set the buffer length as 15m
In GA, Too small: set the buffer length as 15m
In GA, Too small: set the buffer length as 15m
In GA, Too small: set the buffer length as 15m
In GA, Too small: set the buffer length as 15m
In GA, Too small: set the buffer length as 15m
In GA, Too small: set the buffer length as 15m
In GA, Too small: set the buffer length as 15m
In GA, Too small: set the buffer length as 15m
In GA, Too small: set the buffer length as 15m
In GA, Too small: set the buffer length as 15m
In GA, Too small: set the buffer length as 15m
In GA, Too small: set the buffer length as 15m
In GA, Too small: set the buffer length as 15m
In GA, Too small: set the buffer length as 15m
In GA, Too small: set the buffer length as 15m
In GA, Too small: set the buffer length as 15m
In GA, Too small: set the buffer length as 15m
In GA, Too small: set the buffer length as 15m
In GA, Too small: set the buffer length as 15m
In GA, Too small: set the buffer length as 15m
In GA, Too small: set the buffer length as 15m
In GA, Too small: set the buffer length as 15m
In GA, Too small: set the buffer length as 15m
In GA, Too small: set the buffer length as 15m
In GA, Too small: set the buffer length as 15m
In GA, Too small: set the buffer length as 15m
In GA, Too small: set the buffer length as 15m
In GA, Too small: set the buffer length as 15m
In GA, Too small: set the buffer length as 15m
In GA, Too small: set the buffer length as 15m
In GA, Too small: set the buffer length as 15m
In GA, Too small: set the buffer length as 15m
In GA, Too small: set the buffer length as 15m
In GA, Too small: set the buffer length as 15m
In GA, Too small: set the buffer length as 15m
In GA, Too small: set the buffer length as 15m
In GA, Too small: set the buffer length as 15m
In GA, Too small: set the buffer length as 15m
In GA, Too small: set the buffer length as 15m
In GA, Too small: set the buffer length as 15m
In GA, Too small: set the buffer length as 15m
In GA, Too small: set the buffer length as 15m
In GA, Too small: set the buffer length as 15m
In GA, Too small: set the buffer length as 15m
In GA, Too small: set the buffer length as 15m
In GA, Too small: set the buffer length as 15m
In GA, Too small: set the buffer length as 15m
In GA, Too small: set the buffer length as 15m
In GA, Too small: set the buffer length as 15m
In GA, Too small: set the buffer length as 15m
In GA, Too small: set the buffer length as 15m
In GA, Too small: set the buffer length as 15m
In GA, Too small: set the buffer length as 15m
In GA, Too small: set the buffer length as 15m
In GA, Too small: set the buffer length as 15m
In GA, Too small: set the buffer length as 15m
In GA, Too small: set the buffer length as 15m
In GA, Too small: set the buffer length as 15m
In GA, Too small: set the buffer length as 15m
In GA, Too small: set the buffer length as 15m
In GA, Too small: set the buffer length as 15m
In GA, Too small: set the buffer length as 15m
In GA, Too small: set the buffer length as 15m
In GA, Too small: set the buffer length as 15m
In GA, Too small: set the buffer length as 15m
In GA, Too small: set the buffer length as 15m
In GA, Too small: set the buffer length as 15m
In GA, Too small: set the buffer length as 15m
In GA, Too small: set the buffer length as 15m
In GA, Too small: set the buffer length as 15m
In GA, Too small: set the buffer length as 15m
In GA, Too small: set the buffer length as 15m
In GA, Too small: set the buffer length as 15m
In GA, Too small: set the buffer length as 15m
In GA, Too small: set the buffer length as 15m
In GA, Too small: set the buffer length as 15m
In GA, Too small: set the buffer length as 15m
In GA, Too small: set the buffer length as 15m
In GA, Too small: set the buffer length as 15m
In GA, Too small: set the buffer length as 15m
In GA, Too small: set the buffer length as 15m
In GA, Too small: set the buffer length as 15m
In GA, Too small: set the buffer length as 15m
In GA, Too small: set the buffer length as 15m
In GA, Too small: set the buffer length as 15m
In GA, Too small: set the buffer length as 15m
In GA, Too small: set the buffer length as 15m
In GA, Too small: set the buffer length as 15m
In GA, Too small: set the buffer length as 15m
In GA, Too small: set the buffer length as 15m
In GA, Too small: set the buffer length as 15m
In GA, Too small: set the buffer length as 15m
In GA, Too small: set the buffer length as 15m
In GA, Too small: set the buffer length as 15m
In GA, Too small: set the buffer length as 15m
In GA, Too small: set the buffer length as 15m
In GA, Too small: set the buffer length as 15m
In GA, Too small: set the buffer length as 15m
In GA, Too small: set the buffer length as 15m
In GA, Too small: set the buffer length as 15m
In GA, Too small: set the buffer length as 15m
In GA, Too small: set the buffer length as 15m
In GA, Too small: set the buffer length as 15m
In GA, Too small: set the buffer length as 15m
In GA, Too small: set the buffer length as 15m
In GA, Too small: set the buffer length as 15m
In GA, Too small: set the buffer length as 15m
In GA, Too small: set the buffer length as 15m
In GA, Too small: set the buffer length as 15m
In GA, Too small: set the buffer length as 15m
In GA, Too small: set the buffer length as 15m
In GA, Too small: set the buffer length as 15m
In GA, Too small: set the buffer length as 15m
In GA, Too small: set the buffer length as 15m
In GA, Too small: set the buffer length as 15m
In GA, Too small: set the buffer length as 15m
In GA, Too small: set the buffer length as 15m
In GA, Too small: set the buffer length as 15m
In GA, Too small: set the buffer length as 15m
In GA, Too small: set the buffer length as 15m
In GA, Too small: set the buffer length as 15m
In GA, Too small: set the buffer length as 15m
In GA, Too small: set the buffer length as 15m
In GA, Too small: set the buffer length as 15m
In GA, Too small: set the buffer length as 15m
In GA, Too small: set the buffer length as 15m
In GA, Too small: set the buffer length as 15m
In GA, Too small: set the buffer length as 15m
In GA, Too small: set the buffer length as 15m
In GA, Too small: set the buffer length as 15m
In GA, Too small: set the buffer length as 15m
In GA, Too small: set the buffer length as 15m
In GA, Too small: set the buffer length as 15m
In GA, Too small: set the buffer length as 15m
In GA, Too small: set the buffer length as 15m
In GA, Too small: set the buffer length as 15m
In GA, Too small: set the buffer length as 15m
In GA, Too small: set the buffer length as 15m
In GA, Too small: set the buffer length as 15m
In GA, Too small: set the buffer length as 15m
In GA, Too small: set the buffer length as 15m
In GA, Too small: set the buffer length as 15m
In GA, Too small: set the buffer length as 15m
In GA, Too small: set the buffer length as 15m
In GA, Too small: set the buffer length as 15m
In GA, Too small: set the buffer length as 15m
In GA, Too small: set the buffer length as 15m
In GA, Too small: set the buffer length as 15m
In GA, Too small: set the buffer length as 15m
In GA, Too small: set the buffer length as 15m
In GA, Too small: set the buffer length as 15m
In GA, Too small: set the buffer length as 15m
In GA, Too small: set the buffer length as 15m
In GA, Too small: set the buffer length as 15m
In GA, Too small: set the buffer length as 15m
In GA, Too small: set the buffer length as 15m
In GA, Too small: set the buffer length as 15m
In GA, Too small: set the buffer length as 15m
In GA, Too small: set the buffer length as 15m
In GA, Too small: set the buffer length as 15m
In GA, Too small: set the buffer length as 15m
In GA, Too small: set the buffer length as 15m
In GA, Too small: set the buffer length as 15m
In GA, Too small: set the buffer length as 15m
In GA, Too small: set the buffer length as 15m
In GA, Too small: set the buffer length as 15m
In GA, Too small: set the buffer length as 15m
In GA, Too small: set the buffer length as 15m
In GA, Too small: set the buffer length as 15m
In GA, Too small: set the buffer length as 15m
In GA, Too small: set the buffer length as 15m
In GA, Too small: set the buffer length as 15m
In GA, Too small: set the buffer length as 15m
In GA, Too small: set the buffer length as 15m
In GA, Too small: set the buffer length as 15m
In GA, Too small: set the buffer length as 15m
In GA, Too small: set the buffer length as 15m
In GA, Too small: set the buffer length as 15m
In GA, Too small: set the buffer length as 15m
In GA, Too small: set the buffer length as 15m
In GA, Too small: set the buffer length as 15m
In GA, Too small: set the buffer length as 15m
In GA, Too small: set the buffer length as 15m
In GA, Too small: set the buffer length as 15m
In GA, Too small: set the buffer length as 15m
In GA, Too small: set the buffer length as 15m
In GA, Too small: set the buffer length as 15m
In GA, Too small: set the buffer length as 15m
In GA, Too small: set the buffer length as 15m
In GA, Too small: set the buffer length as 15m
In GA, Too small: set the buffer length as 15m
In GA, Too small: set the buffer length as 15m
In GA, Too small: set the buffer length as 15m
In GA, Too small: set the buffer length as 15m
In GA, Too small: set the buffer length as 15m
In GA, Too small: set the buffer length as 15m
In GA, Too small: set the buffer length as 15m
In GA, Too small: set the buffer length as 15m
In GA, Too small: set the buffer length as 15m
In GA, Too small: set the buffer length as 15m
In GA, Too small: set the buffer length as 15m
In GA, Too small: set the buffer length as 15m
In GA, Too small: set the buffer length as 15m
In GA, Too small: set the buffer length as 15m
In GA, Too small: set the buffer length as 15m
In GA, Too small: set the buffer length as 15m
In GA, Too small: set the buffer length as 15m
In GA, Too small: set the buffer length as 15m
In GA, Too small: set the buffer length as 15m
In GA, Too small: set the buffer length as 15m
In GA, Too small: set the buffer length as 15m
In GA, Too small: set the buffer length as 15m
In GA, Too small: set the buffer length as 15m
In GA, Too small: set the buffer length as 15m
In GA, Too small: set the buffer length as 15m
In GA, Too small: set the buffer length as 15m
In GA, Too small: set the buffer length as 15m
In GA, Too small: set the buffer length as 15m
In GA, Too small: set the buffer length as 15m
In GA, Too small: set the buffer length as 15m
In GA, Too small: set the buffer length as 15m
In GA, Too small: set the buffer length as 15m
In GA, Too small: set the buffer length as 15m
In GA, Too small: set the buffer length as 15m
In GA, Too small: set the buffer length as 15m
In GA, Too small: set the buffer length as 15m
In GA, Too small: set the buffer length as 15m
In GA, Too small: set the buffer length as 15m
In GA, Too small: set the buffer length as 15m
In GA, Too small: set the buffer length as 15m
In GA, Too small: set the buffer length as 15m
In GA, Too small: set the buffer length as 15m
In GA, Too small: set the buffer length as 15m
In GA, Too small: set the buffer length as 15m
In GA, Too small: set the buffer length as 15m
In GA, Too small: set the buffer length as 15m
In GA, Too small: set the buffer length as 15m
In GA, Too small: set the buffer length as 15m
In GA, Too small: set the buffer length as 15m
In GA, Too small: set the buffer length as 15m
In GA, Too small: set the buffer length as 15m
In GA, Too small: set the buffer length as 15m
In GA, Too small: set the buffer length as 15m
In GA, Too small: set the buffer length as 15m
In GA, Too small: set the buffer length as 15m
In GA, Too small: set the buffer length as 15m
In GA, Too small: set the buffer length as 15m
In GA, Too small: set the buffer length as 15m
In GA, Too small: set the buffer length as 15m
In GA, Too small: set the buffer length as 15m
In GA, Too small: set the buffer length as 15m
In GA, Too small: set the buffer length as 15m
In GA, Too small: set the buffer length as 15m
In GA, Too small: set the buffer length as 15m
In GA, Too small: set the buffer length as 15m
In GA, Too small: set the buffer length as 15m
In GA, Too small: set the buffer length as 15m
In GA, Too small: set the buffer length as 15m
In GA, Too small: set the buffer length as 15m
In GA, Too small: set the buffer length as 15m
In GA, Too small: set the buffer length as 15m
In GA, Too small: set the buffer length as 15m
In GA, Too small: set the buffer length as 15m
In GA, Too small: set the buffer length as 15m
In GA, Too small: set the buffer length as 15m
In GA, Too small: set the buffer length as 15m
In GA, Too small: set the buffer length as 15m
In GA, Too small: set the buffer length as 15m
In GA, Too small: set the buffer length as 15m
In GA, Too small: set the buffer length as 15m
In GA, Too small: set the buffer length as 15m
In GA, Too small: set the buffer length as 15m
In GA, Too small: set the buffer length as 15m
In GA, Too small: set the buffer length as 15m
In GA, Too small: set the buffer length as 15m
In GA, Too small: set the buffer length as 15m
In GA, Too small: set the buffer length as 15m
In GA, Too small: set the buffer length as 15m
In GA, Too small: set the buffer length as 15m
In GA, Too small: set the buffer length as 15m
In GA, Too small: set the buffer length as 15m
In GA, Too small: set the buffer length as 15m
In GA, Too small: set the buffer length as 15m
In GA, Too small: set the buffer length as 15m
In GA, Too small: set the buffer length as 15m
In GA, Too small: set the buffer length as 15m
In GA, Too small: set the buffer length as 15m
In GA, Too small: set the buffer length as 15m
In GA, Too small: set the buffer length as 15m
In GA, Too small: set the buffer length as 15m
In GA, Too small: set the buffer length as 15m
In GA, Too small: set the buffer length as 15m
In GA, Too small: set the buffer length as 15m
In GA, Too small: set the buffer length as 15m
In GA, Too small: set the buffer length as 15m
In GA, Too small: set the buffer length as 15m
In GA, Too small: set the buffer length as 15m
In GA, Too small: set the buffer length as 15m
In GA, Too small: set the buffer length as 15m
In GA, Too small: set the buffer length as 15m
In GA, Too small: set the buffer length as 15m
In GA, Too small: set the buffer length as 15m
In GA, Too small: set the buffer length as 15m
In GA, Too small: set the buffer length as 15m
In GA, Too small: set the buffer length as 15m
In GA, Too small: set the buffer length as 15m
In GA, Too small: set the buffer length as 15m
In GA, Too small: set the buffer length as 15m
In GA, Too small: set the buffer length as 15m
In GA, Too small: set the buffer length as 15m
In GA, Too small: set the buffer length as 15m
In GA, Too small: set the buffer length as 15m
In GA, Too small: set the buffer length as 15m
In GA, Too small: set the buffer length as 15m
In GA, Too small: set the buffer length as 15m
In GA, Too small: set the buffer length as 15m
In GA, Too small: set the buffer length as 15m
In GA, Too small: set the buffer length as 15m
In GA, Too small: set the buffer length as 15m
In GA, Too small: set the buffer length as 15m
In GA, Too small: set the buffer length as 15m
In GA, Too small: set the buffer length as 15m
In GA, Too small: set the buffer length as 15m
In GA, Too small: set the buffer length as 15m
In GA, Too small: set the buffer length as 15m
In GA, Too small: set the buffer length as 15m
In GA, Too small: set the buffer length as 15m
In GA, Too small: set the buffer length as 15m
In GA, Too small: set the buffer length as 15m
In GA, Too small: set the buffer length as 15m
In GA, Too small: set the buffer length as 15m
In GA, Too small: set the buffer length as 15m
In GA, Too small: set the buffer length as 15m
In GA, Too small: set the buffer length as 15m
In GA, Too small: set the buffer length as 15m
In GA, Too small: set the buffer length as 15m
In GA, Too small: set the buffer length as 15m
In GA, Too small: set the buffer length as 15m
In GA, Too small: set the buffer length as 15m
In GA, Too small: set the buffer length as 15m
In GA, Too small: set the buffer length as 15m
In GA, Too small: set the buffer length as 15m
In GA, Too small: set the buffer length as 15m
In GA, Too small: set the buffer length as 15m
In GA, Too small: set the buffer length as 15m
In GA, Too small: set the buffer length as 15m
In GA, Too small: set the buffer length as 15m
In GA, Too small: set the buffer length as 15m
In GA, Too small: set the buffer length as 15m
In GA, Too small: set the buffer length as 15m
In GA, Too small: set the buffer length as 15m
In GA, Too small: set the buffer length as 15m
In GA, Too small: set the buffer length as 15m
In GA, Too small: set the buffer length as 15m
In GA, Too small: set the buffer length as 15m
In GA, Too small: set the buffer length as 15m
In GA, Too small: set the buffer length as 15m
In GA, Too small: set the buffer length as 15m
In GA, Too small: set the buffer length as 15m
In GA, Too small: set the buffer length as 15m
In GA, Too small: set the buffer length as 15m
In GA, Too small: set the buffer length as 15m
In GA, Too small: set the buffer length as 15m
In GA, Too small: set the buffer length as 15m
In GA, Too small: set the buffer length as 15m
In GA, Too small: set the buffer length as 15m
In GA, Too small: set the buffer length as 15m
In GA, Too small: set the buffer length as 15m
In GA, Too small: set the buffer length as 15m
In GA, Too small: set the buffer length as 15m
In GA, Too small: set the buffer length as 15m
In GA, Too small: set the buffer length as 15m
In GA, Too small: set the buffer length as 15m
In GA, Too small: set the buffer length as 15m
In GA, Too small: set the buffer length as 15m
In GA, Too small: set the buffer length as 15m
In GA, Too small: set the buffer length as 15m
In GA, Too small: set the buffer length as 15m
In GA, Too small: set the buffer length as 15m
In GA, Too small: set the buffer length as 15m
In GA, Too small: set the buffer length as 15m
In GA, Too small: set the buffer length as 15m
In GA, Too small: set the buffer length as 15m
In GA, Too small: set the buffer length as 15m
In GA, Too small: set the buffer length as 15m
In GA, Too small: set the buffer length as 15m
In GA, Too small: set the buffer length as 15m
In GA, Too small: set the buffer length as 15m
In GA, Too small: set the buffer length as 15m
In GA, Too small: set the buffer length as 15m
In GA, Too small: set the buffer length as 15m
In GA, Too small: set the buffer length as 15m
In GA, Too small: set the buffer length as 15m
In GA, Too small: set the buffer length as 15m
In GA, Too small: set the buffer length as 15m
In GA, Too small: set the buffer length as 15m
In GA, Too small: set the buffer length as 15m
In GA, Too small: set the buffer length as 15m
In GA, Too small: set the buffer length as 15m
In GA, Too small: set the buffer length as 15m
In GA, Too small: set the buffer length as 15m
In GA, Too small: set the buffer length as 15m
In GA, Too small: set the buffer length as 15m
In GA, Too small: set the buffer length as 15m
In GA, Too small: set the buffer length as 15m
In GA, Too small: set the buffer length as 15m
In GA, Too small: set the buffer length as 15m
In GA, Too small: set the buffer length as 15m
In GA, Too small: set the buffer length as 15m
In GA, Too small: set the buffer length as 15m
In GA, Too small: set the buffer length as 15m
In GA, Too small: set the buffer length as 15m
In GA, Too small: set the buffer length as 15m
In GA, Too small: set the buffer length as 15m
In GA, Too small: set the buffer length as 15m
In GA, Too small: set the buffer length as 15m
In GA, Too small: set the buffer length as 15m
In GA, Too small: set the buffer length as 15m
In GA, Too small: set the buffer length as 15m
In GA, Too small: set the buffer length as 15m
In GA, Too small: set the buffer length as 15m
In GA, Too small: set the buffer length as 15m
In GA, Too small: set the buffer length as 15m
In GA, Too small: set the buffer length as 15m
In GA, Too small: set the buffer length as 15m
In GA, Too small: set the buffer length as 15m
In GA, Too small: set the buffer length as 15m
In GA, Too small: set the buffer length as 15m
In GA, Too small: set the buffer length as 15m
In GA, Too small: set the buffer length as 15m
In GA, Too small: set the buffer length as 15m
In GA, Too small: set the buffer length as 15m
In GA, Too small: set the buffer length as 15m
In GA, Too small: set the buffer length as 15m
In GA, Too small: set the buffer length as 15m
In GA, Too small: set the buffer length as 15m
In GA, Too small: set the buffer length as 15m
In GA, Too small: set the buffer length as 15m
In GA, Too small: set the buffer length as 15m
In GA, Too small: set the buffer length as 15m
In GA, Too small: set the buffer length as 15m
In GA, Too small: set the buffer length as 15m
In GA, Too small: set the buffer length as 15m
In GA, Too small: set the buffer length as 15m
In GA, Too small: set the buffer length as 15m
In GA, Too small: set the buffer length as 15m
In GA, Too small: set the buffer length as 15m
In GA, Too small: set the buffer length as 15m
In GA, Too small: set the buffer length as 15m
In GA, Too small: set the buffer length as 15m
In GA, Too small: set the buffer length as 15m
In GA, Too small: set the buffer length as 15m
In GA, Too small: set the buffer length as 15m
In GA, Too small: set the buffer length as 15m
In GA, Too small: set the buffer length as 15m
In GA, Too small: set the buffer length as 15m
In GA, Too small: set the buffer length as 15m
In GA, Too small: set the buffer length as 15m
In GA, Too small: set the buffer length as 15m
In GA, Too small: set the buffer length as 15m
In GA, Too small: set the buffer length as 15m
In GA, Too small: set the buffer length as 15m
In GA, Too small: set the buffer length as 15m
In GA, Too small: set the buffer length as 15m
In GA, Too small: set the buffer length as 15m
In GA, Too small: set the buffer length as 15m
In GA, Too small: set the buffer length as 15m
In GA, Too small: set the buffer length as 15m
In GA, Too small: set the buffer length as 15m
In GA, Too small: set the buffer length as 15m
In GA, Too small: set the buffer length as 15m
In GA, Too small: set the buffer length as 15m
In GA, Too small: set the buffer length as 15m
In GA, Too small: set the buffer length as 15m
In GA, Too small: set the buffer length as 15m
In GA, Too small: set the buffer length as 15m
In GA, Too small: set the buffer length as 15m
In GA, Too small: set the buffer length as 15m
In GA, Too small: set the buffer length as 15m
In GA, Too small: set the buffer length as 15m
In GA, Too small: set the buffer length as 15m
In GA, Too small: set the buffer length as 15m
In GA, Too small: set the buffer length as 15m
In GA, Too small: set the buffer length as 15m
In GA, Too small: set the buffer length as 15m
In GA, Too small: set the buffer length as 15m
In GA, Too small: set the buffer length as 15m
In GA, Too small: set the buffer length as 15m
In GA, Too small: set the buffer length as 15m
In GA, Too small: set the buffer length as 15m
In GA, Too small: set the buffer length as 15m
In GA, Too small: set the buffer length as 15m
In GA, Too small: set the buffer length as 15m
In GA, Too small: set the buffer length as 15m
In GA, Too small: set the buffer length as 15m
In GA, Too small: set the buffer length as 15m
In GA, Too small: set the buffer length as 15m
In GA, Too small: set the buffer length as 15m
In GA, Too small: set the buffer length as 15m
In GA, Too small: set the buffer length as 15m
In GA, Too small: set the buffer length as 15m
In GA, Too small: set the buffer length as 15m
In GA, Too small: set the buffer length as 15m
In GA, Too small: set the buffer length as 15m
In GA, Too small: set the buffer length as 15m
In GA, Too small: set the buffer length as 15m
In GA, Too small: set the buffer length as 15m
In GA, Too small: set the buffer length as 15m
In GA, Too small: set the buffer length as 15m
In GA, Too small: set the buffer length as 15m
In GA, Too small: set the buffer length as 15m
In GA, Too small: set the buffer length as 15m
In GA, Too small: set the buffer length as 15m
In GA, Too small: set the buffer length as 15m
In GA, Too small: set the buffer length as 15m
In GA, Too small: set the buffer length as 15m
In GA, Too small: set the buffer length as 15m
In GA, Too small: set the buffer length as 15m
In GA, Too small: set the buffer length as 15m
In GA, Too small: set the buffer length as 15m
In GA, Too small: set the buffer length as 15m
In GA, Too small: set the buffer length as 15m
In GA, Too small: set the buffer length as 15m
In GA, Too small: set the buffer length as 15m
In GA, Too small: set the buffer length as 15m
In GA, Too small: set the buffer length as 15m
In GA, Too small: set the buffer length as 15m
In GA, Too small: set the buffer length as 15m
In GA, Too small: set the buffer length as 15m
In GA, Too small: set the buffer length as 15m
In GA, Too small: set the buffer length as 15m
In GA, Too small: set the buffer length as 15m
In GA, Too small: set the buffer length as 15m
In GA, Too small: set the buffer length as 15m
In GA, Too small: set the buffer length as 15m
In GA, Too small: set the buffer length as 15m
In GA, Too small: set the buffer length as 15m
In GA, Too small: set the buffer length as 15m
In GA, Too small: set the buffer length as 15m
In GA, Too small: set the buffer length as 15m
In GA, Too small: set the buffer length as 15m
In GA, Too small: set the buffer length as 15m
In GA, Too small: set the buffer length as 15m
In GA, Too small: set the buffer length as 15m
In GA, Too small: set the buffer length as 15m
In GA, Too small: set the buffer length as 15m
In GA, Too small: set the buffer length as 15m
In GA, Too small: set the buffer length as 15m
In GA, Too small: set the buffer length as 15m
In GA, Too small: set the buffer length as 15m
In GA, Too small: set the buffer length as 15m
In GA, Too small: set the buffer length as 15m
In GA, Too small: set the buffer length as 15m
In GA, Too small: set the buffer length as 15m
In GA, Too small: set the buffer length as 15m
In GA, Too small: set the buffer length as 15m
In GA, Too small: set the buffer length as 15m
In GA, Too small: set the buffer length as 15m
In GA, Too small: set the buffer length as 15m
In GA, Too small: set the buffer length as 15m
In GA, Too small: set the buffer length as 15m
In GA, Too small: set the buffer length as 15m
In GA, Too small: set the buffer length as 15m
In GA, Too small: set the buffer length as 15m
In GA, Too small: set the buffer length as 15m
In GA, Too small: set the buffer length as 15m
In GA, Too small: set the buffer length as 15m
In GA, Too small: set the buffer length as 15m
In GA, Too small: set the buffer length as 15m
In GA, Too small: set the buffer length as 15m
In GA, Too small: set the buffer length as 15m
In GA, Too small: set the buffer length as 15m
In GA, Too small: set the buffer length as 15m
In GA, Too small: set the buffer length as 15m
In GA, Too small: set the buffer length as 15m
In GA, Too small: set the buffer length as 15m
In GA, Too small: set the buffer length as 15m
In GA, Too small: set the buffer length as 15m
In GA, Too small: set the buffer length as 15m
In GA, Too small: set the buffer length as 15m
In GA, Too small: set the buffer length as 15m
In GA, Too small: set the buffer length as 15m
In GA, Too small: set the buffer length as 15m
In GA, Too small: set the buffer length as 15m
In GA, Too small: set the buffer length as 15m
In GA, Too small: set the buffer length as 15m
In GA, Too small: set the buffer length as 15m
In GA, Too small: set the buffer length as 15m
In GA, Too small: set the buffer length as 15m
In GA, Too small: set the buffer length as 15m
In GA, Too small: set the buffer length as 15m
In GA, Too small: set the buffer length as 15m
In GA, Too small: set the buffer length as 15m
In GA, Too small: set the buffer length as 15m
In GA, Too small: set the buffer length as 15m
In GA, Too small: set the buffer length as 15m
In GA, Too small: set the buffer length as 15m
In GA, Too small: set the buffer length as 15m
In GA, Too small: set the buffer length as 15m
In GA, Too small: set the buffer length as 15m
In GA, Too small: set the buffer length as 15m
In GA, Too small: set the buffer length as 15m
In GA, Too small: set the buffer length as 15m
In GA, Too small: set the buffer length as 15m
In GA, Too small: set the buffer length as 15m
In GA, Too small: set the buffer length as 15m
In GA, Too small: set the buffer length as 15m
In GA, Too small: set the buffer length as 15m
In GA, Too small: set the buffer length as 15m
In GA, Too small: set the buffer length as 15m
In GA, Too small: set the buffer length as 15m
In GA, Too small: set the buffer length as 15m
In GA, Too small: set the buffer length as 15m
In GA, Too small: set the buffer length as 15m
In GA, Too small: set the buffer length as 15m
In GA, Too small: set the buffer length as 15m
In GA, Too small: set the buffer length as 15m
In GA, Too small: set the buffer length as 15m
In GA, Too small: set the buffer length as 15m
In GA, Too small: set the buffer length as 15m
In GA, Too small: set the buffer length as 15m
In GA, Too small: set the buffer length as 15m
In GA, Too small: set the buffer length as 15m
In GA, Too small: set the buffer length as 15m
In GA, Too small: set the buffer length as 15m
In GA, Too small: set the buffer length as 15m
In GA, Too small: set the buffer length as 15m
In GA, Too small: set the buffer length as 15m
In GA, Too small: set the buffer length as 15m
In GA, Too small: set the buffer length as 15m
In GA, Too small: set the buffer length as 15m
In GA, Too small: set the buffer length as 15m
In GA, Too small: set the buffer length as 15m
In GA, Too small: set the buffer length as 15m
In GA, Too small: set the buffer length as 15m
In GA, Too small: set the buffer length as 15m
In GA, Too small: set the buffer length as 15m
In GA, Too small: set the buffer length as 15m
In GA, Too small: set the buffer length as 15m
In GA, Too small: set the buffer length as 15m
In GA, Too small: set the buffer length as 15m
In GA, Too small: set the buffer length as 15m
In GA, Too small: set the buffer length as 15m
In GA, Too small: set the buffer length as 15m
In GA, Too small: set the buffer length as 15m
In GA, Too small: set the buffer length as 15m
In GA, Too small: set the buffer length as 15m
In GA, Too small: set the buffer length as 15m
In GA, Too small: set the buffer length as 15m
In GA, Too small: set the buffer length as 15m
In GA, Too small: set the buffer length as 15m
In GA, Too small: set the buffer length as 15m
In GA, Too small: set the buffer length as 15m
In GA, Too small: set the buffer length as 15m
In GA, Too small: set the buffer length as 15m
In GA, Too small: set the buffer length as 15m
In GA, Too small: set the buffer length as 15m
In GA, Too small: set the buffer length as 15m
In GA, Too small: set the buffer length as 15m
In GA, Too small: set the buffer length as 15m
In GA, Too small: set the buffer length as 15m
In GA, Too small: set the buffer length as 15m
In GA, Too small: set the buffer length as 15m
In GA, Too small: set the buffer length as 15m
In GA, Too small: set the buffer length as 15m
In GA, Too small: set the buffer length as 15m
In GA, Too small: set the buffer length as 15m
In GA, Too small: set the buffer length as 15m
In GA, Too small: set the buffer length as 15m
In GA, Too small: set the buffer length as 15m
In GA, Too small: set the buffer length as 15m
In GA, Too small: set the buffer length as 15m
In GA, Too small: set the buffer length as 15m
In GA, Too small: set the buffer length as 15m
In GA, Too small: set the buffer length as 15m
In GA, Too small: set the buffer length as 15m
In GA, Too small: set the buffer length as 15m
In GA, Too small: set the buffer length as 15m
In GA, Too small: set the buffer length as 15m
In GA, Too small: set the buffer length as 15m
In GA, Too small: set the buffer length as 15m
In GA, Too small: set the buffer length as 15m
In GA, Too small: set the buffer length as 15m
In GA, Too small: set the buffer length as 15m
In GA, Too small: set the buffer length as 15m
In GA, Too small: set the buffer length as 15m
In GA, Too small: set the buffer length as 15m
In GA, Too small: set the buffer length as 15m
In GA, Too small: set the buffer length as 15m
In GA, Too small: set the buffer length as 15m
In GA, Too small: set the buffer length as 15m
In GA, Too small: set the buffer length as 15m
In GA, Too small: set the buffer length as 15m
In GA, Too small: set the buffer length as 15m
In GA, Too small: set the buffer length as 15m
In GA, Too small: set the buffer length as 15m
In GA, Too small: set the buffer length as 15m
In GA, Too small: set the buffer length as 15m
In GA, Too small: set the buffer length as 15m
In GA, Too small: set the buffer length as 15m
In GA, Too small: set the buffer length as 15m
In GA, Too small: set the buffer length as 15m
In GA, Too small: set the buffer length as 15m
In GA, Too small: set the buffer length as 15m
In GA, Too small: set the buffer length as 15m
In GA, Too small: set the buffer length as 15m
In GA, Too small: set the buffer length as 15m
In GA, Too small: set the buffer length as 15m
In GA, Too small: set the buffer length as 15m
In GA, Too small: set the buffer length as 15m
In GA, Too small: set the buffer length as 15m
In GA, Too small: set the buffer length as 15m
In GA, Too small: set the buffer length as 15m
In GA, Too small: set the buffer length as 15m
In GA, Too small: set the buffer length as 15m
In GA, Too small: set the buffer length as 15m
In GA, Too small: set the buffer length as 15m
In GA, Too small: set the buffer length as 15m
In GA, Too small: set the buffer length as 15m
In GA, Too small: set the buffer length as 15m
In GA, Too small: set the buffer length as 15m
In GA, Too small: set the buffer length as 15m
In GA, Too small: set the buffer length as 15m
In GA, Too small: set the buffer length as 15m
In GA, Too small: set the buffer length as 15m
In GA, Too small: set the buffer length as 15m
In GA, Too small: set the buffer length as 15m
In GA, Too small: set the buffer length as 15m
In GA, Too small: set the buffer length as 15m
In GA, Too small: set the buffer length as 15m
In GA, Too small: set the buffer length as 15m
In GA, Too small: set the buffer length as 15m
In GA, Too small: set the buffer length as 15m
In GA, Too small: set the buffer length as 15m
In GA, Too small: set the buffer length as 15m
In GA, Too small: set the buffer length as 15m
In GA, Too small: set the buffer length as 15m
In GA, Too small: set the buffer length as 15m
In GA, Too small: set the buffer length as 15m
In GA, Too small: set the buffer length as 15m
In GA, Too small: set the buffer length as 15m
In GA, Too small: set the buffer length as 15m
In GA, Too small: set the buffer length as 15m
In GA, Too small: set the buffer length as 15m
In GA, Too small: set the buffer length as 15m
In GA, Too small: set the buffer length as 15m
In GA, Too small: set the buffer length as 15m
In GA, Too small: set the buffer length as 15m
In GA, Too small: set the buffer length as 15m
In GA, Too small: set the buffer length as 15m
In GA, Too small: set the buffer length as 15m
In GA, Too small: set the buffer length as 15m
In GA, Too small: set the buffer length as 15m
In GA, Too small: set the buffer length as 15m
In GA, Too small: set the buffer length as 15m
In GA, Too small: set the buffer length as 15m
In GA, Too small: set the buffer length as 15m
In GA, Too small: set the buffer length as 15m
In GA, Too small: set the buffer length as 15m
In GA, Too small: set the buffer length as 15m
In GA, Too small: set the buffer length as 15m
In GA, Too small: set the buffer length as 15m
In GA, Too small: set the buffer length as 15m
In GA, Too small: set the buffer length as 15m
In GA, Too small: set the buffer length as 15m
In GA, Too small: set the buffer length as 15m
In GA, Too small: set the buffer length as 15m
In GA, Too small: set the buffer length as 15m
In GA, Too small: set the buffer length as 15m
In GA, Too small: set the buffer length as 15m
In GA, Too small: set the buffer length as 15m
In GA, Too small: set the buffer length as 15m
In GA, Too small: set the buffer length as 15m
In GA, Too small: set the buffer length as 15m
In GA, Too small: set the buffer length as 15m
In GA, Too small: set the buffer length as 15m
In GA, Too small: set the buffer length as 15m
In GA, Too small: set the buffer length as 15m
In GA, Too small: set the buffer length as 15m
In GA, Too small: set the buffer length as 15m
In GA, Too small: set the buffer length as 15m
In GA, Too small: set the buffer length as 15m
In GA, Too small: set the buffer length as 15m
In GA, Too small: set the buffer length as 15m
In GA, Too small: set the buffer length as 15m
In GA, Too small: set the buffer length as 15m
In GA, Too small: set the buffer length as 15m
In GA, Too small: set the buffer length as 15m
In GA, Too small: set the buffer length as 15m
In GA, Too small: set the buffer length as 15m
In GA, Too small: set the buffer length as 15m
In GA, Too small: set the buffer length as 15m
In GA, Too small: set the buffer length as 15m
In GA, Too small: set the buffer length as 15m
In GA, Too small: set the buffer length as 15m
In GA, Too small: set the buffer length as 15m
In GA, Too small: set the buffer length as 15m
In GA, Too small: set the buffer length as 15m
In GA, Too small: set the buffer length as 15m
In GA, Too small: set the buffer length as 15m
In GA, Too small: set the buffer length as 15m
In GA, Too small: set the buffer length as 15m
In GA, Too small: set the buffer length as 15m
In GA, Too small: set the buffer length as 15m
In GA, Too small: set the buffer length as 15m
In GA, Too small: set the buffer length as 15m
In GA, Too small: set the buffer length as 15m
In GA, Too small: set the buffer length as 15m
In GA, Too small: set the buffer length as 15m
In GA, Too small: set the buffer length as 15m
In GA, Too small: set the buffer length as 15m
In GA, Too small: set the buffer length as 15m
In GA, Too small: set the buffer length as 15m
In GA, Too small: set the buffer length as 15m
In GA, Too small: set the buffer length as 15m
In GA, Too small: set the buffer length as 15m
In GA, Too small: set the buffer length as 15m
In GA, Too small: set the buffer length as 15m
In GA, Too small: set the buffer length as 15m
In GA, Too small: set the buffer length as 15m
In GA, Too small: set the buffer length as 15m
In GA, Too small: set the buffer length as 15m
In GA, Too small: set the buffer length as 15m
In GA, Too small: set the buffer length as 15m
In GA, Too small: set the buffer length as 15m
In GA, Too small: set the buffer length as 15m
In GA, Too small: set the buffer length as 15m
In GA, Too small: set the buffer length as 15m
In GA, Too small: set the buffer length as 15m
In GA, Too small: set the buffer length as 15m
In GA, Too small: set the buffer length as 15m
In GA, Too small: set the buffer length as 15m
In GA, Too small: set the buffer length as 15m
In GA, Too small: set the buffer length as 15m
In GA, Too small: set the buffer length as 15m
In GA, Too small: set the buffer length as 15m
In GA, Too small: set the buffer length as 15m
In GA, Too small: set the buffer length as 15m
In GA, Too small: set the buffer length as 15m
In GA, Too small: set the buffer length as 15m
In GA, Too small: set the buffer length as 15m
In GA, Too small: set the buffer length as 15m
In GA, Too small: set the buffer length as 15m
In GA, Too small: set the buffer length as 15m
In GA, Too small: set the buffer length as 15m
In GA, Too small: set the buffer length as 15m
In GA, Too small: set the buffer length as 15m
In GA, Too small: set the buffer length as 15m
In GA, Too small: set the buffer length as 15m
In GA, Too small: set the buffer length as 15m
In GA, Too small: set the buffer length as 15m
In GA, Too small: set the buffer length as 15m
In GA, Too small: set the buffer length as 15m
In GA, Too small: set the buffer length as 15m
In GA, Too small: set the buffer length as 15m
In GA, Too small: set the buffer length as 15m
In GA, Too small: set the buffer length as 15m
In GA, Too small: set the buffer length as 15m
In GA, Too small: set the buffer length as 15m
In GA, Too small: set the buffer length as 15m
In GA, Too small: set the buffer length as 15m
In GA, Too small: set the buffer length as 15m
In GA, Too small: set the buffer length as 15m
In GA, Too small: set the buffer length as 15m
In GA, Too small: set the buffer length as 15m
In GA, Too small: set the buffer length as 15m
In GA, Too small: set the buffer length as 15m
In GA, Too small: set the buffer length as 15m
In GA, Too small: set the buffer length as 15m
In GA, Too small: set the buffer length as 15m
In GA, Too small: set the buffer length as 15m
In GA, Too small: set the buffer length as 15m
In GA, Too small: set the buffer length as 15m
In GA, Too small: set the buffer length as 15m
In GA, Too small: set the buffer length as 15m
In GA, Too small: set the buffer length as 15m
In GA, Too small: set the buffer length as 15m
In GA, Too small: set the buffer length as 15m
In GA, Too small: set the buffer length as 15m
In GA, Too small: set the buffer length as 15m
In GA, Too small: set the buffer length as 15m
In GA, Too small: set the buffer length as 15m
In GA, Too small: set the buffer length as 15m
In GA, Too small: set the buffer length as 15m
In GA, Too small: set the buffer length as 15m
In GA, Too small: set the buffer length as 15m
In GA, Too small: set the buffer length as 15m
In GA, Too small: set the buffer length as 15m
In GA, Too small: set the buffer length as 15m
In GA, Too small: set the buffer length as 15m
In GA, Too small: set the buffer length as 15m
In GA, Too small: set the buffer length as 15m
In GA, Too small: set the buffer length as 15m
In GA, Too small: set the buffer length as 15m
In GA, Too small: set the buffer length as 15m
In GA, Too small: set the buffer length as 15m
In GA, Too small: set the buffer length as 15m
In GA, Too small: set the buffer length as 15m
In GA, Too small: set the buffer length as 15m
In GA, Too small: set the buffer length as 15m
In GA, Too small: set the buffer length as 15m
In GA, Too small: set the buffer length as 15m
In GA, Too small: set the buffer length as 15m
In GA, Too small: set the buffer length as 15m
In GA, Too small: set the buffer length as 15m
In GA, Too small: set the buffer length as 15m
In GA, Too small: set the buffer length as 15m
In GA, Too small: set the buffer length as 15m
In GA, Too small: set the buffer length as 15m
In GA, Too small: set the buffer length as 15m
In GA, Too small: set the buffer length as 15m
In GA, Too small: set the buffer length as 15m
In GA, Too small: set the buffer length as 15m
In GA, Too small: set the buffer length as 15m
In GA, Too small: set the buffer length as 15m
In GA, Too small: set the buffer length as 15m
In GA, Too small: set the buffer length as 15m
In GA, Too small: set the buffer length as 15m
In GA, Too small: set the buffer length as 15m
In GA, Too small: set the buffer length as 15m
In GA, Too small: set the buffer length as 15m
In GA, Too small: set the buffer length as 15m
In GA, Too small: set the buffer length as 15m
In GA, Too small: set the buffer length as 15m
In GA, Too small: set the buffer length as 15m
In GA, Too small: set the buffer length as 15m
In GA, Too small: set the buffer length as 15m
In GA, Too small: set the buffer length as 15m
In GA, Too small: set the buffer length as 15m
In GA, Too small: set the buffer length as 15m
In GA, Too small: set the buffer length as 15m
In GA, Too small: set the buffer length as 15m
In GA, Too small: set the buffer length as 15m
In GA, Too small: set the buffer length as 15m
In GA, Too small: set the buffer length as 15m
In GA, Too small: set the buffer length as 15m
In GA, Too small: set the buffer length as 15m
In GA, Too small: set the buffer length as 15m
In GA, Too small: set the buffer length as 15m
In GA, Too small: set the buffer length as 15m
In GA, Too small: set the buffer length as 15m
In GA, Too small: set the buffer length as 15m
In GA, Too small: set the buffer length as 15m
In GA, Too small: set the buffer length as 15m
In GA, Too small: set the buffer length as 15m
In GA, Too small: set the buffer length as 15m
In GA, Too small: set the buffer length as 15m
In GA, Too small: set the buffer length as 15m
In GA, Too small: set the buffer length as 15m
In GA, Too small: set the buffer length as 15m
In GA, Too small: set the buffer length as 15m
In GA, Too small: set the buffer length as 15m
In GA, Too small: set the buffer length as 15m
In GA, Too small: set the buffer length as 15m
In GA, Too small: set the buffer length as 15m
In GA, Too small: set the buffer length as 15m
In GA, Too small: set the buffer length as 15m
In GA, Too small: set the buffer length as 15m
In GA, Too small: set the buffer length as 15m
In GA, Too small: set the buffer length as 15m
In GA, Too small: set the buffer length as 15m
In GA, Too small: set the buffer length as 15m
In GA, Too small: set the buffer length as 15m
In GA, Too small: set the buffer length as 15m
In GA, Too small: set the buffer length as 15m
In GA, Too small: set the buffer length as 15m
In GA, Too small: set the buffer length as 15m
In GA, Too small: set the buffer length as 15m
In GA, Too small: set the buffer length as 15m
In GA, Too small: set the buffer length as 15m
In GA, Too small: set the buffer length as 15m
In GA, Too small: set the buffer length as 15m
In GA, Too small: set the buffer length as 15m
In GA, Too small: set the buffer length as 15m
In GA, Too small: set the buffer length as 15m
In GA, Too small: set the buffer length as 15m
In GA, Too small: set the buffer length as 15m
In GA, Too small: set the buffer length as 15m
In GA, Too small: set the buffer length as 15m
In GA, Too small: set the buffer length as 15m
In GA, Too small: set the buffer length as 15m
In GA, Too small: set the buffer length as 15m
In GA, Too small: set the buffer length as 15m
In GA, Too small: set the buffer length as 15m
In GA, Too small: set the buffer length as 15m
In GA, Too small: set the buffer length as 15m
In GA, Too small: set the buffer length as 15m
In GA, Too small: set the buffer length as 15m
In GA, Too small: set the buffer length as 15m
In GA, Too small: set the buffer length as 15m
In GA, Too small: set the buffer length as 15m
In GA, Too small: set the buffer length as 15m
In GA, Too small: set the buffer length as 15m
In GA, Too small: set the buffer length as 15m
In GA, Too small: set the buffer length as 15m
In GA, Too small: set the buffer length as 15m
In GA, Too small: set the buffer length as 15m
In GA, Too small: set the buffer length as 15m
In GA, Too small: set the buffer length as 15m
In GA, Too small: set the buffer length as 15m
In GA, Too small: set the buffer length as 15m
In GA, Too small: set the buffer length as 15m
In GA, Too small: set the buffer length as 15m
In GA, Too small: set the buffer length as 15m
In GA, Too small: set the buffer length as 15m
In GA, Too small: set the buffer length as 15m
In GA, Too small: set the buffer length as 15m
In GA, Too small: set the buffer length as 15m
In GA, Too small: set the buffer length as 15m
In GA, Too small: set the buffer length as 15m
In GA, Too small: set the buffer length as 15m
In GA, Too small: set the buffer length as 15m
In GA, Too small: set the buffer length as 15m
In GA, Too small: set the buffer length as 15m
In GA, Too small: set the buffer length as 15m
In GA, Too small: set the buffer length as 15m
In GA, Too small: set the buffer length as 15m
In GA, Too small: set the buffer length as 15m
In GA, Too small: set the buffer length as 15m
In GA, Too small: set the buffer length as 15m
In GA, Too small: set the buffer length as 15m
In GA, Too small: set the buffer length as 15m
In GA, Too small: set the buffer length as 15m
In GA, Too small: set the buffer length as 15m
In GA, Too small: set the buffer length as 15m
In GA, Too small: set the buffer length as 15m
In GA, Too small: set the buffer length as 15m
In GA, Too small: set the buffer length as 15m
In GA, Too small: set the buffer length as 15m
In GA, Too small: set the buffer length as 15m
In GA, Too small: set the buffer length as 15m
In GA, Too small: set the buffer length as 15m
In GA, Too small: set the buffer length as 15m
In GA, Too small: set the buffer length as 15m
In GA, Too small: set the buffer length as 15m
In GA, Too small: set the buffer length as 15m
In GA, Too small: set the buffer length as 15m
In GA, Too small: set the buffer length as 15m
In GA, Too small: set the buffer length as 15m
In GA, Too small: set the buffer length as 15m
In GA, Too small: set the buffer length as 15m
In GA, Too small: set the buffer length as 15m
In GA, Too small: set the buffer length as 15m
In GA, Too small: set the buffer length as 15m
In GA, Too small: set the buffer length as 15m
In GA, Too small: set the buffer length as 15m
In GA, Too small: set the buffer length as 15m
In GA, Too small: set the buffer length as 15m
In GA, Too small: set the buffer length as 15m
In GA, Too small: set the buffer length as 15m
In GA, Too small: set the buffer length as 15m
In GA, Too small: set the buffer length as 15m
In GA, Too small: set the buffer length as 15m
In GA, Too small: set the buffer length as 15m
In GA, Too small: set the buffer length as 15m
In GA, Too small: set the buffer length as 15m
In GA, Too small: set the buffer length as 15m
In GA, Too small: set the buffer length as 15m
In GA, Too small: set the buffer length as 15m
In GA, Too small: set the buffer length as 15m
In GA, Too small: set the buffer length as 15m
In GA, Too small: set the buffer length as 15m
In GA, Too small: set the buffer length as 15m
In GA, Too small: set the buffer length as 15m
In GA, Too small: set the buffer length as 15m
In GA, Too small: set the buffer length as 15m
In GA, Too small: set the buffer length as 15m
In GA, Too small: set the buffer length as 15m
In GA, Too small: set the buffer length as 15m
In GA, Too small: set the buffer length as 15m
In GA, Too small: set the buffer length as 15m
In GA, Too small: set the buffer length as 15m
In GA, Too small: set the buffer length as 15m
In GA, Too small: set the buffer length as 15m
In GA, Too small: set the buffer length as 15m
In GA, Too small: set the buffer length as 15m
In GA, Too small: set the buffer length as 15m
In GA, Too small: set the buffer length as 15m
In GA, Too small: set the buffer length as 15m
In GA, Too small: set the buffer length as 15m
In GA, Too small: set the buffer length as 15m
In GA, Too small: set the buffer length as 15m
In GA, Too small: set the buffer length as 15m
In GA, Too small: set the buffer length as 15m
In GA, Too small: set the buffer length as 15m
In GA, Too small: set the buffer length as 15m
In GA, Too small: set the buffer length as 15m
In GA, Too small: set the buffer length as 15m
In GA, Too small: set the buffer length as 15m
In GA, Too small: set the buffer length as 15m
In GA, Too small: set the buffer length as 15m
In GA, Too small: set the buffer length as 15m
In GA, Too small: set the buffer length as 15m
In GA, Too small: set the buffer length as 15m
In GA, Too small: set the buffer length as 15m
In GA, Too small: set the buffer length as 15m
In GA, Too small: set the buffer length as 15m
In GA, Too small: set the buffer length as 15m
In GA, Too small: set the buffer length as 15m
In GA, Too small: set the buffer length as 15m
In GA, Too small: set the buffer length as 15m
In GA, Too small: set the buffer length as 15m
In GA, Too small: set the buffer length as 15m
In GA, Too small: set the buffer length as 15m
In GA, Too small: set the buffer length as 15m
In GA, Too small: set the buffer length as 15m
In GA, Too small: set the buffer length as 15m
In GA, Too small: set the buffer length as 15m
In GA, Too small: set the buffer length as 15m
In GA, Too small: set the buffer length as 15m
In GA, Too small: set the buffer length as 15m
In GA, Too small: set the buffer length as 15m
In GA, Too small: set the buffer length as 15m
In GA, Too small: set the buffer length as 15m
In GA, Too small: set the buffer length as 15m
In GA, Too small: set the buffer length as 15m
In GA, Too small: set the buffer length as 15m
In GA, Too small: set the buffer length as 15m
In GA, Too small: set the buffer length as 15m
In GA, Too small: set the buffer length as 15m
In GA, Too small: set the buffer length as 15m
In GA, Too small: set the buffer length as 15m
In GA, Too small: set the buffer length as 15m
In GA, Too small: set the buffer length as 15m
In GA, Too small: set the buffer length as 15m
In GA, Too small: set the buffer length as 15m
In GA, Too small: set the buffer length as 15m
In GA, Too small: set the buffer length as 15m
In GA, Too small: set the buffer length as 15m
In GA, Too small: set the buffer length as 15m
In GA, Too small: set the buffer length as 15m
In GA, Too small: set the buffer length as 15m
In GA, Too small: set the buffer length as 15m
In GA, Too small: set the buffer length as 15m
In GA, Too small: set the buffer length as 15m
In GA, Too small: set the buffer length as 15m
In GA, Too small: set the buffer length as 15m
In GA, Too small: set the buffer length as 15m
In GA, Too small: set the buffer length as 15m
In GA, Too small: set the buffer length as 15m
In GA, Too small: set the buffer length as 15m
In GA, Too small: set the buffer length as 15m
In GA, Too small: set the buffer length as 15m
In GA, Too small: set the buffer length as 15m
In GA, Too small: set the buffer length as 15m
In GA, Too small: set the buffer length as 15m
In GA, Too small: set the buffer length as 15m
In GA, Too small: set the buffer length as 15m
In GA, Too small: set the buffer length as 15m
In GA, Too small: set the buffer length as 15m
In GA, Too small: set the buffer length as 15m
In GA, Too small: set the buffer length as 15m
In GA, Too small: set the buffer length as 15m
In GA, Too small: set the buffer length as 15m
In GA, Too small: set the buffer length as 15m
In GA, Too small: set the buffer length as 15m
In GA, Too small: set the buffer length as 15m
In GA, Too small: set the buffer length as 15m
In GA, Too small: set the buffer length as 15m
In GA, Too small: set the buffer length as 15m
In GA, Too small: set the buffer length as 15m
In GA, Too small: set the buffer length as 15m
In GA, Too small: set the buffer length as 15m
In GA, Too small: set the buffer length as 15m
In GA, Too small: set the buffer length as 15m
In GA, Too small: set the buffer length as 15m
In GA, Too small: set the buffer length as 15m
In GA, Too small: set the buffer length as 15m
In GA, Too small: set the buffer length as 15m
In GA, Too small: set the buffer length as 15m
In GA, Too small: set the buffer length as 15m
In GA, Too small: set the buffer length as 15m
In GA, Too small: set the buffer length as 15m
In GA, Too small: set the buffer length as 15m
In GA, Too small: set the buffer length as 15m
In GA, Too small: set the buffer length as 15m
In GA, Too small: set the buffer length as 15m
In GA, Too small: set the buffer length as 15m
In GA, Too small: set the buffer length as 15m
In GA, Too small: set the buffer length as 15m
In GA, Too small: set the buffer length as 15m
In GA, Too small: set the buffer length as 15m
In GA, Too small: set the buffer length as 15m
In GA, Too small: set the buffer length as 15m
In GA, Too small: set the buffer length as 15m
In GA, Too small: set the buffer length as 15m
In GA, Too small: set the buffer length as 15m
In GA, Too small: set the buffer length as 15m
In GA, Too small: set the buffer length as 15m
In GA, Too small: set the buffer length as 15m
In GA, Too small: set the buffer length as 15m
In GA, Too small: set the buffer length as 15m
In GA, Too small: set the buffer length as 15m
In GA, Too small: set the buffer length as 15m
In GA, Too small: set the buffer length as 15m
In GA, Too small: set the buffer length as 15m
In GA, Too small: set the buffer length as 15m
In GA, Too small: set the buffer length as 15m
In GA, Too small: set the buffer length as 15m
In GA, Too small: set the buffer length as 15m
In GA, Too small: set the buffer length as 15m
In GA, Too small: set the buffer length as 15m
In GA, Too small: set the buffer length as 15m
In GA, Too small: set the buffer length as 15m
In GA, Too small: set the buffer length as 15m
In GA, Too small: set the buffer length as 15m
In GA, Too small: set the buffer length as 15m
In GA, Too small: set the buffer length as 15m
In GA, Too small: set the buffer length as 15m
In GA, Too small: set the buffer length as 15m
In GA, Too small: set the buffer length as 15m
In GA, Too small: set the buffer length as 15m
In GA, Too small: set the buffer length as 15m
In GA, Too small: set the buffer length as 15m
In GA, Too small: set the buffer length as 15m
In GA, Too small: set the buffer length as 15m
In GA, Too small: set the buffer length as 15m
In GA, Too small: set the buffer length as 15m
In GA, Too small: set the buffer length as 15m
In GA, Too small: set the buffer length as 15m
In GA, Too small: set the buffer length as 15m
In GA, Too small: set the buffer length as 15m
In GA, Too small: set the buffer length as 15m
In GA, Too small: set the buffer length as 15m
In GA, Too small: set the buffer length as 15m
In GA, Too small: set the buffer length as 15m
In GA, Too small: set the buffer length as 15m
In GA, Too small: set the buffer length as 15m
In GA, Too small: set the buffer length as 15m
In GA, Too small: set the buffer length as 15m
In GA, Too small: set the buffer length as 15m
In GA, Too small: set the buffer length as 15m
In GA, Too small: set the buffer length as 15m
In GA, Too small: set the buffer length as 15m
In GA, Too small: set the buffer length as 15m
In GA, Too small: set the buffer length as 15m
In GA, Too small: set the buffer length as 15m
In GA, Too small: set the buffer length as 15m
In GA, Too small: set the buffer length as 15m
In GA, Too small: set the buffer length as 15m
In GA, Too small: set the buffer length as 15m
In GA, Too small: set the buffer length as 15m
In GA, Too small: set the buffer length as 15m
In GA, Too small: set the buffer length as 15m
In GA, Too small: set the buffer length as 15m
In GA, Too small: set the buffer length as 15m
In GA, Too small: set the buffer length as 15m
In GA, Too small: set the buffer length as 15m
In GA, Too small: set the buffer length as 15m
In GA, Too small: set the buffer length as 15m
In GA, Too small: set the buffer length as 15m
In GA, Too small: set the buffer length as 15m
In GA, Too small: set the buffer length as 15m
In GA, Too small: set the buffer length as 15m
In GA, Too small: set the buffer length as 15m
In GA, Too small: set the buffer length as 15m
In GA, Too small: set the buffer length as 15m
In GA, Too small: set the buffer length as 15m
In GA, Too small: set the buffer length as 15m
In GA, Too small: set the buffer length as 15m
In GA, Too small: set the buffer length as 15m
In GA, Too small: set the buffer length as 15m
In GA, Too small: set the buffer length as 15m
In GA, Too small: set the buffer length as 15m
In GA, Too small: set the buffer length as 15m
In GA, Too small: set the buffer length as 15m
In GA, Too small: set the buffer length as 15m
In GA, Too small: set the buffer length as 15m
In GA, Too small: set the buffer length as 15m
In GA, Too small: set the buffer length as 15m
In GA, Too small: set the buffer length as 15m
In GA, Too small: set the buffer length as 15m
In GA, Too small: set the buffer length as 15m
In GA, Too small: set the buffer length as 15m
In GA, Too small: set the buffer length as 15m
In GA, Too small: set the buffer length as 15m
In GA, Too small: set the buffer length as 15m
In GA, Too small: set the buffer length as 15m
In GA, Too small: set the buffer length as 15m
In GA, Too small: set the buffer length as 15m
In GA, Too small: set the buffer length as 15m
In GA, Too small: set the buffer length as 15m
In GA, Too small: set the buffer length as 15m
In GA, Too small: set the buffer length as 15m
In GA, Too small: set the buffer length as 15m
In GA, Too small: set the buffer length as 15m
In GA, Too small: set the buffer length as 15m
In GA, Too small: set the buffer length as 15m
In GA, Too small: set the buffer length as 15m
In GA, Too small: set the buffer length as 15m
In GA, Too small: set the buffer length as 15m
In GA, Too small: set the buffer length as 15m
In GA, Too small: set the buffer length as 15m
In GA, Too small: set the buffer length as 15m
In GA, Too small: set the buffer length as 15m
In GA, Too small: set the buffer length as 15m
In GA, Too small: set the buffer length as 15m
In GA, Too small: set the buffer length as 15m
In GA, Too small: set the buffer length as 15m
In GA, Too small: set the buffer length as 15m
In GA, Too small: set the buffer length as 15m
In GA, Too small: set the buffer length as 15m
In GA, Too small: set the buffer length as 15m
In GA, Too small: set the buffer length as 15m
In GA, Too small: set the buffer length as 15m
In GA, Too small: set the buffer length as 15m
In GA, Too small: set the buffer length as 15m
In GA, Too small: set the buffer length as 15m
In GA, Too small: set the buffer length as 15m
In GA, Too small: set the buffer length as 15m
In GA, Too small: set the buffer length as 15m
In GA, Too small: set the buffer length as 15m
In GA, Too small: set the buffer length as 15m
In GA, Too small: set the buffer length as 15m
In GA, Too small: set the buffer length as 15m
In GA, Too small: set the buffer length as 15m
In GA, Too small: set the buffer length as 15m
In GA, Too small: set the buffer length as 15m
In GA, Too small: set the buffer length as 15m
In GA, Too small: set the buffer length as 15m
In GA, Too small: set the buffer length as 15m
In GA, Too small: set the buffer length as 15m
In GA, Too small: set the buffer length as 15m
In GA, Too small: set the buffer length as 15m
In GA, Too small: set the buffer length as 15m
In GA, Too small: set the buffer length as 15m
In GA, Too small: set the buffer length as 15m
In GA, Too small: set the buffer length as 15m
In GA, Too small: set the buffer length as 15m
In GA, Too small: set the buffer length as 15m
In GA, Too small: set the buffer length as 15m
In GA, Too small: set the buffer length as 15m
In GA, Too small: set the buffer length as 15m
In GA, Too small: set the buffer length as 15m
In GA, Too small: set the buffer length as 15m
In GA, Too small: set the buffer length as 15m
In GA, Too small: set the buffer length as 15m
In GA, Too small: set the buffer length as 15m
In GA, Too small: set the buffer length as 15m
In GA, Too small: set the buffer length as 15m
In GA, Too small: set the buffer length as 15m
In GA, Too small: set the buffer length as 15m
In GA, Too small: set the buffer length as 15m
In GA, Too small: set the buffer length as 15m
In GA, Too small: set the buffer length as 15m
In GA, Too small: set the buffer length as 15m
In GA, Too small: set the buffer length as 15m
In GA, Too small: set the buffer length as 15m
In GA, Too small: set the buffer length as 15m
In GA, Too small: set the buffer length as 15m
In GA, Too small: set the buffer length as 15m
In GA, Too small: set the buffer length as 15m
In GA, Too small: set the buffer length as 15m
In GA, Too small: set the buffer length as 15m
In GA, Too small: set the buffer length as 15m
In GA, Too small: set the buffer length as 15m
In GA, Too small: set the buffer length as 15m
In GA, Too small: set the buffer length as 15m
In GA, Too small: set the buffer length as 15m
In GA, Too small: set the buffer length as 15m
In GA, Too small: set the buffer length as 15m
In GA, Too small: set the buffer length as 15m
In GA, Too small: set the buffer length as 15m
In GA, Too small: set the buffer length as 15m
In GA, Too small: set the buffer length as 15m
In GA, Too small: set the buffer length as 15m
In GA, Too small: set the buffer length as 15m
In GA, Too small: set the buffer length as 15m
In GA, Too small: set the buffer length as 15m
In GA, Too small: set the buffer length as 15m
In GA, Too small: set the buffer length as 15m
In GA, Too small: set the buffer length as 15m
In GA, Too small: set the buffer length as 15m
In GA, Too small: set the buffer length as 15m
In GA, Too small: set the buffer length as 15m
In GA, Too small: set the buffer length as 15m
In GA, Too small: set the buffer length as 15m
In GA, Too small: set the buffer length as 15m
In GA, Too small: set the buffer length as 15m
In GA, Too small: set the buffer length as 15m
In GA, Too small: set the buffer length as 15m
In GA, Too small: set the buffer length as 15m
In GA, Too small: set the buffer length as 15m
In GA, Too small: set the buffer length as 15m
In GA, Too small: set the buffer length as 15m
In GA, Too small: set the buffer length as 15m
In GA, Too small: set the buffer length as 15m
In GA, Too small: set the buffer length as 15m
In GA, Too small: set the buffer length as 15m
In GA, Too small: set the buffer length as 15m
In GA, Too small: set the buffer length as 15m
In GA, Too small: set the buffer length as 15m
In GA, Too small: set the buffer length as 15m
In GA, Too small: set the buffer length as 15m
In GA, Too small: set the buffer length as 15m
In GA, Too small: set the buffer length as 15m
In GA, Too small: set the buffer length as 15m
In GA, Too small: set the buffer length as 15m
In GA, Too small: set the buffer length as 15m
In GA, Too small: set the buffer length as 15m
In GA, Too small: set the buffer length as 15m
In GA, Too small: set the buffer length as 15m
In GA, Too small: set the buffer length as 15m
In GA, Too small: set the buffer length as 15m
In GA, Too small: set the buffer length as 15m
In GA, Too small: set the buffer length as 15m
In GA, Too small: set the buffer length as 15m
In GA, Too small: set the buffer length as 15m
In GA, Too small: set the buffer length as 15m
In GA, Too small: set the buffer length as 15m
In GA, Too small: set the buffer length as 15m
In GA, Too small: set the buffer length as 15m
In GA, Too small: set the buffer length as 15m
In GA, Too small: set the buffer length as 15m
In GA, Too small: set the buffer length as 15m
In GA, Too small: set the buffer length as 15m
In GA, Too small: set the buffer length as 15m
In GA, Too small: set the buffer length as 15m
In GA, Too small: set the buffer length as 15m
In GA, Too small: set the buffer length as 15m
In GA, Too small: set the buffer length as 15m
In GA, Too small: set the buffer length as 15m
In GA, Too small: set the buffer length as 15m
In GA, Too small: set the buffer length as 15m
In GA, Too small: set the buffer length as 15m
In GA, Too small: set the buffer length as 15m
In GA, Too small: set the buffer length as 15m
In GA, Too small: set the buffer length as 15m
In GA, Too small: set the buffer length as 15m
In GA, Too small: set the buffer length as 15m
In GA, Too small: set the buffer length as 15m
In GA, Too small: set the buffer length as 15m
In GA, Too small: set the buffer length as 15m
In GA, Too small: set the buffer length as 15m
In GA, Too small: set the buffer length as 15m
In GA, Too small: set the buffer length as 15m
In GA, Too small: set the buffer length as 15m
In GA, Too small: set the buffer length as 15m
In GA, Too small: set the buffer length as 15m
In GA, Too small: set the buffer length as 15m
In GA, Too small: set the buffer length as 15m
In GA, Too small: set the buffer length as 15m
In GA, Too small: set the buffer length as 15m
In GA, Too small: set the buffer length as 15m
In GA, Too small: set the buffer length as 15m
In GA, Too small: set the buffer length as 15m
In GA, Too small: set the buffer length as 15m
In GA, Too small: set the buffer length as 15m
In GA, Too small: set the buffer length as 15m
In GA, Too small: set the buffer length as 15m
In GA, Too small: set the buffer length as 15m
In GA, Too small: set the buffer length as 15m
In GA, Too small: set the buffer length as 15m
In GA, Too small: set the buffer length as 15m
In GA, Too small: set the buffer length as 15m
In GA, Too small: set the buffer length as 15m
In GA, Too small: set the buffer length as 15m
In GA, Too small: set the buffer length as 15m
In GA, Too small: set the buffer length as 15m
In GA, Too small: set the buffer length as 15m
In GA, Too small: set the buffer length as 15m
In GA, Too small: set the buffer length as 15m
In GA, Too small: set the buffer length as 15m
In GA, Too small: set the buffer length as 15m
In GA, Too small: set the buffer length as 15m
In GA, Too small: set the buffer length as 15m
In GA, Too small: set the buffer length as 15m
In GA, Too small: set the buffer length as 15m
In GA, Too small: set the buffer length as 15m
In GA, Too small: set the buffer length as 15m
In GA, Too small: set the buffer length as 15m
In GA, Too small: set the buffer length as 15m
In GA, Too small: set the buffer length as 15m
In GA, Too small: set the buffer length as 15m
In GA, Too small: set the buffer length as 15m
In GA, Too small: set the buffer length as 15m
In GA, Too small: set the buffer length as 15m
In GA, Too small: set the buffer length as 15m
In GA, Too small: set the buffer length as 15m
In GA, Too small: set the buffer length as 15m
In GA, Too small: set the buffer length as 15m
In GA, Too small: set the buffer length as 15m
In GA, Too small: set the buffer length as 15m
In GA, Too small: set the buffer length as 15m
In GA, Too small: set the buffer length as 15m
In GA, Too small: set the buffer length as 15m
In GA, Too small: set the buffer length as 15m
In GA, Too small: set the buffer length as 15m
In GA, Too small: set the buffer length as 15m
In GA, Too small: set the buffer length as 15m
In GA, Too small: set the buffer length as 15m
In GA, Too small: set the buffer length as 15m
In GA, Too small: set the buffer length as 15m
In GA, Too small: set the buffer length as 15m
In GA, Too small: set the buffer length as 15m
In GA, Too small: set the buffer length as 15m
In GA, Too small: set the buffer length as 15m
In GA, Too small: set the buffer length as 15m
In GA, Too small: set the buffer length as 15m
In GA, Too small: set the buffer length as 15m
In GA, Too small: set the buffer length as 15m
In GA, Too small: set the buffer length as 15m
In GA, Too small: set the buffer length as 15m
In GA, Too small: set the buffer length as 15m
In GA, Too small: set the buffer length as 15m
In GA, Too small: set the buffer length as 15m
In GA, Too small: set the buffer length as 15m
In GA, Too small: set the buffer length as 15m
In GA, Too small: set the buffer length as 15m
In GA, Too small: set the buffer length as 15m
In GA, Too small: set the buffer length as 15m
In GA, Too small: set the buffer length as 15m
In GA, Too small: set the buffer length as 15m
In GA, Too small: set the buffer length as 15m
In GA, Too small: set the buffer length as 15m
In GA, Too small: set the buffer length as 15m
In GA, Too small: set the buffer length as 15m
In GA, Too small: set the buffer length as 15m
In GA, Too small: set the buffer length as 15m
In GA, Too small: set the buffer length as 15m
In GA, Too small: set the buffer length as 15m
In GA, Too small: set the buffer length as 15m
In GA, Too small: set the buffer length as 15m
In GA, Too small: set the buffer length as 15m
In GA, Too small: set the buffer length as 15m
In GA, Too small: set the buffer length as 15m
In GA, Too small: set the buffer length as 15m
In GA, Too small: set the buffer length as 15m
In GA, Too small: set the buffer length as 15m
In GA, Too small: set the buffer length as 15m
In GA, Too small: set the buffer length as 15m
In GA, Too small: set the buffer length as 15m
In GA, Too small: set the buffer length as 15m
In GA, Too small: set the buffer length as 15m
In GA, Too small: set the buffer length as 15m
In GA, Too small: set the buffer length as 15m
In GA, Too small: set the buffer length as 15m
In GA, Too small: set the buffer length as 15m
In GA, Too small: set the buffer length as 15m
In GA, Too small: set the buffer length as 15m
In GA, Too small: set the buffer length as 15m
In GA, Too small: set the buffer length as 15m
In GA, Too small: set the buffer length as 15m
In GA, Too small: set the buffer length as 15m
In GA, Too small: set the buffer length as 15m
In GA, Too small: set the buffer length as 15m
In GA, Too small: set the buffer length as 15m
In GA, Too small: set the buffer length as 15m
In GA, Too small: set the buffer length as 15m
In GA, Too small: set the buffer length as 15m
In GA, Too small: set the buffer length as 15m
In GA, Too small: set the buffer length as 15m
In GA, Too small: set the buffer length as 15m
In GA, Too small: set the buffer length as 15m
In GA, Too small: set the buffer length as 15m
In GA, Too small: set the buffer length as 15m
In GA, Too small: set the buffer length as 15m
In GA, Too small: set the buffer length as 15m
In GA, Too small: set the buffer length as 15m
In GA, Too small: set the buffer length as 15m
In GA, Too small: set the buffer length as 15m
In GA, Too small: set the buffer length as 15m
In GA, Too small: set the buffer length as 15m
In GA, Too small: set the buffer length as 15m
In GA, Too small: set the buffer length as 15m
In GA, Too small: set the buffer length as 15m
In GA, Too small: set the buffer length as 15m
In GA, Too small: set the buffer length as 15m
In GA, Too small: set the buffer length as 15m
In GA, Too small: set the buffer length as 15m
In GA, Too small: set the buffer length as 15m
In GA, Too small: set the buffer length as 15m
In GA, Too small: set the buffer length as 15m
In GA, Too small: set the buffer length as 15m
In GA, Too small: set the buffer length as 15m
In GA, Too small: set the buffer length as 15m
In GA, Too small: set the buffer length as 15m
In GA, Too small: set the buffer length as 15m
In GA, Too small: set the buffer length as 15m
In GA, Too small: set the buffer length as 15m
In GA, Too small: set the buffer length as 15m
In GA, Too small: set the buffer length as 15m
In GA, Too small: set the buffer length as 15m
In GA, Too small: set the buffer length as 15m
In GA, Too small: set the buffer length as 15m
In GA, Too small: set the buffer length as 15m
In GA, Too small: set the buffer length as 15m
In GA, Too small: set the buffer length as 15m
In GA, Too small: set the buffer length as 15m
In GA, Too small: set the buffer length as 15m
In GA, Too small: set the buffer length as 15m
In GA, Too small: set the buffer length as 15m
In GA, Too small: set the buffer length as 15m
In GA, Too small: set the buffer length as 15m
In GA, Too small: set the buffer length as 15m
In GA, Too small: set the buffer length as 15m
In GA, Too small: set the buffer length as 15m
In GA, Too small: set the buffer length as 15m
In GA, Too small: set the buffer length as 15m
In GA, Too small: set the buffer length as 15m
In GA, Too small: set the buffer length as 15m
In GA, Too small: set the buffer length as 15m
In GA, Too small: set the buffer length as 15m
In GA, Too small: set the buffer length as 15m
In GA, Too small: set the buffer length as 15m
In GA, Too small: set the buffer length as 15m
In GA, Too small: set the buffer length as 15m
In GA, Too small: set the buffer length as 15m
In GA, Too small: set the buffer length as 15m
In GA, Too small: set the buffer length as 15m
In GA, Too small: set the buffer length as 15m
In GA, Too small: set the buffer length as 15m
In GA, Too small: set the buffer length as 15m
In GA, Too small: set the buffer length as 15m
In GA, Too small: set the buffer length as 15m
In GA, Too small: set the buffer length as 15m
In GA, Too small: set the buffer length as 15m
In GA, Too small: set the buffer length as 15m
In GA, Too small: set the buffer length as 15m
In GA, Too small: set the buffer length as 15m
In GA, Too small: set the buffer length as 15m
In GA, Too small: set the buffer length as 15m
In GA, Too small: set the buffer length as 15m
In GA, Too small: set the buffer length as 15m
In GA, Too small: set the buffer length as 15m
In GA, Too small: set the buffer length as 15m
In GA, Too small: set the buffer length as 15m
In GA, Too small: set the buffer length as 15m
In GA, Too small: set the buffer length as 15m
In GA, Too small: set the buffer length as 15m
In GA, Too small: set the buffer length as 15m
In GA, Too small: set the buffer length as 15m
In GA, Too small: set the buffer length as 15m
In GA, Too small: set the buffer length as 15m
In GA, Too small: set the buffer length as 15m
In GA, Too small: set the buffer length as 15m
In GA, Too small: set the buffer length as 15m
In GA, Too small: set the buffer length as 15m
In GA, Too small: set the buffer length as 15m
In GA, Too small: set the buffer length as 15m
In GA, Too small: set the buffer length as 15m
In GA, Too small: set the buffer length as 15m
In GA, Too small: set the buffer length as 15m
In GA, Too small: set the buffer length as 15m
In GA, Too small: set the buffer length as 15m
In GA, Too small: set the buffer length as 15m
In GA, Too small: set the buffer length as 15m
In GA, Too small: set the buffer length as 15m
In GA, Too small: set the buffer length as 15m
In GA, Too small: set the buffer length as 15m
In GA, Too small: set the buffer length as 15m
In GA, Too small: set the buffer length as 15m
In GA, Too small: set the buffer length as 15m
In GA, Too small: set the buffer length as 15m
In GA, Too small: set the buffer length as 15m
In GA, Too small: set the buffer length as 15m
In GA, Too small: set the buffer length as 15m
In GA, Too small: set the buffer length as 15m
In GA, Too small: set the buffer length as 15m
In GA, Too small: set the buffer length as 15m
In GA, Too small: set the buffer length as 15m
In GA, Too small: set the buffer length as 15m
In GA, Too small: set the buffer length as 15m
In GA, Too small: set the buffer length as 15m
In GA, Too small: set the buffer length as 15m
In GA, Too small: set the buffer length as 15m
In GA, Too small: set the buffer length as 15m
In GA, Too small: set the buffer length as 15m
In GA, Too small: set the buffer length as 15m
In GA, Too small: set the buffer length as 15m
In GA, Too small: set the buffer length as 15m
In GA, Too small: set the buffer length as 15m
In GA, Too small: set the buffer length as 15m
In GA, Too small: set the buffer length as 15m
In GA, Too small: set the buffer length as 15m
In GA, Too small: set the buffer length as 15m
In GA, Too small: set the buffer length as 15m
In GA, Too small: set the buffer length as 15m
In GA, Too small: set the buffer length as 15m
In GA, Too small: set the buffer length as 15m
In GA, Too small: set the buffer length as 15m
In GA, Too small: set the buffer length as 15m
In GA, Too small: set the buffer length as 15m
In GA, Too small: set the buffer length as 15m
In GA, Too small: set the buffer length as 15m
In GA, Too small: set the buffer length as 15m
In GA, Too small: set the buffer length as 15m
In GA, Too small: set the buffer length as 15m
In GA, Too small: set the buffer length as 15m
In GA, Too small: set the buffer length as 15m
In GA, Too small: set the buffer length as 15m
In GA, Too small: set the buffer length as 15m
In GA, Too small: set the buffer length as 15m
In GA, Too small: set the buffer length as 15m
In GA, Too small: set the buffer length as 15m
In GA, Too small: set the buffer length as 15m
In GA, Too small: set the buffer length as 15m
In GA, Too small: set the buffer length as 15m
In GA, Too small: set the buffer length as 15m
In GA, Too small: set the buffer length as 15m
In GA, Too small: set the buffer length as 15m
In GA, Too small: set the buffer length as 15m
In GA, Too small: set the buffer length as 15m
In GA, Too small: set the buffer length as 15m
In GA, Too small: set the buffer length as 15m
In GA, Too small: set the buffer length as 15m
In GA, Too small: set the buffer length as 15m
In GA, Too small: set the buffer length as 15m
In GA, Too small: set the buffer length as 15m
In GA, Too small: set the buffer length as 15m
In GA, Too small: set the buffer length as 15m
In GA, Too small: set the buffer length as 15m
In GA, Too small: set the buffer length as 15m
In GA, Too small: set the buffer length as 15m
In GA, Too small: set the buffer length as 15m
In GA, Too small: set the buffer length as 15m
In GA, Too small: set the buffer length as 15m
In GA, Too small: set the buffer length as 15m
In GA, Too small: set the buffer length as 15m
In GA, Too small: set the buffer length as 15m
In GA, Too small: set the buffer length as 15m
In GA, Too small: set the buffer length as 15m
In GA, Too small: set the buffer length as 15m
In GA, Too small: set the buffer length as 15m
In GA, Too small: set the buffer length as 15m
In GA, Too small: set the buffer length as 15m
In GA, Too small: set the buffer length as 15m
In GA, Too small: set the buffer length as 15m
In GA, Too small: set the buffer length as 15m
In GA, Too small: set the buffer length as 15m
In GA, Too small: set the buffer length as 15m
In GA, Too small: set the buffer length as 15m
In GA, Too small: set the buffer length as 15m
In GA, Too small: set the buffer length as 15m
In GA, Too small: set the buffer length as 15m
In GA, Too small: set the buffer length as 15m
In GA, Too small: set the buffer length as 15m
In GA, Too small: set the buffer length as 15m
In GA, Too small: set the buffer length as 15m
In GA, Too small: set the buffer length as 15m
In GA, Too small: set the buffer length as 15m
In GA, Too small: set the buffer length as 15m
In GA, Too small: set the buffer length as 15m
In GA, Too small: set the buffer length as 15m
In GA, Too small: set the buffer length as 15m
In GA, Too small: set the buffer length as 15m
In GA, Too small: set the buffer length as 15m
In GA, Too small: set the buffer length as 15m
In GA, Too small: set the buffer length as 15m
In GA, Too small: set the buffer length as 15m
In GA, Too small: set the buffer length as 15m
In GA, Too small: set the buffer length as 15m
In GA, Too small: set the buffer length as 15m
In GA, Too small: set the buffer length as 15m
In GA, Too small: set the buffer length as 15m
In GA, Too small: set the buffer length as 15m
In GA, Too small: set the buffer length as 15m
In GA, Too small: set the buffer length as 15m
In GA, Too small: set the buffer length as 15m
In GA, Too small: set the buffer length as 15m
In GA, Too small: set the buffer length as 15m
In GA, Too small: set the buffer length as 15m
In GA, Too small: set the buffer length as 15m
In GA, Too small: set the buffer length as 15m
In GA, Too small: set the buffer length as 15m
In GA, Too small: set the buffer length as 15m
In GA, Too small: set the buffer length as 15m
In GA, Too small: set the buffer length as 15m
In GA, Too small: set the buffer length as 15m
In GA, Too small: set the buffer length as 15m
In GA, Too small: set the buffer length as 15m
In GA, Too small: set the buffer length as 15m
In GA, Too small: set the buffer length as 15m
In GA, Too small: set the buffer length as 15m
In GA, Too small: set the buffer length as 15m
In GA, Too small: set the buffer length as 15m
In GA, Too small: set the buffer length as 15m
In GA, Too small: set the buffer length as 15m
In GA, Too small: set the buffer length as 15m
In GA, Too small: set the buffer length as 15m
In GA, Too small: set the buffer length as 15m
In GA, Too small: set the buffer length as 15m
In GA, Too small: set the buffer length as 15m
In GA, Too small: set the buffer length as 15m
In GA, Too small: set the buffer length as 15m
In GA, Too small: set the buffer length as 15m
In GA, Too small: set the buffer length as 15m
In GA, Too small: set the buffer length as 15m
In GA, Too small: set the buffer length as 15m
In GA, Too small: set the buffer length as 15m
In GA, Too small: set the buffer length as 15m
In GA, Too small: set the buffer length as 15m
In GA, Too small: set the buffer length as 15m
In GA, Too small: set the buffer length as 15m
In GA, Too small: set the buffer length as 15m
In GA, Too small: set the buffer length as 15m
In GA, Too small: set the buffer length as 15m
In GA, Too small: set the buffer length as 15m
In GA, Too small: set the buffer length as 15m
In GA, Too small: set the buffer length as 15m
In GA, Too small: set the buffer length as 15m
In GA, Too small: set the buffer length as 15m
In GA, Too small: set the buffer length as 15m
In GA, Too small: set the buffer length as 15m
In GA, Too small: set the buffer length as 15m
In GA, Too small: set the buffer length as 15m
In GA, Too small: set the buffer length as 15m
In GA, Too small: set the buffer length as 15m
In GA, Too small: set the buffer length as 15m
In GA, Too small: set the buffer length as 15m
In GA, Too small: set the buffer length as 15m
In GA, Too small: set the buffer length as 15m
In GA, Too small: set the buffer length as 15m
In GA, Too small: set the buffer length as 15m
In GA, Too small: set the buffer length as 15m
In GA, Too small: set the buffer length as 15m
In GA, Too small: set the buffer length as 15m
In GA, Too small: set the buffer length as 15m
In GA, Too small: set the buffer length as 15m
In GA, Too small: set the buffer length as 15m
In GA, Too small: set the buffer length as 15m
In GA, Too small: set the buffer length as 15m
In GA, Too small: set the buffer length as 15m
In GA, Too small: set the buffer length as 15m
In GA, Too small: set the buffer length as 15m
In GA, Too small: set the buffer length as 15m
In GA, Too small: set the buffer length as 15m
In GA, Too small: set the buffer length as 15m
In GA, Too small: set the buffer length as 15m
In GA, Too small: set the buffer length as 15m
In GA, Too small: set the buffer length as 15m
In GA, Too small: set the buffer length as 15m
In GA, Too small: set the buffer length as 15m
In GA, Too small: set the buffer length as 15m
In GA, Too small: set the buffer length as 15m
In GA, Too small: set the buffer length as 15m
In GA, Too small: set the buffer length as 15m
In GA, Too small: set the buffer length as 15m
In GA, Too small: set the buffer length as 15m
In GA, Too small: set the buffer length as 15m
In GA, Too small: set the buffer length as 15m
In GA, Too small: set the buffer length as 15m
In GA, Too small: set the buffer length as 15m
In GA, Too small: set the buffer length as 15m
In GA, Too small: set the buffer length as 15m
In GA, Too small: set the buffer length as 15m
In GA, Too small: set the buffer length as 15m
In GA, Too small: set the buffer length as 15m
In GA, Too small: set the buffer length as 15m
In GA, Too small: set the buffer length as 15m
In GA, Too small: set the buffer length as 15m
In GA, Too small: set the buffer length as 15m
In GA, Too small: set the buffer length as 15m
In GA, Too small: set the buffer length as 15m
In GA, Too small: set the buffer length as 15m
In GA, Too small: set the buffer length as 15m
In GA, Too small: set the buffer length as 15m
In GA, Too small: set the buffer length as 15m
In GA, Too small: set the buffer length as 15m
In GA, Too small: set the buffer length as 15m
In GA, Too small: set the buffer length as 15m
In GA, Too small: set the buffer length as 15m
In GA, Too small: set the buffer length as 15m
In GA, Too small: set the buffer length as 15m
In GA, Too small: set the buffer length as 15m
In GA, Too small: set the buffer length as 15m
In GA, Too small: set the buffer length as 15m
In GA, Too small: set the buffer length as 15m
In GA, Too small: set the buffer length as 15m
In GA, Too small: set the buffer length as 15m
In GA, Too small: set the buffer length as 15m
In GA, Too small: set the buffer length as 15m
In GA, Too small: set the buffer length as 15m
In GA, Too small: set the buffer length as 15m
In GA, Too small: set the buffer length as 15m
In GA, Too small: set the buffer length as 15m
In GA, Too small: set the buffer length as 15m
In GA, Too small: set the buffer length as 15m
In GA, Too small: set the buffer length as 15m
In GA, Too small: set the buffer length as 15m
In GA, Too small: set the buffer length as 15m
In GA, Too small: set the buffer length as 15m
In GA, Too small: set the buffer length as 15m
In GA, Too small: set the buffer length as 15m
In GA, Too small: set the buffer length as 15m
In GA, Too small: set the buffer length as 15m
In GA, Too small: set the buffer length as 15m
In GA, Too small: set the buffer length as 15m
In GA, Too small: set the buffer length as 15m
In GA, Too small: set the buffer length as 15m
In GA, Too small: set the buffer length as 15m
In GA, Too small: set the buffer length as 15m
In GA, Too small: set the buffer length as 15m
In GA, Too small: set the buffer length as 15m
In GA, Too small: set the buffer length as 15m
In GA, Too small: set the buffer length as 15m
In GA, Too small: set the buffer length as 15m
In GA, Too small: set the buffer length as 15m
In GA, Too small: set the buffer length as 15m
In GA, Too small: set the buffer length as 15m
In GA, Too small: set the buffer length as 15m
In GA, Too small: set the buffer length as 15m
In GA, Too small: set the buffer length as 15m
In GA, Too small: set the buffer length as 15m
In GA, Too small: set the buffer length as 15m
In GA, Too small: set the buffer length as 15m
In GA, Too small: set the buffer length as 15m
In GA, Too small: set the buffer length as 15m
In GA, Too small: set the buffer length as 15m
In GA, Too small: set the buffer length as 15m
In GA, Too small: set the buffer length as 15m
In GA, Too small: set the buffer length as 15m
In GA, Too small: set the buffer length as 15m
In GA, Too small: set the buffer length as 15m
In GA, Too small: set the buffer length as 15m
In GA, Too small: set the buffer length as 15m
In GA, Too small: set the buffer length as 15m
In GA, Too small: set the buffer length as 15m
In GA, Too small: set the buffer length as 15m
In GA, Too small: set the buffer length as 15m
In GA, Too small: set the buffer length as 15m
In GA, Too small: set the buffer length as 15m
In GA, Too small: set the buffer length as 15m
In GA, Too small: set the buffer length as 15m
In GA, Too small: set the buffer length as 15m
In GA, Too small: set the buffer length as 15m
In GA, Too small: set the buffer length as 15m
In GA, Too small: set the buffer length as 15m
In GA, Too small: set the buffer length as 15m
In GA, Too small: set the buffer length as 15m
In GA, Too small: set the buffer length as 15m
In GA, Too small: set the buffer length as 15m
In GA, Too small: set the buffer length as 15m
In GA, Too small: set the buffer length as 15m
In GA, Too small: set the buffer length as 15m
In GA, Too small: set the buffer length as 15m
In GA, Too small: set the buffer length as 15m
In GA, Too small: set the buffer length as 15m
In GA, Too small: set the buffer length as 15m
In GA, Too small: set the buffer length as 15m
In GA, Too small: set the buffer length as 15m
In GA, Too small: set the buffer length as 15m
In GA, Too small: set the buffer length as 15m
In GA, Too small: set the buffer length as 15m
In GA, Too small: set the buffer length as 15m
In GA, Too small: set the buffer length as 15m
In GA, Too small: set the buffer length as 15m
In GA, Too small: set the buffer length as 15m
In GA, Too small: set the buffer length as 15m
In GA, Too small: set the buffer length as 15m
In GA, Too small: set the buffer length as 15m
In GA, Too small: set the buffer length as 15m
In GA, Too small: set the buffer length as 15m
In GA, Too small: set the buffer length as 15m
In GA, Too small: set the buffer length as 15m
In GA, Too small: set the buffer length as 15m
In GA, Too small: set the buffer length as 15m
In GA, Too small: set the buffer length as 15m
In GA, Too small: set the buffer length as 15m
In GA, Too small: set the buffer length as 15m
In GA, Too small: set the buffer length as 15m
In GA, Too small: set the buffer length as 15m
In GA, Too small: set the buffer length as 15m
In GA, Too small: set the buffer length as 15m
In GA, Too small: set the buffer length as 15m
In GA, Too small: set the buffer length as 15m
In GA, Too small: set the buffer length as 15m
In GA, Too small: set the buffer length as 15m
In GA, Too small: set the buffer length as 15m
In GA, Too small: set the buffer length as 15m
In GA, Too small: set the buffer length as 15m
In GA, Too small: set the buffer length as 15m
In GA, Too small: set the buffer length as 15m
In GA, Too small: set the buffer length as 15m
In GA, Too small: set the buffer length as 15m
In GA, Too small: set the buffer length as 15m
In GA, Too small: set the buffer length as 15m
In GA, Too small: set the buffer length as 15m
In GA, Too small: set the buffer length as 15m
In GA, Too small: set the buffer length as 15m
In GA, Too small: set the buffer length as 15m
In GA, Too small: set the buffer length as 15m
In GA, Too small: set the buffer length as 15m
In GA, Too small: set the buffer length as 15m
In GA, Too small: set the buffer length as 15m
In GA, Too small: set the buffer length as 15m
In GA, Too small: set the buffer length as 15m
In GA, Too small: set the buffer length as 15m
In GA, Too small: set the buffer length as 15m
In GA, Too small: set the buffer length as 15m
In GA, Too small: set the buffer length as 15m
In GA, Too small: set the buffer length as 15m
In GA, Too small: set the buffer length as 15m
In GA, Too small: set the buffer length as 15m
In GA, Too small: set the buffer length as 15m
In GA, Too small: set the buffer length as 15m
In GA, Too small: set the buffer length as 15m
In GA, Too small: set the buffer length as 15m
In GA, Too small: set the buffer length as 15m
In GA, Too small: set the buffer length as 15m
In GA, Too small: set the buffer length as 15m
In GA, Too small: set the buffer length as 15m
In GA, Too small: set the buffer length as 15m
In GA, Too small: set the buffer length as 15m
In GA, Too small: set the buffer length as 15m
In GA, Too small: set the buffer length as 15m
In GA, Too small: set the buffer length as 15m
In GA, Too small: set the buffer length as 15m
In GA, Too small: set the buffer length as 15m
In GA, Too small: set the buffer length as 15m
In GA, Too small: set the buffer length as 15m
In GA, Too small: set the buffer length as 15m
In GA, Too small: set the buffer length as 15m
In GA, Too small: set the buffer length as 15m
In GA, Too small: set the buffer length as 15m
In GA, Too small: set the buffer length as 15m
In GA, Too small: set the buffer length as 15m
In GA, Too small: set the buffer length as 15m
In GA, Too small: set the buffer length as 15m
In GA, Too small: set the buffer length as 15m
In GA, Too small: set the buffer length as 15m
In GA, Too small: set the buffer length as 15m
In GA, Too small: set the buffer length as 15m
In GA, Too small: set the buffer length as 15m
In GA, Too small: set the buffer length as 15m
In GA, Too small: set the buffer length as 15m
In GA, Too small: set the buffer length as 15m
In GA, Too small: set the buffer length as 15m
In GA, Too small: set the buffer length as 15m
In GA, Too small: set the buffer length as 15m
In GA, Too small: set the buffer length as 15m
In GA, Too small: set the buffer length as 15m
In GA, Too small: set the buffer length as 15m
In GA, Too small: set the buffer length as 15m
In GA, Too small: set the buffer length as 15m
In GA, Too small: set the buffer length as 15m
In GA, Too small: set the buffer length as 15m
In GA, Too small: set the buffer length as 15m
In GA, Too small: set the buffer length as 15m
In GA, Too small: set the buffer length as 15m
In GA, Too small: set the buffer length as 15m
In GA, Too small: set the buffer length as 15m
In GA, Too small: set the buffer length as 15m
In GA, Too small: set the buffer length as 15m
In GA, Too small: set the buffer length as 15m
In GA, Too small: set the buffer length as 15m
In GA, Too small: set the buffer length as 15m
In GA, Too small: set the buffer length as 15m
In GA, Too small: set the buffer length as 15m
In GA, Too small: set the buffer length as 15m
In GA, Too small: set the buffer length as 15m
In GA, Too small: set the buffer length as 15m
In GA, Too small: set the buffer length as 15m
In GA, Too small: set the buffer length as 15m
In GA, Too small: set the buffer length as 15m
In GA, Too small: set the buffer length as 15m
In GA, Too small: set the buffer length as 15m
In GA, Too small: set the buffer length as 15m
In GA, Too small: set the buffer length as 15m
In GA, Too small: set the buffer length as 15m
In GA, Too small: set the buffer length as 15m
In GA, Too small: set the buffer length as 15m
In GA, Too small: set the buffer length as 15m
In GA, Too small: set the buffer length as 15m
In GA, Too small: set the buffer length as 15m
In GA, Too small: set the buffer length as 15m
In GA, Too small: set the buffer length as 15m
In GA, Too small: set the buffer length as 15m
In GA, Too small: set the buffer length as 15m
In GA, Too small: set the buffer length as 15m
In GA, Too small: set the buffer length as 15m
In GA, Too small: set the buffer length as 15m
In GA, Too small: set the buffer length as 15m
In GA, Too small: set the buffer length as 15m
In GA, Too small: set the buffer length as 15m
In GA, Too small: set the buffer length as 15m
In GA, Too small: set the buffer length as 15m
In GA, Too small: set the buffer length as 15m
In GA, Too small: set the buffer length as 15m
In GA, Too small: set the buffer length as 15m
In GA, Too small: set the buffer length as 15m
In GA, Too small: set the buffer length as 15m
In GA, Too small: set the buffer length as 15m
In GA, Too small: set the buffer length as 15m
In GA, Too small: set the buffer length as 15m
In GA, Too small: set the buffer length as 15m
In GA, Too small: set the buffer length as 15m
In GA, Too small: set the buffer length as 15m
In GA, Too small: set the buffer length as 15m
In GA, Too small: set the buffer length as 15m
In GA, Too small: set the buffer length as 15m
In GA, Too small: set the buffer length as 15m
In GA, Too small: set the buffer length as 15m
In GA, Too small: set the buffer length as 15m
In GA, Too small: set the buffer length as 15m
In GA, Too small: set the buffer length as 15m
In GA, Too small: set the buffer length as 15m
In GA, Too small: set the buffer length as 15m
In GA, Too small: set the buffer length as 15m
In GA, Too small: set the buffer length as 15m
In GA, Too small: set the buffer length as 15m
In GA, Too small: set the buffer length as 15m
In GA, Too small: set the buffer length as 15m
In GA, Too small: set the buffer length as 15m
In GA, Too small: set the buffer length as 15m
In GA, Too small: set the buffer length as 15m
In GA, Too small: set the buffer length as 15m
In GA, Too small: set the buffer length as 15m
In GA, Too small: set the buffer length as 15m
In GA, Too small: set the buffer length as 15m
In GA, Too small: set the buffer length as 15m
In GA, Too small: set the buffer length as 15m
In GA, Too small: set the buffer length as 15m
In GA, Too small: set the buffer length as 15m
In GA, Too small: set the buffer length as 15m
In GA, Too small: set the buffer length as 15m
In GA, Too small: set the buffer length as 15m
In GA, Too small: set the buffer length as 15m
In GA, Too small: set the buffer length as 15m
In GA, Too small: set the buffer length as 15m
In GA, Too small: set the buffer length as 15m
In GA, Too small: set the buffer length as 15m
In GA, Too small: set the buffer length as 15m
In GA, Too small: set the buffer length as 15m
In GA, Too small: set the buffer length as 15m
In GA, Too small: set the buffer length as 15m
In GA, Too small: set the buffer length as 15m
In GA, Too small: set the buffer length as 15m
In GA, Too small: set the buffer length as 15m
In GA, Too small: set the buffer length as 15m
In GA, Too small: set the buffer length as 15m
In GA, Too small: set the buffer length as 15m
In GA, Too small: set the buffer length as 15m
In GA, Too small: set the buffer length as 15m
In GA, Too small: set the buffer length as 15m
In GA, Too small: set the buffer length as 15m
In GA, Too small: set the buffer length as 15m
In GA, Too small: set the buffer length as 15m
In GA, Too small: set the buffer length as 15m
In GA, Too small: set the buffer length as 15m
In GA, Too small: set the buffer length as 15m
In GA, Too small: set the buffer length as 15m
In GA, Too small: set the buffer length as 15m
In GA, Too small: set the buffer length as 15m
In GA, Too small: set the buffer length as 15m
In GA, Too small: set the buffer length as 15m
In GA, Too small: set the buffer length as 15m
In GA, Too small: set the buffer length as 15m
In GA, Too small: set the buffer length as 15m
In GA, Too small: set the buffer length as 15m
In GA, Too small: set the buffer length as 15m
In GA, Too small: set the buffer length as 15m
In GA, Too small: set the buffer length as 15m
In GA, Too small: set the buffer length as 15m
In GA, Too small: set the buffer length as 15m
In GA, Too small: set the buffer length as 15m
In GA, Too small: set the buffer length as 15m
In GA, Too small: set the buffer length as 15m
In GA, Too small: set the buffer length as 15m
In GA, Too small: set the buffer length as 15m
In GA, Too small: set the buffer length as 15m
In GA, Too small: set the buffer length as 15m
In GA, Too small: set the buffer length as 15m
In GA, Too small: set the buffer length as 15m
In GA, Too small: set the buffer length as 15m
In GA, Too small: set the buffer length as 15m
In GA, Too small: set the buffer length as 15m
In GA, Too small: set the buffer length as 15m
In GA, Too small: set the buffer length as 15m
In GA, Too small: set the buffer length as 15m
In GA, Too small: set the buffer length as 15m
In GA, Too small: set the buffer length as 15m
In GA, Too small: set the buffer length as 15m
In GA, Too small: set the buffer length as 15m
In GA, Too small: set the buffer length as 15m
In GA, Too small: set the buffer length as 15m
In GA, Too small: set the buffer length as 15m
In GA, Too small: set the buffer length as 15m
In GA, Too small: set the buffer length as 15m
In GA, Too small: set the buffer length as 15m
In GA, Too small: set the buffer length as 15m
In GA, Too small: set the buffer length as 15m
In GA, Too small: set the buffer length as 15m
In GA, Too small: set the buffer length as 15m
In GA, Too small: set the buffer length as 15m
In GA, Too small: set the buffer length as 15m
In GA, Too small: set the buffer length as 15m
In GA, Too small: set the buffer length as 15m
In GA, Too small: set the buffer length as 15m
In GA, Too small: set the buffer length as 15m
In GA, Too small: set the buffer length as 15m
In GA, Too small: set the buffer length as 15m
In GA, Too small: set the buffer length as 15m
In GA, Too small: set the buffer length as 15m
In GA, Too small: set the buffer length as 15m
In GA, Too small: set the buffer length as 15m
In GA, Too small: set the buffer length as 15m
In GA, Too small: set the buffer length as 15m
In GA, Too small: set the buffer length as 15m
In GA, Too small: set the buffer length as 15m
In GA, Too small: set the buffer length as 15m
In GA, Too small: set the buffer length as 15m
In GA, Too small: set the buffer length as 15m
In GA, Too small: set the buffer length as 15m
In GA, Too small: set the buffer length as 15m
In GA, Too small: set the buffer length as 15m
In GA, Too small: set the buffer length as 15m
In GA, Too small: set the buffer length as 15m
In GA, Too small: set the buffer length as 15m
In GA, Too small: set the buffer length as 15m
In GA, Too small: set the buffer length as 15m
In GA, Too small: set the buffer length as 15m
In GA, Too small: set the buffer length as 15m
In GA, Too small: set the buffer length as 15m
In GA, Too small: set the buffer length as 15m
In GA, Too small: set the buffer length as 15m
In GA, Too small: set the buffer length as 15m
In GA, Too small: set the buffer length as 15m
In GA, Too small: set the buffer length as 15m
In GA, Too small: set the buffer length as 15m
In GA, Too small: set the buffer length as 15m
In GA, Too small: set the buffer length as 15m
In GA, Too small: set the buffer length as 15m
In GA, Too small: set the buffer length as 15m
In GA, Too small: set the buffer length as 15m
In GA, Too small: set the buffer length as 15m
In GA, Too small: set the buffer length as 15m
In GA, Too small: set the buffer length as 15m
In GA, Too small: set the buffer length as 15m
In GA, Too small: set the buffer length as 15m
In GA, Too small: set the buffer length as 15m
In GA, Too small: set the buffer length as 15m
In GA, Too small: set the buffer length as 15m
In GA, Too small: set the buffer length as 15m
In GA, Too small: set the buffer length as 15m
In GA, Too small: set the buffer length as 15m
In GA, Too small: set the buffer length as 15m
In GA, Too small: set the buffer length as 15m
In GA, Too small: set the buffer length as 15m
In GA, Too small: set the buffer length as 15m
In GA, Too small: set the buffer length as 15m
In GA, Too small: set the buffer length as 15m
In GA, Too small: set the buffer length as 15m
In GA, Too small: set the buffer length as 15m
In GA, Too small: set the buffer length as 15m
In GA, Too small: set the buffer length as 15m
In GA, Too small: set the buffer length as 15m
In GA, Too small: set the buffer length as 15m
In GA, Too small: set the buffer length as 15m
In GA, Too small: set the buffer length as 15m
In GA, Too small: set the buffer length as 15m
In GA, Too small: set the buffer length as 15m
In GA, Too small: set the buffer length as 15m
In GA, Too small: set the buffer length as 15m
In GA, Too small: set the buffer length as 15m
In GA, Too small: set the buffer length as 15m
In GA, Too small: set the buffer length as 15m
In GA, Too small: set the buffer length as 15m
In GA, Too small: set the buffer length as 15m
In GA, Too small: set the buffer length as 15m
In GA, Too small: set the buffer length as 15m
In GA, Too small: set the buffer length as 15m
In GA, Too small: set the buffer length as 15m
In GA, Too small: set the buffer length as 15m
In GA, Too small: set the buffer length as 15m
In GA, Too small: set the buffer length as 15m
In GA, Too small: set the buffer length as 15m
In GA, Too small: set the buffer length as 15m
In GA, Too small: set the buffer length as 15m
In GA, Too small: set the buffer length as 15m
In GA, Too small: set the buffer length as 15m
In GA, Too small: set the buffer length as 15m
In GA, Too small: set the buffer length as 15m
In GA, Too small: set the buffer length as 15m
In GA, Too small: set the buffer length as 15m
In GA, Too small: set the buffer length as 15m
In GA, Too small: set the buffer length as 15m
In GA, Too small: set the buffer length as 15m
In GA, Too small: set the buffer length as 15m
In GA, Too small: set the buffer length as 15m
In GA, Too small: set the buffer length as 15m
In GA, Too small: set the buffer length as 15m
In GA, Too small: set the buffer length as 15m
In GA, Too small: set the buffer length as 15m
In GA, Too small: set the buffer length as 15m
In GA, Too small: set the buffer length as 15m
In GA, Too small: set the buffer length as 15m
In GA, Too small: set the buffer length as 15m
In GA, Too small: set the buffer length as 15m
In GA, Too small: set the buffer length as 15m
In GA, Too small: set the buffer length as 15m
In GA, Too small: set the buffer length as 15m
In GA, Too small: set the buffer length as 15m
In GA, Too small: set the buffer length as 15m
In GA, Too small: set the buffer length as 15m
In GA, Too small: set the buffer length as 15m
In GA, Too small: set the buffer length as 15m
In GA, Too small: set the buffer length as 15m
In GA, Too small: set the buffer length as 15m
In GA, Too small: set the buffer length as 15m
In GA, Too small: set the buffer length as 15m
In GA, Too small: set the buffer length as 15m
In GA, Too small: set the buffer length as 15m
In GA, Too small: set the buffer length as 15m
In GA, Too small: set the buffer length as 15m
In GA, Too small: set the buffer length as 15m
In GA, Too small: set the buffer length as 15m
In GA, Too small: set the buffer length as 15m
In GA, Too small: set the buffer length as 15m
In GA, Too small: set the buffer length as 15m
In GA, Too small: set the buffer length as 15m
In GA, Too small: set the buffer length as 15m
In GA, Too small: set the buffer length as 15m
In GA, Too small: set the buffer length as 15m
In GA, Too small: set the buffer length as 15m
In GA, Too small: set the buffer length as 15m
In GA, Too small: set the buffer length as 15m
In GA, Too small: set the buffer length as 15m
In GA, Too small: set the buffer length as 15m
In GA, Too small: set the buffer length as 15m
In GA, Too small: set the buffer length as 15m
In GA, Too small: set the buffer length as 15m
In GA, Too small: set the buffer length as 15m
In GA, Too small: set the buffer length as 15m
In GA, Too small: set the buffer length as 15m
In GA, Too small: set the buffer length as 15m
In GA, Too small: set the buffer length as 15m
In GA, Too small: set the buffer length as 15m
In GA, Too small: set the buffer length as 15m
In GA, Too small: set the buffer length as 15m
In GA, Too small: set the buffer length as 15m
In GA, Too small: set the buffer length as 15m
In GA, Too small: set the buffer length as 15m
In GA, Too small: set the buffer length as 15m
In GA, Too small: set the buffer length as 15m
In GA, Too small: set the buffer length as 15m
In GA, Too small: set the buffer length as 15m
In GA, Too small: set the buffer length as 15m
In GA, Too small: set the buffer length as 15m
In GA, Too small: set the buffer length as 15m
In GA, Too small: set the buffer length as 15m
In GA, Too small: set the buffer length as 15m
In GA, Too small: set the buffer length as 15m
In GA, Too small: set the buffer length as 15m
In GA, Too small: set the buffer length as 15m
In GA, Too small: set the buffer length as 15m
In GA, Too small: set the buffer length as 15m
In GA, Too small: set the buffer length as 15m
In GA, Too small: set the buffer length as 15m
In GA, Too small: set the buffer length as 15m
In GA, Too small: set the buffer length as 15m
In GA, Too small: set the buffer length as 15m
In GA, Too small: set the buffer length as 15m
In GA, Too small: set the buffer length as 15m
In GA, Too small: set the buffer length as 15m
In GA, Too small: set the buffer length as 15m
In GA, Too small: set the buffer length as 15m
In GA, Too small: set the buffer length as 15m
In GA, Too small: set the buffer length as 15m
In GA, Too small: set the buffer length as 15m
In GA, Too small: set the buffer length as 15m
In GA, Too small: set the buffer length as 15m
In GA, Too small: set the buffer length as 15m
In GA, Too small: set the buffer length as 15m
In GA, Too small: set the buffer length as 15m
In GA, Too small: set the buffer length as 15m
In GA, Too small: set the buffer length as 15m
In GA, Too small: set the buffer length as 15m
In GA, Too small: set the buffer length as 15m
In GA, Too small: set the buffer length as 15m
In GA, Too small: set the buffer length as 15m
In GA, Too small: set the buffer length as 15m
In GA, Too small: set the buffer length as 15m
In GA, Too small: set the buffer length as 15m
In GA, Too small: set the buffer length as 15m
In GA, Too small: set the buffer length as 15m
In GA, Too small: set the buffer length as 15m
In GA, Too small: set the buffer length as 15m
In GA, Too small: set the buffer length as 15m
In GA, Too small: set the buffer length as 15m
In GA, Too small: set the buffer length as 15m
In GA, Too small: set the buffer length as 15m
In GA, Too small: set the buffer length as 15m
In GA, Too small: set the buffer length as 15m
In GA, Too small: set the buffer length as 15m
In GA, Too small: set the buffer length as 15m
In GA, Too small: set the buffer length as 15m
In GA, Too small: set the buffer length as 15m
In GA, Too small: set the buffer length as 15m
In GA, Too small: set the buffer length as 15m
In GA, Too small: set the buffer length as 15m
In GA, Too small: set the buffer length as 15m
In GA, Too small: set the buffer length as 15m
In GA, Too small: set the buffer length as 15m
In GA, Too small: set the buffer length as 15m
In GA, Too small: set the buffer length as 15m
In GA, Too small: set the buffer length as 15m
In GA, Too small: set the buffer length as 15m
In GA, Too small: set the buffer length as 15m
In GA, Too small: set the buffer length as 15m
In GA, Too small: set the buffer length as 15m
In GA, Too small: set the buffer length as 15m
In GA, Too small: set the buffer length as 15m
In GA, Too small: set the buffer length as 15m
In GA, Too small: set the buffer length as 15m
In GA, Too small: set the buffer length as 15m
In GA, Too small: set the buffer length as 15m
In GA, Too small: set the buffer length as 15m
In GA, Too small: set the buffer length as 15m
In GA, Too small: set the buffer length as 15m
In GA, Too small: set the buffer length as 15m
In GA, Too small: set the buffer length as 15m
In GA, Too small: set the buffer length as 15m
In GA, Too small: set the buffer length as 15m
In GA, Too small: set the buffer length as 15m
In GA, Too small: set the buffer length as 15m
In GA, Too small: set the buffer length as 15m
In GA, Too small: set the buffer length as 15m
In GA, Too small: set the buffer length as 15m
In GA, Too small: set the buffer length as 15m
In GA, Too small: set the buffer length as 15m
In GA, Too small: set the buffer length as 15m
In GA, Too small: set the buffer length as 15m
In GA, Too small: set the buffer length as 15m
In GA, Too small: set the buffer length as 15m
In GA, Too small: set the buffer length as 15m
In GA, Too small: set the buffer length as 15m
In GA, Too small: set the buffer length as 15m
In GA, Too small: set the buffer length as 15m
In GA, Too small: set the buffer length as 15m
In GA, Too small: set the buffer length as 15m
In GA, Too small: set the buffer length as 15m
In GA, Too small: set the buffer length as 15m
In GA, Too small: set the buffer length as 15m
In GA, Too small: set the buffer length as 15m
In GA, Too small: set the buffer length as 15m
In GA, Too small: set the buffer length as 15m
In GA, Too small: set the buffer length as 15m
In GA, Too small: set the buffer length as 15m
In GA, Too small: set the buffer length as 15m
In GA, Too small: set the buffer length as 15m
In GA, Too small: set the buffer length as 15m
In GA, Too small: set the buffer length as 15m
In GA, Too small: set the buffer length as 15m
In GA, Too small: set the buffer length as 15m
In GA, Too small: set the buffer length as 15m
In GA, Too small: set the buffer length as 15m
In GA, Too small: set the buffer length as 15m
In GA, Too small: set the buffer length as 15m
In GA, Too small: set the buffer length as 15m
In GA, Too small: set the buffer length as 15m
In GA, Too small: set the buffer length as 15m
In GA, Too small: set the buffer length as 15m
In GA, Too small: set the buffer length as 15m
In GA, Too small: set the buffer length as 15m
In GA, Too small: set the buffer length as 15m
In GA, Too small: set the buffer length as 15m
In GA, Too small: set the buffer length as 15m
In GA, Too small: set the buffer length as 15m
In GA, Too small: set the buffer length as 15m
In GA, Too small: set the buffer length as 15m
In GA, Too small: set the buffer length as 15m
In GA, Too small: set the buffer length as 15m
In GA, Too small: set the buffer length as 15m
In GA, Too small: set the buffer length as 15m
In GA, Too small: set the buffer length as 15m
In GA, Too small: set the buffer length as 15m
In GA, Too small: set the buffer length as 15m
In GA, Too small: set the buffer length as 15m
In GA, Too small: set the buffer length as 15m
In GA, Too small: set the buffer length as 15m
In GA, Too small: set the buffer length as 15m
In GA, Too small: set the buffer length as 15m
In GA, Too small: set the buffer length as 15m
In GA, Too small: set the buffer length as 15m
In GA, Too small: set the buffer length as 15m
In GA, Too small: set the buffer length as 15m
In GA, Too small: set the buffer length as 15m
In GA, Too small: set the buffer length as 15m
In GA, Too small: set the buffer length as 15m
In GA, Too small: set the buffer length as 15m
In GA, Too small: set the buffer length as 15m
In GA, Too small: set the buffer length as 15m
In GA, Too small: set the buffer length as 15m
In GA, Too small: set the buffer length as 15m
In GA, Too small: set the buffer length as 15m
In GA, Too small: set the buffer length as 15m
In GA, Too small: set the buffer length as 15m
In GA, Too small: set the buffer length as 15m
In GA, Too small: set the buffer length as 15m
In GA, Too small: set the buffer length as 15m
In GA, Too small: set the buffer length as 15m
In GA, Too small: set the buffer length as 15m
In GA, Too small: set the buffer length as 15m
In GA, Too small: set the buffer length as 15m
In GA, Too small: set the buffer length as 15m
In GA, Too small: set the buffer length as 15m
In GA, Too small: set the buffer length as 15m
In GA, Too small: set the buffer length as 15m
In GA, Too small: set the buffer length as 15m
In GA, Too small: set the buffer length as 15m
In GA, Too small: set the buffer length as 15m
In GA, Too small: set the buffer length as 15m
In GA, Too small: set the buffer length as 15m
In GA, Too small: set the buffer length as 15m
In GA, Too small: set the buffer length as 15m
In GA, Too small: set the buffer length as 15m
In GA, Too small: set the buffer length as 15m
In GA, Too small: set the buffer length as 15m
In GA, Too small: set the buffer length as 15m
In GA, Too small: set the buffer length as 15m
In GA, Too small: set the buffer length as 15m
In GA, Too small: set the buffer length as 15m
In GA, Too small: set the buffer length as 15m
In GA, Too small: set the buffer length as 15m
In GA, Too small: set the buffer length as 15m
In GA, Too small: set the buffer length as 15m
In GA, Too small: set the buffer length as 15m
In GA, Too small: set the buffer length as 15m
In GA, Too small: set the buffer length as 15m
In GA, Too small: set the buffer length as 15m
In GA, Too small: set the buffer length as 15m
In GA, Too small: set the buffer length as 15m
In GA, Too small: set the buffer length as 15m
In GA, Too small: set the buffer length as 15m
In GA, Too small: set the buffer length as 15m
In GA, Too small: set the buffer length as 15m
In GA, Too small: set the buffer length as 15m
In GA, Too small: set the buffer length as 15m
In GA, Too small: set the buffer length as 15m
In GA, Too small: set the buffer length as 15m
In GA, Too small: set the buffer length as 15m
In GA, Too small: set the buffer length as 15m
In GA, Too small: set the buffer length as 15m
In GA, Too small: set the buffer length as 15m
In GA, Too small: set the buffer length as 15m
In GA, Too small: set the buffer length as 15m
In GA, Too small: set the buffer length as 15m
In GA, Too small: set the buffer length as 15m
In GA, Too small: set the buffer length as 15m
In GA, Too small: set the buffer length as 15m
In GA, Too small: set the buffer length as 15m
In GA, Too small: set the buffer length as 15m
In GA, Too small: set the buffer length as 15m
In GA, Too small: set the buffer length as 15m
In GA, Too small: set the buffer length as 15m
In GA, Too small: set the buffer length as 15m
In GA, Too small: set the buffer length as 15m
In GA, Too small: set the buffer length as 15m
In GA, Too small: set the buffer length as 15m
In GA, Too small: set the buffer length as 15m
In GA, Too small: set the buffer length as 15m
In GA, Too small: set the buffer length as 15m
In GA, Too small: set the buffer length as 15m
In GA, Too small: set the buffer length as 15m
In GA, Too small: set the buffer length as 15m
In GA, Too small: set the buffer length as 15m
In GA, Too small: set the buffer length as 15m
In GA, Too small: set the buffer length as 15m
In GA, Too small: set the buffer length as 15m
In GA, Too small: set the buffer length as 15m
In GA, Too small: set the buffer length as 15m
In GA, Too small: set the buffer length as 15m
In GA, Too small: set the buffer length as 15m
In GA, Too small: set the buffer length as 15m
In GA, Too small: set the buffer length as 15m
In GA, Too small: set the buffer length as 15m
In GA, Too small: set the buffer length as 15m
In GA, Too small: set the buffer length as 15m
In GA, Too small: set the buffer length as 15m
In GA, Too small: set the buffer length as 15m
In GA, Too small: set the buffer length as 15m
In GA, Too small: set the buffer length as 15m
In GA, Too small: set the buffer length as 15m
In GA, Too small: set the buffer length as 15m
In GA, Too small: set the buffer length as 15m
In GA, Too small: set the buffer length as 15m
In GA, Too small: set the buffer length as 15m
In GA, Too small: set the buffer length as 15m
In GA, Too small: set the buffer length as 15m
In GA, Too small: set the buffer length as 15m
In GA, Too small: set the buffer length as 15m
In GA, Too small: set the buffer length as 15m
In GA, Too small: set the buffer length as 15m
In GA, Too small: set the buffer length as 15m
In GA, Too small: set the buffer length as 15m
In GA, Too small: set the buffer length as 15m
In GA, Too small: set the buffer length as 15m
In GA, Too small: set the buffer length as 15m
In GA, Too small: set the buffer length as 15m
In GA, Too small: set the buffer length as 15m
In GA, Too small: set the buffer length as 15m
In GA, Too small: set the buffer length as 15m
In GA, Too small: set the buffer length as 15m
In GA, Too small: set the buffer length as 15m
In GA, Too small: set the buffer length as 15m
In GA, Too small: set the buffer length as 15m
In GA, Too small: set the buffer length as 15m
In GA, Too small: set the buffer length as 15m
In GA, Too small: set the buffer length as 15m
In GA, Too small: set the buffer length as 15m
In GA, Too small: set the buffer length as 15m
In GA, Too small: set the buffer length as 15m
In GA, Too small: set the buffer length as 15m
In GA, Too small: set the buffer length as 15m
In GA, Too small: set the buffer length as 15m
In GA, Too small: set the buffer length as 15m
In GA, Too small: set the buffer length as 15m
In GA, Too small: set the buffer length as 15m
In GA, Too small: set the buffer length as 15m
In GA, Too small: set the buffer length as 15m
In GA, Too small: set the buffer length as 15m
In GA, Too small: set the buffer length as 15m
In GA, Too small: set the buffer length as 15m
In GA, Too small: set the buffer length as 15m
In GA, Too small: set the buffer length as 15m
In GA, Too small: set the buffer length as 15m
In GA, Too small: set the buffer length as 15m
In GA, Too small: set the buffer length as 15m
In GA, Too small: set the buffer length as 15m
In GA, Too small: set the buffer length as 15m
In GA, Too small: set the buffer length as 15m
In GA, Too small: set the buffer length as 15m
In GA, Too small: set the buffer length as 15m
File exists.
SC
#Total: 2902
In SC, Too small: set the buffer length as 15m
In SC, Too small: set the buffer length as 15m
In SC, Too small: set the buffer length as 15m
File exists.
FL
#Total: 9054
In FL, Too small: set the buffer length as 15m
In FL, Too small: set the buffer length as 15m
In FL, Too small: set the buffer length as 15m
In FL, Too small: set the buffer length as 15m
In FL, Too small: set the buffer length as 15m
In FL, Too small: set the buffer length as 15m
In FL, Too small: set the buffer length as 15m
In FL, Too small: set the buffer length as 15m
File exists.
GA
#Total: 18392
In GA, Too small: set the buffer length as 15m
In GA, Too small: set the buffer length as 15m
In GA, Too small: set the buffer length as 15m
In GA, Too small: set the buffer length as 15m
In GA, Too small: set the buffer length as 15m
In GA, Too small: set the buffer length as 15m
In GA, Too small: set the buffer length as 15m
In GA, Too small: set the buffer length as 15m
In GA, Too small: set the buffer length as 15m
In GA, Too small: set the buffer length as 15m
In GA, Too small: set the buffer length as 15m
In GA, Too small: set the buffer length as 15m
In GA, Too small: set the buffer length as 15m
In GA, Too small: set the buffer length as 15m
In GA, Too small: set the buffer length as 15m
In GA, Too small: set the buffer length as 15m
In GA, Too small: set the buffer length as 15m
In GA, Too small: set the buffer length as 15m
In GA, Too small: set the buffer length as 15m
File exists.
SC
#Total: 3747
File not found.
File not found.
File not found.
Processing for the year of 2010
Processing for the year of 2011
Processing for the year of 2012
Processing for the year of 2013
Processing for the year of 2014
Processing for the year of 2015
Processing for the year of 2016
Processing for the year of 2017
File exists.
FL
#Total: 6674
File exists.
GA
#Total: 27066
File exists.
SC
#Total: 9703
Processing for the year of 2018
File exists.
FL
#Total: 7471
File exists.
GA
#Total: 47678
File exists.
SC
#Total: 2902
Processing for the year of 2019
File exists.
FL
#Total: 9054
File exists.
GA
#Total: 18392
File exists.
SC
#Total: 3747
Processing for the year of 2020

Processing 'ptday_agburn_2017_MYR_ff10_22apr2020_v0'...

Processing 'ptday_agburn_2018_ff10_csv_08mar2021_v0'...
Processing 'ptday_fl_agburn_2018_ff10_csv_08mar2021_v0'...

Processing 'ptday_agfire_CONUS_2019ge_23dec2021_v0'...
Processing 'ptday_agfire_FL_2019ge_23dec2021_v0'...

Processing 'ptinv_agburn_2017_MYR_ff10_22apr2020_v0.csv'...

Processing 'ptinv_agburn_2018_ff10_08mar2021_v0.csv'...

Processing 'ptinv_agfire_CONUS_2019ge_23dec2021_v0.csv'...

Processing for the year of 2017

--- Florida ---
35922 fires out of Florida
#Valid fires for FL in 2017: 4670
#Total after merging: 4670
[2801500000 2801500171 2801500150 2801500160 2801500262 2801500141
 2801500250 2801500220 2801500152]
Saved FL_2017_NEI_ag.csv

--- Alabama ---
39830 fires out of Alabama
#Valid fires for AL in 2017: 762
#Total after merging: 762
[2801500000 2801500264 2801500171 2801500262 2801500160 2801500141
 2801500150 2801500151 2801500263]
Saved AL_2017_NEI_ag.csv

--- Mississippi ---
39701 fires out of Mississippi
#Valid fires for MS in 2017: 891
#Total after merging: 891
[2801500150 2801500141 2801500000 2801500171 2801500262 2801500220
 2801500160 2801500264]
Saved MS_2017_NEI_ag.csv

--- Georgia ---
36634 fires out of Georgia
#Valid fires for GA in 2017: 3958
#Total after merging: 3958
[2801500000 2801500160 2801500150 2801500263 2801500141 2801500171
 2801500262 2801500264 2801500151]
Saved GA_2017_NEI_ag.csv

--- Tennessee ---
40200 fires out of Tennessee
#Valid fires for TN in 2017: 392
#Total after merging: 392
[2801500150 2801500000 2801500160 2801500141 2801500171 2801500264
 2801500262]
Saved TN_2017_NEI_ag.csv

--- South Carolina ---
39903 fires out of South Carolina
#Valid fires for SC in 2017: 689
#Total after merging: 689
[2801500160 2801500000 2801500150 2801500171 2801500141 2801500264]
Saved SC_2017_NEI_ag.csv

--- North Carolina ---
39738 fires out of North Carolina
#Valid fires for NC in 2017: 854
#Total after merging: 854
[2801500000 2801500141 2801500171 2801500264 2801500150 2801500160
 2801500262 2801500151]
Saved NC_2017_NEI_ag.csv

Processing for the year of 2018

--- Florida ---
42286 fires out of Florida
#Valid fires for FL in 2018: 15019
#Total after merging: 15019
[2801500170 2801500250 2801500000]
Saved FL_2018_NEI_ag.csv

--- Alabama ---
56440 fires out of Alabama
#Valid fires for AL in 2018: 865
#Total after merging: 865
[2801500000 2801500160 2801500150 2801500171 2801500262 2801500141
 2801500264]
Saved AL_2018_NEI_ag.csv

--- Mississippi ---
56274 fires out of Mississippi
#Valid fires for MS in 2018: 1031
#Total after merging: 1031
[2801500262 2801500141 2801500160 2801500150 2801500000 2801500264
 2801500220 2801500171]
Saved MS_2018_NEI_ag.csv

--- Georgia ---
51228 fires out of Georgia
#Valid fires for GA in 2018: 6077
#Total after merging: 6077
[2801500000 2801500160 2801500170 2801500150 2801500141 2801500250
 2801500171 2801500262 2801500264 2801500263 2801500220 2801500152]
Saved GA_2018_NEI_ag.csv

--- Tennessee ---
56896 fires out of Tennessee
#Valid fires for TN in 2018: 409
#Total after merging: 409
[2801500000 2801500141 2801500150 2801500160 2801500264 2801500171]
Saved TN_2018_NEI_ag.csv

--- South Carolina ---
56438 fires out of South Carolina
#Valid fires for SC in 2018: 867
#Total after merging: 867
[2801500000 2801500160 2801500150 2801500141 2801500171 2801500264
 2801500262 2801500263]
Saved SC_2018_NEI_ag.csv

--- North Carolina ---
55758 fires out of North Carolina
#Valid fires for NC in 2018: 1547
#Total after merging: 1547
[2801500000 2801500150 2801500141 2801500264 2801500160 2801500171
 2801500262 2801500151]
Saved NC_2018_NEI_ag.csv

Processing for the year of 2019

--- Florida ---
88268 fires out of Florida
#Valid fires for FL in 2019: 13173
#Total after merging: 13173
[2801500170 2801500250 2801500000]
Saved FL_2019_NEI_ag.csv

--- Alabama ---
99399 fires out of Alabama
#Valid fires for AL in 2019: 2042
#Total after merging: 2042
[2801500160 2801500150 2801500000 2801500141 2801500262 2801500264
 2801500170]
Saved AL_2019_NEI_ag.csv

--- Mississippi ---
97552 fires out of Mississippi
#Valid fires for MS in 2019: 3889
#Total after merging: 3889
[2801500141 2801500160 2801500150 2801500000 2801500220 2801500262
 2801500170 2801500264]
Saved MS_2019_NEI_ag.csv

--- Georgia ---
92827 fires out of Georgia
#Valid fires for GA in 2019: 8614
#Total after merging: 8614
[2801500160 2801500150 2801500000 2801500141 2801500170 2801500262
 2801500264]
Saved GA_2019_NEI_ag.csv

--- Tennessee ---
100257 fires out of Tennessee
#Valid fires for TN in 2019: 1184
#Total after merging: 1184
[2801500141 2801500150 2801500000 2801500264 2801500160 2801500262]
Saved TN_2019_NEI_ag.csv

--- South Carolina ---
99842 fires out of South Carolina
#Valid fires for SC in 2019: 1599
#Total after merging: 1599
[2801500262 2801500000 2801500141 2801500150 2801500160 2801500170
 2801500264]
Saved SC_2019_NEI_ag.csv

--- North Carolina ---
98562 fires out of North Carolina
#Valid fires for NC in 2019: 2879
#Total after merging: 2879
[2801500150 2801500141 2801500170 2801500262 2801500000 2801500264
 2801500160]
Saved NC_2019_NEI_ag.csv
Saved SE_Combined_NEI_ag_3states_2017.csv
Saved SE_Combined_NEI_ag_3states_2018.csv
Saved SE_Combined_NEI_ag_3states_2019.csv

